queue_rank,review_priority,signal_score,signal_group,signal_tags,focus_area,rank,project_name,board_label,item_date,days_old,title,why_it_matters,recommended_action,detail_url,board_url
1,P0,137,비용·분담금; 기반시설; 시공·용역,cost_pressure; infrastructure; execution_procurement,강남,2,압구정아파트지구 특별계획구역② 재건축정비사업조합,조합입찰공고,2026-06-15,8,"정비기반시설 설치공사비 산출, 국공유지무상양도협의 및 임대주택 매각금액 산정 용역업체 선정 입찰공고","조합원 부담, 사업성, 지연 리스크를 직접 흔드는 신호; 공공기여, 설계 난이도, 인허가 일정, 장기 입지 개선을 동시에 보여주는 신호; 사업이 실무 집행 단계로 움직이는 신호이며 비용 변동과 연결됨","사업별 메모의 공사비·분담금 리스크와 관리처분/사업시행 수치 대조; 교통입지 컨텍스트와 공공기여/기반시설 원문 수치를 함께 확인; 입찰 목적, 마감일, 반복 공고 여부를 보고 일정·비용 리스크를 기록",https://cleanup.seoul.go.kr/assc/bidpblanc/vscr.do?cafeId=680900000762A92&cpage=1&searchCode=&searchValue=&signguCd=&othbcListSn=1044561,https://cleanup.seoul.go.kr/assc/bidpblanc/lscr.do?cafeId=680900000762A92
2,P0,125,기반시설; 시공·용역; 설계·심의,infrastructure; execution_procurement; design_review,강남,2,압구정아파트지구 특별계획구역② 재건축정비사업조합,조합입찰공고,2026-06-15,8,공공디자인 심의 용역업체 선정 입찰공고,"공공기여, 설계 난이도, 인허가 일정, 장기 입지 개선을 동시에 보여주는 신호; 사업이 실무 집행 단계로 움직이는 신호이며 비용 변동과 연결됨; 계획 변경, 심의 보완, 인허가 지연 가능성을 보여주는 신호","교통입지 컨텍스트와 공공기여/기반시설 원문 수치를 함께 확인; 입찰 목적, 마감일, 반복 공고 여부를 보고 일정·비용 리스크를 기록; 고시 원문 및 심의/결재문서 검색 키워드에 추가",https://cleanup.seoul.go.kr/assc/bidpblanc/vscr.do?cafeId=680900000762A92&cpage=1&searchCode=&searchValue=&signguCd=&othbcListSn=1044554,https://cleanup.seoul.go.kr/assc/bidpblanc/lscr.do?cafeId=680900000762A92
3,P0,125,기반시설; 시공·용역; 설계·심의,infrastructure; execution_procurement; design_review,강남,2,압구정아파트지구 특별계획구역② 재건축정비사업조합,조합입찰공고,2026-06-15,8,지하차도(소로1-A) 설계 용역업체 선정 입찰공고,"공공기여, 설계 난이도, 인허가 일정, 장기 입지 개선을 동시에 보여주는 신호; 사업이 실무 집행 단계로 움직이는 신호이며 비용 변동과 연결됨; 계획 변경, 심의 보완, 인허가 지연 가능성을 보여주는 신호","교통입지 컨텍스트와 공공기여/기반시설 원문 수치를 함께 확인; 입찰 목적, 마감일, 반복 공고 여부를 보고 일정·비용 리스크를 기록; 고시 원문 및 심의/결재문서 검색 키워드에 추가",https://cleanup.seoul.go.kr/assc/bidpblanc/vscr.do?cafeId=680900000762A92&cpage=1&searchCode=&searchValue=&signguCd=&othbcListSn=1044547,https://cleanup.seoul.go.kr/assc/bidpblanc/lscr.do?cafeId=680900000762A92
4,P0,120,기반시설; 시공·용역; 설계·심의,infrastructure; execution_procurement; design_review,강남,11,압구정아파트지구 특별계획구역4,조합입찰공고,2026-06-11,12,정비기반시설 도로 복개구조물 설계용역 선정 입찰공고,"공공기여, 설계 난이도, 인허가 일정, 장기 입지 개선을 동시에 보여주는 신호; 사업이 실무 집행 단계로 움직이는 신호이며 비용 변동과 연결됨; 계획 변경, 심의 보완, 인허가 지연 가능성을 보여주는 신호","교통입지 컨텍스트와 공공기여/기반시설 원문 수치를 함께 확인; 입찰 목적, 마감일, 반복 공고 여부를 보고 일정·비용 리스크를 기록; 고시 원문 및 심의/결재문서 검색 키워드에 추가",https://cleanup.seoul.go.kr/assc/bidpblanc/vscr.do?cafeId=680900000684g10&cpage=1&searchCode=&searchValue=&signguCd=&othbcListSn=1043559,https://cleanup.seoul.go.kr/assc/bidpblanc/lscr.do?cafeId=680900000684g10
5,P0,120,기반시설; 시공·용역; 설계·심의,infrastructure; execution_procurement; design_review,강남,12,압구정아파트지구 특별계획구역5 재건축정비사업조합,조합입찰공고,2026-06-01,22,정비기반시설(설계)용역업체 선정 입찰,"공공기여, 설계 난이도, 인허가 일정, 장기 입지 개선을 동시에 보여주는 신호; 사업이 실무 집행 단계로 움직이는 신호이며 비용 변동과 연결됨; 계획 변경, 심의 보완, 인허가 지연 가능성을 보여주는 신호","교통입지 컨텍스트와 공공기여/기반시설 원문 수치를 함께 확인; 입찰 목적, 마감일, 반복 공고 여부를 보고 일정·비용 리스크를 기록; 고시 원문 및 심의/결재문서 검색 키워드에 추가",https://cleanup.seoul.go.kr/assc/bidpblanc/vscr.do?cafeId=680900000670W75&cpage=1&searchCode=&searchValue=&signguCd=&othbcListSn=1041821,https://cleanup.seoul.go.kr/assc/bidpblanc/lscr.do?cafeId=680900000670W75
6,P0,117,비용·분담금; 시공·용역; 이주·착공 전; 재무·행정,cost_pressure; execution_procurement; preconstruction; finance_admin,강남,14,"개포주공6,7단지아파트 재건축정비사업조합",조합입찰공고,2026-01-23,151,주택도시보증공사(HUG) 정비사업비(이주비/사업비) 대출보증 행정대행용역 입찰공고,"조합원 부담, 사업성, 지연 리스크를 직접 흔드는 신호; 사업이 실무 집행 단계로 움직이는 신호이며 비용 변동과 연결됨; 착공 전 준비와 현장 전환 가능성을 보여주는 신호; 사업비 조달, 운영 투명성, 재무관리 리스크를 보조적으로 보여주는 신호","사업별 메모의 공사비·분담금 리스크와 관리처분/사업시행 수치 대조; 입찰 목적, 마감일, 반복 공고 여부를 보고 일정·비용 리스크를 기록; 관리처분 이후 이주·철거·착공 일정과 현장 리스크를 분리해 기록; 분담금/사업비 자료와 같이 보되 단독 신호로 과대해석하지 않음",https://cleanup.seoul.go.kr/assc/bidpblanc/vscr.do?cafeId=680900000688Q62&cpage=1&searchCode=&searchValue=&signguCd=&othbcListSn=1000139,https://cleanup.seoul.go.kr/assc/bidpblanc/lscr.do?cafeId=680900000688Q62
7,P0,109,기반시설; 시공·용역,infrastructure; execution_procurement,강남,2,압구정아파트지구 특별계획구역② 재건축정비사업조합,조합입찰공고,2026-06-15,8,전력계통영향평가 용역업체 선정 입찰공고,"공공기여, 설계 난이도, 인허가 일정, 장기 입지 개선을 동시에 보여주는 신호; 사업이 실무 집행 단계로 움직이는 신호이며 비용 변동과 연결됨","교통입지 컨텍스트와 공공기여/기반시설 원문 수치를 함께 확인; 입찰 목적, 마감일, 반복 공고 여부를 보고 일정·비용 리스크를 기록",https://cleanup.seoul.go.kr/assc/bidpblanc/vscr.do?cafeId=680900000762A92&cpage=1&searchCode=&searchValue=&signguCd=&othbcListSn=1044530,https://cleanup.seoul.go.kr/assc/bidpblanc/lscr.do?cafeId=680900000762A92
8,P0,108,비용·분담금; 시공·용역; 이주·착공 전; 재무·행정,cost_pressure; execution_procurement; preconstruction; finance_admin,잠실/송파,21,가락삼익맨숀아파트 재건축정비사업 조합,조합입찰공고,2025-07-30,328,HUG(주택도시보증공사) 이주비·사업비 대출 보증 행정대행 용역업체 선정 입찰 재공고,"조합원 부담, 사업성, 지연 리스크를 직접 흔드는 신호; 사업이 실무 집행 단계로 움직이는 신호이며 비용 변동과 연결됨; 착공 전 준비와 현장 전환 가능성을 보여주는 신호; 사업비 조달, 운영 투명성, 재무관리 리스크를 보조적으로 보여주는 신호","사업별 메모의 공사비·분담금 리스크와 관리처분/사업시행 수치 대조; 입찰 목적, 마감일, 반복 공고 여부를 보고 일정·비용 리스크를 기록; 관리처분 이후 이주·철거·착공 일정과 현장 리스크를 분리해 기록; 분담금/사업비 자료와 같이 보되 단독 신호로 과대해석하지 않음",https://cleanup.seoul.go.kr/assc/bidpblanc/vscr.do?cafeId=710900000676r36&cpage=1&searchCode=&searchValue=&signguCd=&othbcListSn=956124,https://cleanup.seoul.go.kr/assc/bidpblanc/lscr.do?cafeId=710900000676r36
9,P0,108,비용·분담금; 시공·용역; 이주·착공 전; 재무·행정,cost_pressure; execution_procurement; preconstruction; finance_admin,잠실/송파,21,가락삼익맨숀아파트 재건축정비사업 조합,조합입찰공고,2025-07-18,340,HUG(주택도시보증공사) 이주비·사업비 대출 보증 행정대행 용역업체 선정 입찰 공고,"조합원 부담, 사업성, 지연 리스크를 직접 흔드는 신호; 사업이 실무 집행 단계로 움직이는 신호이며 비용 변동과 연결됨; 착공 전 준비와 현장 전환 가능성을 보여주는 신호; 사업비 조달, 운영 투명성, 재무관리 리스크를 보조적으로 보여주는 신호","사업별 메모의 공사비·분담금 리스크와 관리처분/사업시행 수치 대조; 입찰 목적, 마감일, 반복 공고 여부를 보고 일정·비용 리스크를 기록; 관리처분 이후 이주·철거·착공 일정과 현장 리스크를 분리해 기록; 분담금/사업비 자료와 같이 보되 단독 신호로 과대해석하지 않음",https://cleanup.seoul.go.kr/assc/bidpblanc/vscr.do?cafeId=710900000676r36&cpage=1&searchCode=&searchValue=&signguCd=&othbcListSn=953729,https://cleanup.seoul.go.kr/assc/bidpblanc/lscr.do?cafeId=710900000676r36
10,P0,104,기반시설; 시공·용역; 설계·심의,infrastructure; execution_procurement; design_review,잠실/송파,3,잠실우성아파트 재건축정비사업조합,조합입찰공고,2026-02-13,130,잠실우성아파트 재건축정비사업 정비기반시설(도로) 설계 용역업체 선정 입찰공고 (서울시 공공디자인 심의 포함),"공공기여, 설계 난이도, 인허가 일정, 장기 입지 개선을 동시에 보여주는 신호; 사업이 실무 집행 단계로 움직이는 신호이며 비용 변동과 연결됨; 계획 변경, 심의 보완, 인허가 지연 가능성을 보여주는 신호","교통입지 컨텍스트와 공공기여/기반시설 원문 수치를 함께 확인; 입찰 목적, 마감일, 반복 공고 여부를 보고 일정·비용 리스크를 기록; 고시 원문 및 심의/결재문서 검색 키워드에 추가",https://cleanup.seoul.go.kr/assc/bidpblanc/vscr.do?cafeId=710100002006X76&cpage=1&searchCode=&searchValue=&signguCd=&othbcListSn=1005891,https://cleanup.seoul.go.kr/assc/bidpblanc/lscr.do?cafeId=710100002006X76
11,P0,104,기반시설; 시공·용역; 설계·심의,infrastructure; execution_procurement; design_review,강남,4,은마아파트 재건축정비사업조합,조합입찰공고,2026-02-12,131,"저류시설 관련 방류펌프, 토출관로 설계 등 용역업체 선정을 위한 입찰공고","공공기여, 설계 난이도, 인허가 일정, 장기 입지 개선을 동시에 보여주는 신호; 사업이 실무 집행 단계로 움직이는 신호이며 비용 변동과 연결됨; 계획 변경, 심의 보완, 인허가 지연 가능성을 보여주는 신호","교통입지 컨텍스트와 공공기여/기반시설 원문 수치를 함께 확인; 입찰 목적, 마감일, 반복 공고 여부를 보고 일정·비용 리스크를 기록; 고시 원문 및 심의/결재문서 검색 키워드에 추가",https://cleanup.seoul.go.kr/assc/bidpblanc/vscr.do?cafeId=680100002017E89&cpage=1&searchCode=&searchValue=&signguCd=&othbcListSn=1005148,https://cleanup.seoul.go.kr/assc/bidpblanc/lscr.do?cafeId=680100002017E89
12,P0,101,시공·용역; 설계·심의,execution_procurement; design_review,강남,2,압구정아파트지구 특별계획구역② 재건축정비사업조합,조합입찰공고,2026-06-15,8,장애물없는 생활환경(BF) 인증 용역업체 선정 입찰공고,"사업이 실무 집행 단계로 움직이는 신호이며 비용 변동과 연결됨; 계획 변경, 심의 보완, 인허가 지연 가능성을 보여주는 신호","입찰 목적, 마감일, 반복 공고 여부를 보고 일정·비용 리스크를 기록; 고시 원문 및 심의/결재문서 검색 키워드에 추가",https://cleanup.seoul.go.kr/assc/bidpblanc/vscr.do?cafeId=680900000762A92&cpage=1&searchCode=&searchValue=&signguCd=&othbcListSn=1044549,https://cleanup.seoul.go.kr/assc/bidpblanc/lscr.do?cafeId=680900000762A92
13,P0,101,기반시설; 시공·용역; 설계·심의,infrastructure; execution_procurement; design_review,강남,10,압구정아파트지구 특별계획구역③ 재건축정비사업 조합,조합입찰공고,2025-12-30,175,"지하차도(소로 1-A, 중로 1-C) 설계 용역업체 선정 입찰공고","공공기여, 설계 난이도, 인허가 일정, 장기 입지 개선을 동시에 보여주는 신호; 사업이 실무 집행 단계로 움직이는 신호이며 비용 변동과 연결됨; 계획 변경, 심의 보완, 인허가 지연 가능성을 보여주는 신호","교통입지 컨텍스트와 공공기여/기반시설 원문 수치를 함께 확인; 입찰 목적, 마감일, 반복 공고 여부를 보고 일정·비용 리스크를 기록; 고시 원문 및 심의/결재문서 검색 키워드에 추가",https://cleanup.seoul.go.kr/assc/bidpblanc/vscr.do?cafeId=680900000675S91&cpage=1&searchCode=&searchValue=&signguCd=&othbcListSn=993879,https://cleanup.seoul.go.kr/assc/bidpblanc/lscr.do?cafeId=680900000675S91
14,P0,100,기반시설; 시공·용역; 설계·심의,infrastructure; execution_procurement; design_review,잠실/송파,1,잠실5단지아파트 주택재건축정비사업조합,조합입찰공고,2025-09-23,273,"정비기반시설(출입구,환기구,통신구등) 이설 설계업체 선정 입찰공고","공공기여, 설계 난이도, 인허가 일정, 장기 입지 개선을 동시에 보여주는 신호; 사업이 실무 집행 단계로 움직이는 신호이며 비용 변동과 연결됨; 계획 변경, 심의 보완, 인허가 지연 가능성을 보여주는 신호","교통입지 컨텍스트와 공공기여/기반시설 원문 수치를 함께 확인; 입찰 목적, 마감일, 반복 공고 여부를 보고 일정·비용 리스크를 기록; 고시 원문 및 심의/결재문서 검색 키워드에 추가",https://cleanup.seoul.go.kr/assc/bidpblanc/vscr.do?cafeId=710100002002Y42&cpage=1&searchCode=&searchValue=&signguCd=&othbcListSn=969921,https://cleanup.seoul.go.kr/assc/bidpblanc/lscr.do?cafeId=710100002002Y42
15,P0,100,기반시설; 시공·용역; 설계·심의,infrastructure; execution_procurement; design_review,잠실/송파,1,잠실5단지아파트 주택재건축정비사업조합,조합입찰공고,2025-09-23,273,정비기반시설 공공청사 및 근린생활시설 건축설계 업체 선정 입찰 공고,"공공기여, 설계 난이도, 인허가 일정, 장기 입지 개선을 동시에 보여주는 신호; 사업이 실무 집행 단계로 움직이는 신호이며 비용 변동과 연결됨; 계획 변경, 심의 보완, 인허가 지연 가능성을 보여주는 신호","교통입지 컨텍스트와 공공기여/기반시설 원문 수치를 함께 확인; 입찰 목적, 마감일, 반복 공고 여부를 보고 일정·비용 리스크를 기록; 고시 원문 및 심의/결재문서 검색 키워드에 추가",https://cleanup.seoul.go.kr/assc/bidpblanc/vscr.do?cafeId=710100002002Y42&cpage=1&searchCode=&searchValue=&signguCd=&othbcListSn=969965,https://cleanup.seoul.go.kr/assc/bidpblanc/lscr.do?cafeId=710100002002Y42
16,P0,96,기반시설; 시공·용역,infrastructure; execution_procurement,강남,4,은마아파트 재건축정비사업조합,조합입찰공고,2026-04-17,67,전력계통영향평가 용역업체 선정을 위한 입찰공고,"공공기여, 설계 난이도, 인허가 일정, 장기 입지 개선을 동시에 보여주는 신호; 사업이 실무 집행 단계로 움직이는 신호이며 비용 변동과 연결됨","교통입지 컨텍스트와 공공기여/기반시설 원문 수치를 함께 확인; 입찰 목적, 마감일, 반복 공고 여부를 보고 일정·비용 리스크를 기록",https://cleanup.seoul.go.kr/assc/bidpblanc/vscr.do?cafeId=680100002017E89&cpage=1&searchCode=&searchValue=&signguCd=&othbcListSn=1025494,https://cleanup.seoul.go.kr/assc/bidpblanc/lscr.do?cafeId=680100002017E89
17,P0,95,비용·분담금; 인가·고시,cost_pressure; planning_notice,잠실/송파,1,잠실5단지아파트 주택재건축정비사업조합,확정된 사업비 및 분담금 목록,2025-12-16,189,정비계획 변경에 따른 추정분담금 산정,"조합원 부담, 사업성, 지연 리스크를 직접 흔드는 신호; 법정 계획과 구역 조건이 바뀌는 1차 신호",사업별 메모의 공사비·분담금 리스크와 관리처분/사업시행 수치 대조; 서울도시공간포털/서울시보/자치구 고시 원문과 제목·고시일을 대조,,https://cleanup.seoul.go.kr/assc/bbs-use/lscrWctList.do?cafeId=710100002002Y42
18,P0,94,기반시설; 시공·용역; 설계·심의,infrastructure; execution_procurement; design_review,잠실/송파,3,잠실우성아파트 재건축정비사업조합,조합입찰공고,2025-04-30,419,잠실우성아파트 재건축정비사업 정비기반시설(공원) 설계 업체 선정 재입찰공고,"공공기여, 설계 난이도, 인허가 일정, 장기 입지 개선을 동시에 보여주는 신호; 사업이 실무 집행 단계로 움직이는 신호이며 비용 변동과 연결됨; 계획 변경, 심의 보완, 인허가 지연 가능성을 보여주는 신호","교통입지 컨텍스트와 공공기여/기반시설 원문 수치를 함께 확인; 입찰 목적, 마감일, 반복 공고 여부를 보고 일정·비용 리스크를 기록; 고시 원문 및 심의/결재문서 검색 키워드에 추가",https://cleanup.seoul.go.kr/assc/bidpblanc/vscr.do?cafeId=710100002006X76&cpage=1&searchCode=&searchValue=&signguCd=&othbcListSn=933405,https://cleanup.seoul.go.kr/assc/bidpblanc/lscr.do?cafeId=710100002006X76
19,P0,94,기반시설; 시공·용역; 설계·심의,infrastructure; execution_procurement; design_review,잠실/송파,3,잠실우성아파트 재건축정비사업조합,조합입찰공고,2025-04-04,445,잠실우성아파트 재건축정비사업 조합 정비기반시설(공원)설계 업체 선정 입찰공고,"공공기여, 설계 난이도, 인허가 일정, 장기 입지 개선을 동시에 보여주는 신호; 사업이 실무 집행 단계로 움직이는 신호이며 비용 변동과 연결됨; 계획 변경, 심의 보완, 인허가 지연 가능성을 보여주는 신호","교통입지 컨텍스트와 공공기여/기반시설 원문 수치를 함께 확인; 입찰 목적, 마감일, 반복 공고 여부를 보고 일정·비용 리스크를 기록; 고시 원문 및 심의/결재문서 검색 키워드에 추가",https://cleanup.seoul.go.kr/assc/bidpblanc/vscr.do?cafeId=710100002006X76&cpage=1&searchCode=&searchValue=&signguCd=&othbcListSn=926445,https://cleanup.seoul.go.kr/assc/bidpblanc/lscr.do?cafeId=710100002006X76
20,P0,93,비용·분담금; 총회·협의체,cost_pressure; governance,구의/광진,26,자양한양아파트 재건축정비사업,확정된 사업비 및 분담금 목록,2026-06-08,15,조합설립동의서 징구 전 추정분담금 산정 및 검증,"조합원 부담, 사업성, 지연 리스크를 직접 흔드는 신호; 조합 의사결정과 동의율, 주민 수용성의 변화를 보여주는 신호",사업별 메모의 공사비·분담금 리스크와 관리처분/사업시행 수치 대조; 회의/총회 결과가 단계 변경이나 계획 변경으로 이어졌는지 후속 공고 확인,,https://cleanup.seoul.go.kr/assc/bbs-use/lscrWctList.do?cafeId=215900001270s44
21,P0,93,기반시설; 시공·용역; 설계·심의,infrastructure; execution_procurement; design_review,잠실/송파,5,"장미1,2,3차아파트 주택재건축정비사업 조합",조합입찰공고,2024-06-14,739,"소규모 지하안전평가 및 지하철영향성 검토, 도로설계 협력업체 선정 입찰 공고","공공기여, 설계 난이도, 인허가 일정, 장기 입지 개선을 동시에 보여주는 신호; 사업이 실무 집행 단계로 움직이는 신호이며 비용 변동과 연결됨; 계획 변경, 심의 보완, 인허가 지연 가능성을 보여주는 신호","교통입지 컨텍스트와 공공기여/기반시설 원문 수치를 함께 확인; 입찰 목적, 마감일, 반복 공고 여부를 보고 일정·비용 리스크를 기록; 고시 원문 및 심의/결재문서 검색 키워드에 추가",https://cleanup.seoul.go.kr/assc/bidpblanc/vscr.do?cafeId=710900000615u63&cpage=1&searchCode=&searchValue=&signguCd=&othbcListSn=857418,https://cleanup.seoul.go.kr/assc/bidpblanc/lscr.do?cafeId=710900000615u63
22,P0,89,시공·용역; 이주·착공 전,execution_procurement; preconstruction,잠실/송파,9,잠실우성4차 주택재건축정비사업조합,조합입찰공고,2026-03-25,90,이주비 대출을 위한 금융기관 선정 입찰 공고문,사업이 실무 집행 단계로 움직이는 신호이며 비용 변동과 연결됨; 착공 전 준비와 현장 전환 가능성을 보여주는 신호,"입찰 목적, 마감일, 반복 공고 여부를 보고 일정·비용 리스크를 기록; 관리처분 이후 이주·철거·착공 일정과 현장 리스크를 분리해 기록",https://cleanup.seoul.go.kr/assc/bidpblanc/vscr.do?cafeId=710900000108s28&cpage=1&searchCode=&searchValue=&signguCd=&othbcListSn=1016685,https://cleanup.seoul.go.kr/assc/bidpblanc/lscr.do?cafeId=710900000108s28
23,P0,88,시공·용역; 재무·행정,execution_procurement; finance_admin,잠실/송파,16,가락1차현대아파트 재건축정비사업 조합,조합입찰공고,2026-06-12,11,세무·회계업체 선정 입찰 공고,"사업이 실무 집행 단계로 움직이는 신호이며 비용 변동과 연결됨; 사업비 조달, 운영 투명성, 재무관리 리스크를 보조적으로 보여주는 신호","입찰 목적, 마감일, 반복 공고 여부를 보고 일정·비용 리스크를 기록; 분담금/사업비 자료와 같이 보되 단독 신호로 과대해석하지 않음",https://cleanup.seoul.go.kr/assc/bidpblanc/vscr.do?cafeId=710900000689x43&cpage=1&searchCode=&searchValue=&signguCd=&othbcListSn=1043787,https://cleanup.seoul.go.kr/assc/bidpblanc/lscr.do?cafeId=710900000689x43
24,P0,88,시공·용역; 재무·행정,execution_procurement; finance_admin,잠실/송파,16,가락1차현대아파트 재건축정비사업 조합,조합입찰공고,2026-06-12,11,HUG보증 대행업체 선정 입찰 공고,"사업이 실무 집행 단계로 움직이는 신호이며 비용 변동과 연결됨; 사업비 조달, 운영 투명성, 재무관리 리스크를 보조적으로 보여주는 신호","입찰 목적, 마감일, 반복 공고 여부를 보고 일정·비용 리스크를 기록; 분담금/사업비 자료와 같이 보되 단독 신호로 과대해석하지 않음",https://cleanup.seoul.go.kr/assc/bidpblanc/vscr.do?cafeId=710900000689x43&cpage=1&searchCode=&searchValue=&signguCd=&othbcListSn=1043794,https://cleanup.seoul.go.kr/assc/bidpblanc/lscr.do?cafeId=710900000689x43
25,P0,88,기반시설; 시공·용역,infrastructure; execution_procurement,잠실/송파,3,잠실우성아파트 재건축정비사업조합,조합입찰공고,2026-02-13,130,잠실우성아파트 재건축정비사업 전력계통영향평가 용역업체 선정 입찰공고,"공공기여, 설계 난이도, 인허가 일정, 장기 입지 개선을 동시에 보여주는 신호; 사업이 실무 집행 단계로 움직이는 신호이며 비용 변동과 연결됨","교통입지 컨텍스트와 공공기여/기반시설 원문 수치를 함께 확인; 입찰 목적, 마감일, 반복 공고 여부를 보고 일정·비용 리스크를 기록",https://cleanup.seoul.go.kr/assc/bidpblanc/vscr.do?cafeId=710100002006X76&cpage=1&searchCode=&searchValue=&signguCd=&othbcListSn=1005886,https://cleanup.seoul.go.kr/assc/bidpblanc/lscr.do?cafeId=710100002006X76
26,P0,86,인가·고시; 시공·용역,planning_notice; execution_procurement,강남,4,은마아파트 재건축정비사업조합,조합입찰공고,2025-12-18,187,정비계획 변경 수립을 위한 도시계획 등 용역업체 선정을 위한 입찰공고,법정 계획과 구역 조건이 바뀌는 1차 신호; 사업이 실무 집행 단계로 움직이는 신호이며 비용 변동과 연결됨,"서울도시공간포털/서울시보/자치구 고시 원문과 제목·고시일을 대조; 입찰 목적, 마감일, 반복 공고 여부를 보고 일정·비용 리스크를 기록",https://cleanup.seoul.go.kr/assc/bidpblanc/vscr.do?cafeId=680100002017E89&cpage=1&searchCode=&searchValue=&signguCd=&othbcListSn=991544,https://cleanup.seoul.go.kr/assc/bidpblanc/lscr.do?cafeId=680100002017E89
27,P0,84,시공·용역; 이주·착공 전,execution_procurement; preconstruction,강남,4,은마아파트 재건축정비사업조합,조합입찰공고,2026-03-06,109,명도 및 이주관리 용역업체 선정을 위한 입찰공고,사업이 실무 집행 단계로 움직이는 신호이며 비용 변동과 연결됨; 착공 전 준비와 현장 전환 가능성을 보여주는 신호,"입찰 목적, 마감일, 반복 공고 여부를 보고 일정·비용 리스크를 기록; 관리처분 이후 이주·철거·착공 일정과 현장 리스크를 분리해 기록",https://cleanup.seoul.go.kr/assc/bidpblanc/vscr.do?cafeId=680100002017E89&cpage=1&searchCode=&searchValue=&signguCd=&othbcListSn=1010958,https://cleanup.seoul.go.kr/assc/bidpblanc/lscr.do?cafeId=680100002017E89
28,P0,84,시공·용역; 이주·착공 전,execution_procurement; preconstruction,강남,4,은마아파트 재건축정비사업조합,조합입찰공고,2026-02-12,131,범죄예방 용역업체 선정을 위한 입찰공고,사업이 실무 집행 단계로 움직이는 신호이며 비용 변동과 연결됨; 착공 전 준비와 현장 전환 가능성을 보여주는 신호,"입찰 목적, 마감일, 반복 공고 여부를 보고 일정·비용 리스크를 기록; 관리처분 이후 이주·철거·착공 일정과 현장 리스크를 분리해 기록",https://cleanup.seoul.go.kr/assc/bidpblanc/vscr.do?cafeId=680100002017E89&cpage=1&searchCode=&searchValue=&signguCd=&othbcListSn=1005144,https://cleanup.seoul.go.kr/assc/bidpblanc/lscr.do?cafeId=680100002017E89
29,P0,84,기반시설; 시공·용역,infrastructure; execution_procurement,잠실/송파,1,잠실5단지아파트 주택재건축정비사업조합,조합입찰공고,2025-09-23,273,한강보행교 설치를 위한 인허가 이행 용역 업체 선정 입찰 공고,"공공기여, 설계 난이도, 인허가 일정, 장기 입지 개선을 동시에 보여주는 신호; 사업이 실무 집행 단계로 움직이는 신호이며 비용 변동과 연결됨","교통입지 컨텍스트와 공공기여/기반시설 원문 수치를 함께 확인; 입찰 목적, 마감일, 반복 공고 여부를 보고 일정·비용 리스크를 기록",https://cleanup.seoul.go.kr/assc/bidpblanc/vscr.do?cafeId=710100002002Y42&cpage=1&searchCode=&searchValue=&signguCd=&othbcListSn=969951,https://cleanup.seoul.go.kr/assc/bidpblanc/lscr.do?cafeId=710100002002Y42
30,P0,84,기반시설; 시공·용역,infrastructure; execution_procurement,잠실/송파,1,잠실5단지아파트 주택재건축정비사업조합,조합입찰공고,2025-09-23,273,전력계통영향평가 업체 선정 입찰 공고,"공공기여, 설계 난이도, 인허가 일정, 장기 입지 개선을 동시에 보여주는 신호; 사업이 실무 집행 단계로 움직이는 신호이며 비용 변동과 연결됨","교통입지 컨텍스트와 공공기여/기반시설 원문 수치를 함께 확인; 입찰 목적, 마감일, 반복 공고 여부를 보고 일정·비용 리스크를 기록",https://cleanup.seoul.go.kr/assc/bidpblanc/vscr.do?cafeId=710100002002Y42&cpage=1&searchCode=&searchValue=&signguCd=&othbcListSn=969925,https://cleanup.seoul.go.kr/assc/bidpblanc/lscr.do?cafeId=710100002002Y42
31,P0,84,비용·분담금; 인가·고시,cost_pressure; planning_notice,구의/광진,13,자양제7구역 주택재건축정비사업 조합,확정된 사업비 및 분담금 목록,2024-02-17,857,주택재건축 정비구역 지정 변경 및 지형도면 변경을 위한 추정분담금 산출,"조합원 부담, 사업성, 지연 리스크를 직접 흔드는 신호; 법정 계획과 구역 조건이 바뀌는 1차 신호",사업별 메모의 공사비·분담금 리스크와 관리처분/사업시행 수치 대조; 서울도시공간포털/서울시보/자치구 고시 원문과 제목·고시일을 대조,,https://cleanup.seoul.go.kr/assc/bbs-use/lscrWctList.do?cafeId=215100002002c30
32,P0,84,비용·분담금; 인가·고시,cost_pressure; planning_notice,구의/광진,13,자양제7구역 주택재건축정비사업 조합,확정된 사업비 및 분담금 목록,2024-01-15,890,주택재건축 정비구역 지정 변경 및 지형도면 변경을 위한 추정분담금 산출,"조합원 부담, 사업성, 지연 리스크를 직접 흔드는 신호; 법정 계획과 구역 조건이 바뀌는 1차 신호",사업별 메모의 공사비·분담금 리스크와 관리처분/사업시행 수치 대조; 서울도시공간포털/서울시보/자치구 고시 원문과 제목·고시일을 대조,,https://cleanup.seoul.go.kr/assc/bbs-use/lscrWctList.do?cafeId=215100002002c30
33,P0,83,시공·용역; 설계·심의,execution_procurement; design_review,강남,14,"개포주공6,7단지아파트 재건축정비사업조합",조합입찰공고,2026-05-13,41,재해영향평가용역 협력업체 선정 입찰공고,"사업이 실무 집행 단계로 움직이는 신호이며 비용 변동과 연결됨; 계획 변경, 심의 보완, 인허가 지연 가능성을 보여주는 신호","입찰 목적, 마감일, 반복 공고 여부를 보고 일정·비용 리스크를 기록; 고시 원문 및 심의/결재문서 검색 키워드에 추가",https://cleanup.seoul.go.kr/assc/bidpblanc/vscr.do?cafeId=680900000688Q62&cpage=1&searchCode=&searchValue=&signguCd=&othbcListSn=1033132,https://cleanup.seoul.go.kr/assc/bidpblanc/lscr.do?cafeId=680900000688Q62
34,P0,83,시공·용역; 총회·협의체; 일반 행정,execution_procurement; governance; low_signal_admin,강남,12,압구정아파트지구 특별계획구역5 재건축정비사업조합,조합입찰공고,2026-05-07,47,2026년도 정기 및 시공자 선정총회 계약직원 채용 공고,"사업이 실무 집행 단계로 움직이는 신호이며 비용 변동과 연결됨; 조합 의사결정과 동의율, 주민 수용성의 변화를 보여주는 신호; 운영 활동 신호이나 개발 조건 변화와의 직접성은 낮음","입찰 목적, 마감일, 반복 공고 여부를 보고 일정·비용 리스크를 기록; 회의/총회 결과가 단계 변경이나 계획 변경으로 이어졌는지 후속 공고 확인; 총회·시공자 선정 등 다른 신호와 결합될 때만 검토",https://cleanup.seoul.go.kr/assc/bidpblanc/vscr.do?cafeId=680900000670W75&cpage=1&searchCode=&searchValue=&signguCd=&othbcListSn=1031191,https://cleanup.seoul.go.kr/assc/bidpblanc/lscr.do?cafeId=680900000670W75
35,P0,81,시공·용역; 설계·심의,execution_procurement; design_review,잠실/송파,17,송파한양2차아파트 재건축정비사업 조합,조합입찰공고,2026-04-14,70,재해영향평가 분야 협력업체 선정 입찰공고,"사업이 실무 집행 단계로 움직이는 신호이며 비용 변동과 연결됨; 계획 변경, 심의 보완, 인허가 지연 가능성을 보여주는 신호","입찰 목적, 마감일, 반복 공고 여부를 보고 일정·비용 리스크를 기록; 고시 원문 및 심의/결재문서 검색 키워드에 추가",https://cleanup.seoul.go.kr/assc/bidpblanc/vscr.do?cafeId=710900000132y43&cpage=1&searchCode=&searchValue=&signguCd=&othbcListSn=1023911,https://cleanup.seoul.go.kr/assc/bidpblanc/lscr.do?cafeId=710900000132y43
36,P0,80,시공·용역,execution_procurement,강남,11,압구정아파트지구 특별계획구역4,조합입찰공고,2026-06-11,12,건설사업관리(CM)용역 선정 입찰공고,사업이 실무 집행 단계로 움직이는 신호이며 비용 변동과 연결됨,"입찰 목적, 마감일, 반복 공고 여부를 보고 일정·비용 리스크를 기록",https://cleanup.seoul.go.kr/assc/bidpblanc/vscr.do?cafeId=680900000684g10&cpage=1&searchCode=&searchValue=&signguCd=&othbcListSn=1043557,https://cleanup.seoul.go.kr/assc/bidpblanc/lscr.do?cafeId=680900000684g10
37,P0,80,시공·용역; 이주·착공 전,execution_procurement; preconstruction,잠실/송파,1,잠실5단지아파트 주택재건축정비사업조합,조합입찰공고,2025-09-23,273,수목 조사.이식.벌목 공사 업체 선정 입찰 공고,사업이 실무 집행 단계로 움직이는 신호이며 비용 변동과 연결됨; 착공 전 준비와 현장 전환 가능성을 보여주는 신호,"입찰 목적, 마감일, 반복 공고 여부를 보고 일정·비용 리스크를 기록; 관리처분 이후 이주·철거·착공 일정과 현장 리스크를 분리해 기록",https://cleanup.seoul.go.kr/assc/bidpblanc/vscr.do?cafeId=710100002002Y42&cpage=1&searchCode=&searchValue=&signguCd=&othbcListSn=969933,https://cleanup.seoul.go.kr/assc/bidpblanc/lscr.do?cafeId=710100002002Y42
38,P0,79,비용·분담금; 총회·협의체,cost_pressure; governance,구의/광진,30,자양4동 A구역 주택재개발사업,확정된 사업비 및 분담금 목록,2026-05-08,46,조합설립 동의서 징구를 위한 추정분담금 검증,"조합원 부담, 사업성, 지연 리스크를 직접 흔드는 신호; 조합 의사결정과 동의율, 주민 수용성의 변화를 보여주는 신호",사업별 메모의 공사비·분담금 리스크와 관리처분/사업시행 수치 대조; 회의/총회 결과가 단계 변경이나 계획 변경으로 이어졌는지 후속 공고 확인,,https://cleanup.seoul.go.kr/assc/bbs-use/lscrWctList.do?cafeId=215900001184O96
39,P0,79,시공·용역; 이주·착공 전,execution_procurement; preconstruction,강남,14,"개포주공6,7단지아파트 재건축정비사업조합",조합입찰공고,2026-01-23,151,명도 소송 등의 변호사 선정 입찰공고,사업이 실무 집행 단계로 움직이는 신호이며 비용 변동과 연결됨; 착공 전 준비와 현장 전환 가능성을 보여주는 신호,"입찰 목적, 마감일, 반복 공고 여부를 보고 일정·비용 리스크를 기록; 관리처분 이후 이주·철거·착공 일정과 현장 리스크를 분리해 기록",https://cleanup.seoul.go.kr/assc/bidpblanc/vscr.do?cafeId=680900000688Q62&cpage=1&searchCode=&searchValue=&signguCd=&othbcListSn=1000143,https://cleanup.seoul.go.kr/assc/bidpblanc/lscr.do?cafeId=680900000688Q62
40,P0,79,시공·용역; 이주·착공 전,execution_procurement; preconstruction,강남,14,"개포주공6,7단지아파트 재건축정비사업조합",조합입찰공고,2026-01-23,151,이주 관리 및 범죄 예방업체 선정 입찰 공고,사업이 실무 집행 단계로 움직이는 신호이며 비용 변동과 연결됨; 착공 전 준비와 현장 전환 가능성을 보여주는 신호,"입찰 목적, 마감일, 반복 공고 여부를 보고 일정·비용 리스크를 기록; 관리처분 이후 이주·철거·착공 일정과 현장 리스크를 분리해 기록",https://cleanup.seoul.go.kr/assc/bidpblanc/vscr.do?cafeId=680900000688Q62&cpage=1&searchCode=&searchValue=&signguCd=&othbcListSn=1000142,https://cleanup.seoul.go.kr/assc/bidpblanc/lscr.do?cafeId=680900000688Q62
41,P0,78,시공·용역,execution_procurement,잠실/송파,16,가락1차현대아파트 재건축정비사업 조합,조합입찰공고,2026-06-12,11,관리처분계획 타당성 검증 대행업체 선정 입찰 공고,사업이 실무 집행 단계로 움직이는 신호이며 비용 변동과 연결됨,"입찰 목적, 마감일, 반복 공고 여부를 보고 일정·비용 리스크를 기록",https://cleanup.seoul.go.kr/assc/bidpblanc/vscr.do?cafeId=710900000689x43&cpage=1&searchCode=&searchValue=&signguCd=&othbcListSn=1043792,https://cleanup.seoul.go.kr/assc/bidpblanc/lscr.do?cafeId=710900000689x43
42,P0,78,총회·협의체; 일반 행정,governance; low_signal_admin,강남,2,압구정아파트지구 특별계획구역② 재건축정비사업조합,조합입찰공고,2026-06-04,19,임시직원 채용공고(대의원회 개최를 위한),"조합 의사결정과 동의율, 주민 수용성의 변화를 보여주는 신호; 운영 활동 신호이나 개발 조건 변화와의 직접성은 낮음",회의/총회 결과가 단계 변경이나 계획 변경으로 이어졌는지 후속 공고 확인; 총회·시공자 선정 등 다른 신호와 결합될 때만 검토,https://cleanup.seoul.go.kr/assc/bidpblanc/vscr.do?cafeId=680900000762A92&cpage=1&searchCode=&searchValue=&signguCd=&othbcListSn=1041013,https://cleanup.seoul.go.kr/assc/bidpblanc/lscr.do?cafeId=680900000762A92
43,P0,77,시공·용역; 총회·협의체; 일반 행정,execution_procurement; governance; low_signal_admin,강남,8,대치쌍용1차아파트 주택재건축정비사업조합,조합입찰공고,2026-03-18,97,정기총회(시공자 선정) 당일 안내 및 접수요원 채용 공고,"사업이 실무 집행 단계로 움직이는 신호이며 비용 변동과 연결됨; 조합 의사결정과 동의율, 주민 수용성의 변화를 보여주는 신호; 운영 활동 신호이나 개발 조건 변화와의 직접성은 낮음","입찰 목적, 마감일, 반복 공고 여부를 보고 일정·비용 리스크를 기록; 회의/총회 결과가 단계 변경이나 계획 변경으로 이어졌는지 후속 공고 확인; 총회·시공자 선정 등 다른 신호와 결합될 때만 검토",https://cleanup.seoul.go.kr/assc/bidpblanc/vscr.do?cafeId=680900000566y01&cpage=1&searchCode=&searchValue=&signguCd=&othbcListSn=1014453,https://cleanup.seoul.go.kr/assc/bidpblanc/lscr.do?cafeId=680900000566y01
44,P0,77,시공·용역; 설계·심의,execution_procurement; design_review,강남,10,압구정아파트지구 특별계획구역③ 재건축정비사업 조합,조합입찰공고,2025-12-30,175,소방설계 용역업체 선정 입찰공고,"사업이 실무 집행 단계로 움직이는 신호이며 비용 변동과 연결됨; 계획 변경, 심의 보완, 인허가 지연 가능성을 보여주는 신호","입찰 목적, 마감일, 반복 공고 여부를 보고 일정·비용 리스크를 기록; 고시 원문 및 심의/결재문서 검색 키워드에 추가",https://cleanup.seoul.go.kr/assc/bidpblanc/vscr.do?cafeId=680900000675S91&cpage=1&searchCode=&searchValue=&signguCd=&othbcListSn=993870,https://cleanup.seoul.go.kr/assc/bidpblanc/lscr.do?cafeId=680900000675S91
45,P0,77,시공·용역; 설계·심의,execution_procurement; design_review,강남,10,압구정아파트지구 특별계획구역③ 재건축정비사업 조합,조합입찰공고,2025-12-30,175,환경영향평가 용역업체 선정 입찰공고,"사업이 실무 집행 단계로 움직이는 신호이며 비용 변동과 연결됨; 계획 변경, 심의 보완, 인허가 지연 가능성을 보여주는 신호","입찰 목적, 마감일, 반복 공고 여부를 보고 일정·비용 리스크를 기록; 고시 원문 및 심의/결재문서 검색 키워드에 추가",https://cleanup.seoul.go.kr/assc/bidpblanc/vscr.do?cafeId=680900000675S91&cpage=1&searchCode=&searchValue=&signguCd=&othbcListSn=993876,https://cleanup.seoul.go.kr/assc/bidpblanc/lscr.do?cafeId=680900000675S91
46,P0,77,비용·분담금; 설계·심의,cost_pressure; design_review,잠실/송파,16,가락1차현대아파트 재건축정비사업 조합,확정된 사업비 및 분담금 목록,2025-12-19,186,조합설립을 위한 개략적 추정분담금 심의,"조합원 부담, 사업성, 지연 리스크를 직접 흔드는 신호; 계획 변경, 심의 보완, 인허가 지연 가능성을 보여주는 신호",사업별 메모의 공사비·분담금 리스크와 관리처분/사업시행 수치 대조; 고시 원문 및 심의/결재문서 검색 키워드에 추가,,https://cleanup.seoul.go.kr/assc/bbs-use/lscrWctList.do?cafeId=710900000689x43
47,P0,77,시공·용역; 설계·심의; 일반 행정,execution_procurement; design_review; low_signal_admin,잠실/송파,5,"장미1,2,3차아파트 주택재건축정비사업 조합",조합입찰공고,2025-10-27,239,교육환경영향평가 협력업체 선정 입찰 공고,"사업이 실무 집행 단계로 움직이는 신호이며 비용 변동과 연결됨; 계획 변경, 심의 보완, 인허가 지연 가능성을 보여주는 신호; 운영 활동 신호이나 개발 조건 변화와의 직접성은 낮음","입찰 목적, 마감일, 반복 공고 여부를 보고 일정·비용 리스크를 기록; 고시 원문 및 심의/결재문서 검색 키워드에 추가; 총회·시공자 선정 등 다른 신호와 결합될 때만 검토",https://cleanup.seoul.go.kr/assc/bidpblanc/vscr.do?cafeId=710900000615u63&cpage=1&searchCode=&searchValue=&signguCd=&othbcListSn=977361,https://cleanup.seoul.go.kr/assc/bidpblanc/lscr.do?cafeId=710900000615u63
48,P0,76,시공·용역; 이주·착공 전,execution_procurement; preconstruction,잠실/송파,20,마천1재정비촉진구역 주택재개발정비사업조합,조합입찰공고,2026-03-05,110,"협력업체[이주관리 및 세입자조사, 범죄예방] 선정 입찰공고",사업이 실무 집행 단계로 움직이는 신호이며 비용 변동과 연결됨; 착공 전 준비와 현장 전환 가능성을 보여주는 신호,"입찰 목적, 마감일, 반복 공고 여부를 보고 일정·비용 리스크를 기록; 관리처분 이후 이주·철거·착공 일정과 현장 리스크를 분리해 기록",https://cleanup.seoul.go.kr/assc/bidpblanc/vscr.do?cafeId=710900000742i64&cpage=1&searchCode=&searchValue=&signguCd=&othbcListSn=1010505,https://cleanup.seoul.go.kr/assc/bidpblanc/lscr.do?cafeId=710900000742i64
49,P0,76,시공·용역; 이주·착공 전,execution_procurement; preconstruction,잠실/송파,9,잠실우성4차 주택재건축정비사업조합,조합입찰공고,2025-12-24,181,명도소송 관련 업무를 위한 협력업체(변호사 등) 선정 입찰공고,사업이 실무 집행 단계로 움직이는 신호이며 비용 변동과 연결됨; 착공 전 준비와 현장 전환 가능성을 보여주는 신호,"입찰 목적, 마감일, 반복 공고 여부를 보고 일정·비용 리스크를 기록; 관리처분 이후 이주·철거·착공 일정과 현장 리스크를 분리해 기록",https://cleanup.seoul.go.kr/assc/bidpblanc/vscr.do?cafeId=710900000108s28&cpage=1&searchCode=&searchValue=&signguCd=&othbcListSn=992645,https://cleanup.seoul.go.kr/assc/bidpblanc/lscr.do?cafeId=710900000108s28
50,P0,76,시공·용역; 이주·착공 전,execution_procurement; preconstruction,잠실/송파,9,잠실우성4차 주택재건축정비사업조합,조합입찰공고,2025-11-18,217,범죄예방 및 이주관리를 위한 협력업체 선정 입찰공고,사업이 실무 집행 단계로 움직이는 신호이며 비용 변동과 연결됨; 착공 전 준비와 현장 전환 가능성을 보여주는 신호,"입찰 목적, 마감일, 반복 공고 여부를 보고 일정·비용 리스크를 기록; 관리처분 이후 이주·철거·착공 일정과 현장 리스크를 분리해 기록",https://cleanup.seoul.go.kr/assc/bidpblanc/vscr.do?cafeId=710900000108s28&cpage=1&searchCode=&searchValue=&signguCd=&othbcListSn=983476,https://cleanup.seoul.go.kr/assc/bidpblanc/lscr.do?cafeId=710900000108s28
51,P0,76,비용·분담금; 시공·용역,cost_pressure; execution_procurement,구의/광진,26,자양한양아파트 재건축정비사업,조합입찰공고,2025-10-13,253,추정분담금 산정 용역업체 선정 입찰마감 연기 공고,"조합원 부담, 사업성, 지연 리스크를 직접 흔드는 신호; 사업이 실무 집행 단계로 움직이는 신호이며 비용 변동과 연결됨","사업별 메모의 공사비·분담금 리스크와 관리처분/사업시행 수치 대조; 입찰 목적, 마감일, 반복 공고 여부를 보고 일정·비용 리스크를 기록",https://cleanup.seoul.go.kr/assc/bidpblanc/vscr.do?cafeId=215900001270s44&cpage=1&searchCode=&searchValue=&signguCd=&othbcListSn=973467,https://cleanup.seoul.go.kr/assc/bidpblanc/lscr.do?cafeId=215900001270s44
52,P0,76,비용·분담금; 시공·용역,cost_pressure; execution_procurement,구의/광진,26,자양한양아파트 재건축정비사업,조합입찰공고,2025-09-23,273,추정분담금 산정 용역업체 선정 입찰 공고,"조합원 부담, 사업성, 지연 리스크를 직접 흔드는 신호; 사업이 실무 집행 단계로 움직이는 신호이며 비용 변동과 연결됨","사업별 메모의 공사비·분담금 리스크와 관리처분/사업시행 수치 대조; 입찰 목적, 마감일, 반복 공고 여부를 보고 일정·비용 리스크를 기록",https://cleanup.seoul.go.kr/assc/bidpblanc/vscr.do?cafeId=215900001270s44&cpage=1&searchCode=&searchValue=&signguCd=&othbcListSn=969832,https://cleanup.seoul.go.kr/assc/bidpblanc/lscr.do?cafeId=215900001270s44
53,P0,76,인가·고시; 시공·용역,planning_notice; execution_procurement,구의/광진,13,자양제7구역 주택재건축정비사업 조합,조합입찰공고,2025-05-21,398,도시·주거환경정비 기본계획 및 정비계획(중대한) 변경 용역업체 선정 입찰 공고,법정 계획과 구역 조건이 바뀌는 1차 신호; 사업이 실무 집행 단계로 움직이는 신호이며 비용 변동과 연결됨,"서울도시공간포털/서울시보/자치구 고시 원문과 제목·고시일을 대조; 입찰 목적, 마감일, 반복 공고 여부를 보고 일정·비용 리스크를 기록",https://cleanup.seoul.go.kr/assc/bidpblanc/vscr.do?cafeId=215100002002c30&cpage=1&searchCode=&searchValue=&signguCd=&othbcListSn=938080,https://cleanup.seoul.go.kr/assc/bidpblanc/lscr.do?cafeId=215100002002c30
54,P0,75,시공·용역; 이주·착공 전,execution_procurement; preconstruction,잠실/송파,21,가락삼익맨숀아파트 재건축정비사업 조합,조합입찰공고,2026-02-13,130,건축물 해체계획서 작성·인허가 및 석면해체·제거공사 감리 용역 선정 입찰공고,사업이 실무 집행 단계로 움직이는 신호이며 비용 변동과 연결됨; 착공 전 준비와 현장 전환 가능성을 보여주는 신호,"입찰 목적, 마감일, 반복 공고 여부를 보고 일정·비용 리스크를 기록; 관리처분 이후 이주·철거·착공 일정과 현장 리스크를 분리해 기록",https://cleanup.seoul.go.kr/assc/bidpblanc/vscr.do?cafeId=710900000676r36&cpage=1&searchCode=&searchValue=&signguCd=&othbcListSn=1005882,https://cleanup.seoul.go.kr/assc/bidpblanc/lscr.do?cafeId=710900000676r36
55,P0,74,시공·용역; 재무·행정,execution_procurement; finance_admin,잠실/송파,20,마천1재정비촉진구역 주택재개발정비사업조합,조합입찰공고,2026-04-16,68,회계 세무업무 대행업체 입찰 공고,"사업이 실무 집행 단계로 움직이는 신호이며 비용 변동과 연결됨; 사업비 조달, 운영 투명성, 재무관리 리스크를 보조적으로 보여주는 신호","입찰 목적, 마감일, 반복 공고 여부를 보고 일정·비용 리스크를 기록; 분담금/사업비 자료와 같이 보되 단독 신호로 과대해석하지 않음",https://cleanup.seoul.go.kr/assc/bidpblanc/vscr.do?cafeId=710900000742i64&cpage=1&searchCode=&searchValue=&signguCd=&othbcListSn=1024979,https://cleanup.seoul.go.kr/assc/bidpblanc/lscr.do?cafeId=710900000742i64
56,P0,74,시공·용역; 설계·심의,execution_procurement; design_review,잠실/송파,5,"장미1,2,3차아파트 주택재건축정비사업 조합",조합입찰공고,2025-09-09,287,우수박스 이설 설계 협력업체 선정 입찰 공고,"사업이 실무 집행 단계로 움직이는 신호이며 비용 변동과 연결됨; 계획 변경, 심의 보완, 인허가 지연 가능성을 보여주는 신호","입찰 목적, 마감일, 반복 공고 여부를 보고 일정·비용 리스크를 기록; 고시 원문 및 심의/결재문서 검색 키워드에 추가",https://cleanup.seoul.go.kr/assc/bidpblanc/vscr.do?cafeId=710900000615u63&cpage=1&searchCode=&searchValue=&signguCd=&othbcListSn=965902,https://cleanup.seoul.go.kr/assc/bidpblanc/lscr.do?cafeId=710900000615u63
57,P0,74,시공·용역; 설계·심의,execution_procurement; design_review,잠실/송파,5,"장미1,2,3차아파트 주택재건축정비사업 조합",조합입찰공고,2025-09-09,287,재해영향평가 협력업체 선정 입찰 공고,"사업이 실무 집행 단계로 움직이는 신호이며 비용 변동과 연결됨; 계획 변경, 심의 보완, 인허가 지연 가능성을 보여주는 신호","입찰 목적, 마감일, 반복 공고 여부를 보고 일정·비용 리스크를 기록; 고시 원문 및 심의/결재문서 검색 키워드에 추가",https://cleanup.seoul.go.kr/assc/bidpblanc/vscr.do?cafeId=710900000615u63&cpage=1&searchCode=&searchValue=&signguCd=&othbcListSn=965903,https://cleanup.seoul.go.kr/assc/bidpblanc/lscr.do?cafeId=710900000615u63
58,P0,74,시공·용역; 설계·심의,execution_procurement; design_review,잠실/송파,5,"장미1,2,3차아파트 주택재건축정비사업 조합",조합입찰공고,2025-06-30,358,인테리어 설계 협력업체 선정 입찰 공고,"사업이 실무 집행 단계로 움직이는 신호이며 비용 변동과 연결됨; 계획 변경, 심의 보완, 인허가 지연 가능성을 보여주는 신호","입찰 목적, 마감일, 반복 공고 여부를 보고 일정·비용 리스크를 기록; 고시 원문 및 심의/결재문서 검색 키워드에 추가",https://cleanup.seoul.go.kr/assc/bidpblanc/vscr.do?cafeId=710900000615u63&cpage=1&searchCode=&searchValue=&signguCd=&othbcListSn=947823,https://cleanup.seoul.go.kr/assc/bidpblanc/lscr.do?cafeId=710900000615u63
59,P0,74,시공·용역; 이주·착공 전,execution_procurement; preconstruction,잠실/송파,3,잠실우성아파트 재건축정비사업조합,조합입찰공고,2025-04-04,445,잠실우성아파트 재건축정비사업 사전 석면조사 업체 선정 입찰공고,사업이 실무 집행 단계로 움직이는 신호이며 비용 변동과 연결됨; 착공 전 준비와 현장 전환 가능성을 보여주는 신호,"입찰 목적, 마감일, 반복 공고 여부를 보고 일정·비용 리스크를 기록; 관리처분 이후 이주·철거·착공 일정과 현장 리스크를 분리해 기록",https://cleanup.seoul.go.kr/assc/bidpblanc/vscr.do?cafeId=710100002006X76&cpage=1&searchCode=&searchValue=&signguCd=&othbcListSn=926458,https://cleanup.seoul.go.kr/assc/bidpblanc/lscr.do?cafeId=710100002006X76
60,P0,73,시공·용역; 이주·착공 전,execution_procurement; preconstruction,잠실/송파,16,가락1차현대아파트 재건축정비사업 조합,조합입찰공고,2025-09-24,272,이주관리 및 범죄예방 용역업체 선정 입찰 공고,사업이 실무 집행 단계로 움직이는 신호이며 비용 변동과 연결됨; 착공 전 준비와 현장 전환 가능성을 보여주는 신호,"입찰 목적, 마감일, 반복 공고 여부를 보고 일정·비용 리스크를 기록; 관리처분 이후 이주·철거·착공 일정과 현장 리스크를 분리해 기록",https://cleanup.seoul.go.kr/assc/bidpblanc/vscr.do?cafeId=710900000689x43&cpage=1&searchCode=&searchValue=&signguCd=&othbcListSn=970196,https://cleanup.seoul.go.kr/assc/bidpblanc/lscr.do?cafeId=710900000689x43
61,P0,73,기반시설; 시공·용역,infrastructure; execution_procurement,구의/광진,13,자양제7구역 주택재건축정비사업 조합,조합입찰공고,2025-05-21,398,국공유지 무상양도협의 지원 및 매수협의 용역업체 선정 입찰공고,"공공기여, 설계 난이도, 인허가 일정, 장기 입지 개선을 동시에 보여주는 신호; 사업이 실무 집행 단계로 움직이는 신호이며 비용 변동과 연결됨","교통입지 컨텍스트와 공공기여/기반시설 원문 수치를 함께 확인; 입찰 목적, 마감일, 반복 공고 여부를 보고 일정·비용 리스크를 기록",https://cleanup.seoul.go.kr/assc/bidpblanc/vscr.do?cafeId=215100002002c30&cpage=1&searchCode=&searchValue=&signguCd=&othbcListSn=938079,https://cleanup.seoul.go.kr/assc/bidpblanc/lscr.do?cafeId=215100002002c30
62,P0,73,시공·용역; 이주·착공 전,execution_procurement; preconstruction,잠실/송파,5,"장미1,2,3차아파트 주택재건축정비사업 조합",조합입찰공고,2024-05-08,776,석면 사전조사 협력업체 선정 입찰 공고,사업이 실무 집행 단계로 움직이는 신호이며 비용 변동과 연결됨; 착공 전 준비와 현장 전환 가능성을 보여주는 신호,"입찰 목적, 마감일, 반복 공고 여부를 보고 일정·비용 리스크를 기록; 관리처분 이후 이주·철거·착공 일정과 현장 리스크를 분리해 기록",https://cleanup.seoul.go.kr/assc/bidpblanc/vscr.do?cafeId=710900000615u63&cpage=1&searchCode=&searchValue=&signguCd=&othbcListSn=848011,https://cleanup.seoul.go.kr/assc/bidpblanc/lscr.do?cafeId=710900000615u63
63,P0,72,시공·용역; 총회·협의체; 일반 행정,execution_procurement; governance; low_signal_admin,잠실/송파,17,송파한양2차아파트 재건축정비사업 조합,조합입찰공고,2026-01-12,162,시공자 선정을 위한 2026년 조합 임시총회 임시직원 채용공고,"사업이 실무 집행 단계로 움직이는 신호이며 비용 변동과 연결됨; 조합 의사결정과 동의율, 주민 수용성의 변화를 보여주는 신호; 운영 활동 신호이나 개발 조건 변화와의 직접성은 낮음","입찰 목적, 마감일, 반복 공고 여부를 보고 일정·비용 리스크를 기록; 회의/총회 결과가 단계 변경이나 계획 변경으로 이어졌는지 후속 공고 확인; 총회·시공자 선정 등 다른 신호와 결합될 때만 검토",https://cleanup.seoul.go.kr/assc/bidpblanc/vscr.do?cafeId=710900000132y43&cpage=1&searchCode=&searchValue=&signguCd=&othbcListSn=996477,https://cleanup.seoul.go.kr/assc/bidpblanc/lscr.do?cafeId=710900000132y43
64,P0,72,시공·용역; 설계·심의,execution_procurement; design_review,잠실/송파,9,잠실우성4차 주택재건축정비사업조합,조합입찰공고,2025-08-25,302,환경영향평가(변경) 용역업체 선정 입찰공고,"사업이 실무 집행 단계로 움직이는 신호이며 비용 변동과 연결됨; 계획 변경, 심의 보완, 인허가 지연 가능성을 보여주는 신호","입찰 목적, 마감일, 반복 공고 여부를 보고 일정·비용 리스크를 기록; 고시 원문 및 심의/결재문서 검색 키워드에 추가",https://cleanup.seoul.go.kr/assc/bidpblanc/vscr.do?cafeId=710900000108s28&cpage=1&searchCode=&searchValue=&signguCd=&othbcListSn=962147,https://cleanup.seoul.go.kr/assc/bidpblanc/lscr.do?cafeId=710900000108s28
65,P0,72,비용·분담금; 설계·심의,cost_pressure; design_review,잠실/송파,16,가락1차현대아파트 재건축정비사업 조합,확정된 사업비 및 분담금 목록,2019-03-11,2661,조합설립을 위한 개략적 추정분담금 심의 (검증통과),"조합원 부담, 사업성, 지연 리스크를 직접 흔드는 신호; 계획 변경, 심의 보완, 인허가 지연 가능성을 보여주는 신호",사업별 메모의 공사비·분담금 리스크와 관리처분/사업시행 수치 대조; 고시 원문 및 심의/결재문서 검색 키워드에 추가,,https://cleanup.seoul.go.kr/assc/bbs-use/lscrWctList.do?cafeId=710900000689x43
66,P0,72,시공·용역; 이주·착공 전,execution_procurement; preconstruction,강남,8,대치쌍용1차아파트 주택재건축정비사업조합,조합입찰공고,2017-12-30,3097,협력업체 선정 입찰공고(범죄예방 및 이주관리 용역),사업이 실무 집행 단계로 움직이는 신호이며 비용 변동과 연결됨; 착공 전 준비와 현장 전환 가능성을 보여주는 신호,"입찰 목적, 마감일, 반복 공고 여부를 보고 일정·비용 리스크를 기록; 관리처분 이후 이주·철거·착공 일정과 현장 리스크를 분리해 기록",https://cleanup.seoul.go.kr/assc/bidpblanc/vscr.do?cafeId=680900000566y01&cpage=1&searchCode=&searchValue=&signguCd=&othbcListSn=425196,https://cleanup.seoul.go.kr/assc/bidpblanc/lscr.do?cafeId=680900000566y01
67,P0,71,시공·용역; 설계·심의,execution_procurement; design_review,잠실/송파,21,가락삼익맨숀아파트 재건축정비사업 조합,조합입찰공고,2026-02-13,130,재해영향평가 협력업체 선정을 위한 입찰 공고,"사업이 실무 집행 단계로 움직이는 신호이며 비용 변동과 연결됨; 계획 변경, 심의 보완, 인허가 지연 가능성을 보여주는 신호","입찰 목적, 마감일, 반복 공고 여부를 보고 일정·비용 리스크를 기록; 고시 원문 및 심의/결재문서 검색 키워드에 추가",https://cleanup.seoul.go.kr/assc/bidpblanc/vscr.do?cafeId=710900000676r36&cpage=1&searchCode=&searchValue=&signguCd=&othbcListSn=1005880,https://cleanup.seoul.go.kr/assc/bidpblanc/lscr.do?cafeId=710900000676r36
68,P0,71,인가·고시; 총회·협의체; 일반 행정,planning_notice; governance; low_signal_admin,잠실/송파,20,마천1재정비촉진구역 주택재개발정비사업조합,조합입찰공고,2025-09-08,288,재정비촉진계획(정비계획) 변경의 입안 제안에 관한 동의서 징구 홍보요원 및 전산요원 채용공고,"법정 계획과 구역 조건이 바뀌는 1차 신호; 조합 의사결정과 동의율, 주민 수용성의 변화를 보여주는 신호; 운영 활동 신호이나 개발 조건 변화와의 직접성은 낮음",서울도시공간포털/서울시보/자치구 고시 원문과 제목·고시일을 대조; 회의/총회 결과가 단계 변경이나 계획 변경으로 이어졌는지 후속 공고 확인; 총회·시공자 선정 등 다른 신호와 결합될 때만 검토,https://cleanup.seoul.go.kr/assc/bidpblanc/vscr.do?cafeId=710900000742i64&cpage=1&searchCode=&searchValue=&signguCd=&othbcListSn=965722,https://cleanup.seoul.go.kr/assc/bidpblanc/lscr.do?cafeId=710900000742i64
69,P1,69,인가·고시,planning_notice,구의/광진,27,광장극동아파트 재건축사업 (신속통합기획),공지사항,2026-06-05,18,"재건축 정비구역 지정 및 정비계획 결정, 지구단위계획구역 지정·지구단위계획 결정 정정 고시",법정 계획과 구역 조건이 바뀌는 1차 신호,서울도시공간포털/서울시보/자치구 고시 원문과 제목·고시일을 대조,https://cleanup.seoul.go.kr/assc/bbs-use/vscrGnrl.do?cafeId=215900001400T82&bbsSn=12875&cpage=1&searchCode=&searchValue=&streSttusCode=0&nttSn=176131&menuId=100,https://cleanup.seoul.go.kr/assc/bbs-use/execute.do?cafeId=215900001400T82&bbsSn=12875&streSttusCode=0
70,P1,69,시공·용역,execution_procurement,강남,10,압구정아파트지구 특별계획구역③ 재건축정비사업 조합,조합입찰공고,2026-04-10,74,시공자 선정을 위한 재입찰 공고,사업이 실무 집행 단계로 움직이는 신호이며 비용 변동과 연결됨,"입찰 목적, 마감일, 반복 공고 여부를 보고 일정·비용 리스크를 기록",https://cleanup.seoul.go.kr/assc/bidpblanc/vscr.do?cafeId=680900000675S91&cpage=1&searchCode=&searchValue=&signguCd=&othbcListSn=1022591,https://cleanup.seoul.go.kr/assc/bidpblanc/lscr.do?cafeId=680900000675S91
71,P1,69,시공·용역; 설계·심의,execution_procurement; design_review,강남,6,대치우성1차아파트 재건축정비사업조합,조합입찰공고,2025-03-25,455,감정평가업체 선정 입찰 공고,"사업이 실무 집행 단계로 움직이는 신호이며 비용 변동과 연결됨; 계획 변경, 심의 보완, 인허가 지연 가능성을 보여주는 신호","입찰 목적, 마감일, 반복 공고 여부를 보고 일정·비용 리스크를 기록; 고시 원문 및 심의/결재문서 검색 키워드에 추가",https://cleanup.seoul.go.kr/assc/bidpblanc/vscr.do?cafeId=680900000617J84&cpage=1&searchCode=&searchValue=&signguCd=&othbcListSn=923514,https://cleanup.seoul.go.kr/assc/bidpblanc/lscr.do?cafeId=680900000617J84
72,P1,69,시공·용역; 설계·심의,execution_procurement; design_review,강남,6,대치우성1차아파트 재건축정비사업조합,조합입찰공고,2025-03-25,455,교통영향평가 업체 선정 입찰 공고,"사업이 실무 집행 단계로 움직이는 신호이며 비용 변동과 연결됨; 계획 변경, 심의 보완, 인허가 지연 가능성을 보여주는 신호","입찰 목적, 마감일, 반복 공고 여부를 보고 일정·비용 리스크를 기록; 고시 원문 및 심의/결재문서 검색 키워드에 추가",https://cleanup.seoul.go.kr/assc/bidpblanc/vscr.do?cafeId=680900000617J84&cpage=1&searchCode=&searchValue=&signguCd=&othbcListSn=923524,https://cleanup.seoul.go.kr/assc/bidpblanc/lscr.do?cafeId=680900000617J84
73,P1,69,시공·용역; 설계·심의,execution_procurement; design_review,강남,6,대치우성1차아파트 재건축정비사업조합,조합입찰공고,2025-03-25,455,환경영향평가업체 선정 입찰 공고,"사업이 실무 집행 단계로 움직이는 신호이며 비용 변동과 연결됨; 계획 변경, 심의 보완, 인허가 지연 가능성을 보여주는 신호","입찰 목적, 마감일, 반복 공고 여부를 보고 일정·비용 리스크를 기록; 고시 원문 및 심의/결재문서 검색 키워드에 추가",https://cleanup.seoul.go.kr/assc/bidpblanc/vscr.do?cafeId=680900000617J84&cpage=1&searchCode=&searchValue=&signguCd=&othbcListSn=923521,https://cleanup.seoul.go.kr/assc/bidpblanc/lscr.do?cafeId=680900000617J84
74,P1,69,시공·용역; 설계·심의,execution_procurement; design_review,강남,6,대치우성1차아파트 재건축정비사업조합,조합입찰공고,2025-03-18,462,"(가칭)대치우성1차, 대치쌍용2차 통합조합 설계자 선정 입찰 공고","사업이 실무 집행 단계로 움직이는 신호이며 비용 변동과 연결됨; 계획 변경, 심의 보완, 인허가 지연 가능성을 보여주는 신호","입찰 목적, 마감일, 반복 공고 여부를 보고 일정·비용 리스크를 기록; 고시 원문 및 심의/결재문서 검색 키워드에 추가",https://cleanup.seoul.go.kr/assc/bidpblanc/vscr.do?cafeId=680900000617J84&cpage=1&searchCode=&searchValue=&signguCd=&othbcListSn=921874,https://cleanup.seoul.go.kr/assc/bidpblanc/lscr.do?cafeId=680900000617J84
75,P1,69,기반시설; 시공·용역,infrastructure; execution_procurement,구의/광진,22,중곡아파트 주택재건축정비사업조합,조합입찰공고,2024-06-03,750,중곡공공 공고 제2024-010호_정비기반시설 공사 협력업체 선정 입찰공고,"공공기여, 설계 난이도, 인허가 일정, 장기 입지 개선을 동시에 보여주는 신호; 사업이 실무 집행 단계로 움직이는 신호이며 비용 변동과 연결됨","교통입지 컨텍스트와 공공기여/기반시설 원문 수치를 함께 확인; 입찰 목적, 마감일, 반복 공고 여부를 보고 일정·비용 리스크를 기록",https://cleanup.seoul.go.kr/assc/bidpblanc/vscr.do?cafeId=215900000150z26&cpage=1&searchCode=&searchValue=&signguCd=&othbcListSn=854812,https://cleanup.seoul.go.kr/assc/bidpblanc/lscr.do?cafeId=215900000150z26
76,P1,69,비용·분담금; 총회·협의체,cost_pressure; governance,구의/광진,13,자양제7구역 주택재건축정비사업 조합,확정된 사업비 및 분담금 목록,2018-12-18,2744,조합설립동의서 징구를 위한 추정분담금 산출,"조합원 부담, 사업성, 지연 리스크를 직접 흔드는 신호; 조합 의사결정과 동의율, 주민 수용성의 변화를 보여주는 신호",사업별 메모의 공사비·분담금 리스크와 관리처분/사업시행 수치 대조; 회의/총회 결과가 단계 변경이나 계획 변경으로 이어졌는지 후속 공고 확인,,https://cleanup.seoul.go.kr/assc/bbs-use/lscrWctList.do?cafeId=215100002002c30
77,P1,68,시공·용역,execution_procurement,강남,11,압구정아파트지구 특별계획구역4,조합입찰공고,2026-03-31,84,시공자 선정 입찰 재공고,사업이 실무 집행 단계로 움직이는 신호이며 비용 변동과 연결됨,"입찰 목적, 마감일, 반복 공고 여부를 보고 일정·비용 리스크를 기록",https://cleanup.seoul.go.kr/assc/bidpblanc/vscr.do?cafeId=680900000684g10&cpage=1&searchCode=&searchValue=&signguCd=&othbcListSn=1018249,https://cleanup.seoul.go.kr/assc/bidpblanc/lscr.do?cafeId=680900000684g10
78,P1,68,시공·용역; 설계·심의,execution_procurement; design_review,강남,7,대치쌍용2차아파트 주택재건축정비사업조합,조합입찰공고,2015-08-25,3955,건축심의 및 사업시행(변경)인가 등을 위한 협력업체 선정공고,"사업이 실무 집행 단계로 움직이는 신호이며 비용 변동과 연결됨; 계획 변경, 심의 보완, 인허가 지연 가능성을 보여주는 신호","입찰 목적, 마감일, 반복 공고 여부를 보고 일정·비용 리스크를 기록; 고시 원문 및 심의/결재문서 검색 키워드에 추가",https://cleanup.seoul.go.kr/assc/bidpblanc/vscr.do?cafeId=680900000567C51&cpage=1&searchCode=&searchValue=&signguCd=&othbcListSn=306704,https://cleanup.seoul.go.kr/assc/bidpblanc/lscr.do?cafeId=680900000567C51
79,P1,68,시공·용역; 설계·심의,execution_procurement; design_review,강남,7,대치쌍용2차아파트 주택재건축정비사업조합,조합입찰공고,2015-02-05,4156,설계자선정 입찰공고,"사업이 실무 집행 단계로 움직이는 신호이며 비용 변동과 연결됨; 계획 변경, 심의 보완, 인허가 지연 가능성을 보여주는 신호","입찰 목적, 마감일, 반복 공고 여부를 보고 일정·비용 리스크를 기록; 고시 원문 및 심의/결재문서 검색 키워드에 추가",https://cleanup.seoul.go.kr/assc/bidpblanc/vscr.do?cafeId=680900000567C51&cpage=1&searchCode=&searchValue=&signguCd=&othbcListSn=276187,https://cleanup.seoul.go.kr/assc/bidpblanc/lscr.do?cafeId=680900000567C51
80,P1,67,시공·용역,execution_procurement,강남,14,"개포주공6,7단지아파트 재건축정비사업조합",조합입찰공고,2026-05-13,41,건설사업관리(CM) 협력업체 선정 입찰공고,사업이 실무 집행 단계로 움직이는 신호이며 비용 변동과 연결됨,"입찰 목적, 마감일, 반복 공고 여부를 보고 일정·비용 리스크를 기록",https://cleanup.seoul.go.kr/assc/bidpblanc/vscr.do?cafeId=680900000688Q62&cpage=1&searchCode=&searchValue=&signguCd=&othbcListSn=1033144,https://cleanup.seoul.go.kr/assc/bidpblanc/lscr.do?cafeId=680900000688Q62
81,P1,67,비용·분담금; 총회·협의체,cost_pressure; governance,잠실/송파,17,송파한양2차아파트 재건축정비사업 조합,확정된 사업비 및 분담금 목록,2017-11-01,3156,조합설립동의서 징구를 위한 추정분담금 산출,"조합원 부담, 사업성, 지연 리스크를 직접 흔드는 신호; 조합 의사결정과 동의율, 주민 수용성의 변화를 보여주는 신호",사업별 메모의 공사비·분담금 리스크와 관리처분/사업시행 수치 대조; 회의/총회 결과가 단계 변경이나 계획 변경으로 이어졌는지 후속 공고 확인,,https://cleanup.seoul.go.kr/assc/bbs-use/lscrWctList.do?cafeId=710900000132y43
82,P1,66,인가·고시; 일반 행정,planning_notice; low_signal_admin,강남,15,압구정한양7차아파트 재건축정비사업조합,조합입찰공고,2026-03-24,91,정비계획 수립등 재건축 안내 계약(임시직) 직원 채용 공고,법정 계획과 구역 조건이 바뀌는 1차 신호; 운영 활동 신호이나 개발 조건 변화와의 직접성은 낮음,서울도시공간포털/서울시보/자치구 고시 원문과 제목·고시일을 대조; 총회·시공자 선정 등 다른 신호와 결합될 때만 검토,https://cleanup.seoul.go.kr/assc/bidpblanc/vscr.do?cafeId=680100003000s45&cpage=1&searchCode=&searchValue=&signguCd=&othbcListSn=1016286,https://cleanup.seoul.go.kr/assc/bidpblanc/lscr.do?cafeId=680100003000s45
83,P1,66,시공·용역; 설계·심의,execution_procurement; design_review,잠실/송파,21,가락삼익맨숀아파트 재건축정비사업 조합,조합입찰공고,2025-07-18,340,환경영향평가(변경) 협력업체선정 입찰 공고,"사업이 실무 집행 단계로 움직이는 신호이며 비용 변동과 연결됨; 계획 변경, 심의 보완, 인허가 지연 가능성을 보여주는 신호","입찰 목적, 마감일, 반복 공고 여부를 보고 일정·비용 리스크를 기록; 고시 원문 및 심의/결재문서 검색 키워드에 추가",https://cleanup.seoul.go.kr/assc/bidpblanc/vscr.do?cafeId=710900000676r36&cpage=1&searchCode=&searchValue=&signguCd=&othbcListSn=953728,https://cleanup.seoul.go.kr/assc/bidpblanc/lscr.do?cafeId=710900000676r36
84,P1,66,시공·용역; 설계·심의,execution_procurement; design_review,강남,12,압구정아파트지구 특별계획구역5 재건축정비사업조합,조합입찰공고,2025-06-05,383,환경영향평가 및 재해영향평가 업체 선정 입찰 공고,"사업이 실무 집행 단계로 움직이는 신호이며 비용 변동과 연결됨; 계획 변경, 심의 보완, 인허가 지연 가능성을 보여주는 신호","입찰 목적, 마감일, 반복 공고 여부를 보고 일정·비용 리스크를 기록; 고시 원문 및 심의/결재문서 검색 키워드에 추가",https://cleanup.seoul.go.kr/assc/bidpblanc/vscr.do?cafeId=680900000670W75&cpage=1&searchCode=&searchValue=&signguCd=&othbcListSn=941372,https://cleanup.seoul.go.kr/assc/bidpblanc/lscr.do?cafeId=680900000670W75
85,P1,66,시공·용역; 설계·심의,execution_procurement; design_review,강남,11,압구정아파트지구 특별계획구역4,조합입찰공고,2025-03-07,473,장애물 없는 생활환경 인증 등(BF인증) 용역업체 선정 입찰공고,"사업이 실무 집행 단계로 움직이는 신호이며 비용 변동과 연결됨; 계획 변경, 심의 보완, 인허가 지연 가능성을 보여주는 신호","입찰 목적, 마감일, 반복 공고 여부를 보고 일정·비용 리스크를 기록; 고시 원문 및 심의/결재문서 검색 키워드에 추가",https://cleanup.seoul.go.kr/assc/bidpblanc/vscr.do?cafeId=680900000684g10&cpage=1&searchCode=&searchValue=&signguCd=&othbcListSn=919093,https://cleanup.seoul.go.kr/assc/bidpblanc/lscr.do?cafeId=680900000684g10
86,P1,66,시공·용역; 설계·심의,execution_procurement; design_review,강남,11,압구정아파트지구 특별계획구역4,조합입찰공고,2025-03-07,473,"성능기반 내진설계, 건축물 안전영향평가(구조) 용역업체 선정 입찰공고","사업이 실무 집행 단계로 움직이는 신호이며 비용 변동과 연결됨; 계획 변경, 심의 보완, 인허가 지연 가능성을 보여주는 신호","입찰 목적, 마감일, 반복 공고 여부를 보고 일정·비용 리스크를 기록; 고시 원문 및 심의/결재문서 검색 키워드에 추가",https://cleanup.seoul.go.kr/assc/bidpblanc/vscr.do?cafeId=680900000684g10&cpage=1&searchCode=&searchValue=&signguCd=&othbcListSn=919107,https://cleanup.seoul.go.kr/assc/bidpblanc/lscr.do?cafeId=680900000684g10
87,P1,66,시공·용역; 총회·협의체; 일반 행정,execution_procurement; governance; low_signal_admin,잠실/송파,9,잠실우성4차 주택재건축정비사업조합,조합입찰공고,2024-06-11,742,시공자 선정 겸 임시총회의 임시계약직(홍보요원) 채용 공고,"사업이 실무 집행 단계로 움직이는 신호이며 비용 변동과 연결됨; 조합 의사결정과 동의율, 주민 수용성의 변화를 보여주는 신호; 운영 활동 신호이나 개발 조건 변화와의 직접성은 낮음","입찰 목적, 마감일, 반복 공고 여부를 보고 일정·비용 리스크를 기록; 회의/총회 결과가 단계 변경이나 계획 변경으로 이어졌는지 후속 공고 확인; 총회·시공자 선정 등 다른 신호와 결합될 때만 검토",https://cleanup.seoul.go.kr/assc/bidpblanc/vscr.do?cafeId=710900000108s28&cpage=1&searchCode=&searchValue=&signguCd=&othbcListSn=857117,https://cleanup.seoul.go.kr/assc/bidpblanc/lscr.do?cafeId=710900000108s28
88,P1,66,시공·용역; 이주·착공 전,execution_procurement; preconstruction,잠실/송파,19,대림가락아파트 재건축정비사업조합,조합입찰공고,2023-11-17,949,석면사전조사 및 농도측정 용역업체 선정 입찰공고,사업이 실무 집행 단계로 움직이는 신호이며 비용 변동과 연결됨; 착공 전 준비와 현장 전환 가능성을 보여주는 신호,"입찰 목적, 마감일, 반복 공고 여부를 보고 일정·비용 리스크를 기록; 관리처분 이후 이주·철거·착공 일정과 현장 리스크를 분리해 기록",https://cleanup.seoul.go.kr/assc/bidpblanc/vscr.do?cafeId=710900000854k71&cpage=1&searchCode=&searchValue=&signguCd=&othbcListSn=806930,https://cleanup.seoul.go.kr/assc/bidpblanc/lscr.do?cafeId=710900000854k71
89,P1,66,시공·용역; 설계·심의; 일반 행정,execution_procurement; design_review; low_signal_admin,잠실/송파,17,송파한양2차아파트 재건축정비사업 조합,조합입찰공고,2023-07-11,1078,교육환경영향평가 협력업체 선정 입찰공고,"사업이 실무 집행 단계로 움직이는 신호이며 비용 변동과 연결됨; 계획 변경, 심의 보완, 인허가 지연 가능성을 보여주는 신호; 운영 활동 신호이나 개발 조건 변화와의 직접성은 낮음","입찰 목적, 마감일, 반복 공고 여부를 보고 일정·비용 리스크를 기록; 고시 원문 및 심의/결재문서 검색 키워드에 추가; 총회·시공자 선정 등 다른 신호와 결합될 때만 검토",https://cleanup.seoul.go.kr/assc/bidpblanc/vscr.do?cafeId=710900000132y43&cpage=1&searchCode=&searchValue=&signguCd=&othbcListSn=776540,https://cleanup.seoul.go.kr/assc/bidpblanc/lscr.do?cafeId=710900000132y43
90,P1,65,총회·협의체; 일반 행정,governance; low_signal_admin,강남,4,은마아파트 재건축정비사업조합,조합입찰공고,2026-04-30,54,2026년 정기총회 홍보인원 채용 공고,"조합 의사결정과 동의율, 주민 수용성의 변화를 보여주는 신호; 운영 활동 신호이나 개발 조건 변화와의 직접성은 낮음",회의/총회 결과가 단계 변경이나 계획 변경으로 이어졌는지 후속 공고 확인; 총회·시공자 선정 등 다른 신호와 결합될 때만 검토,https://cleanup.seoul.go.kr/assc/bidpblanc/vscr.do?cafeId=680100002017E89&cpage=1&searchCode=&searchValue=&signguCd=&othbcListSn=1029863,https://cleanup.seoul.go.kr/assc/bidpblanc/lscr.do?cafeId=680100002017E89
91,P1,65,총회·협의체; 일반 행정,governance; low_signal_admin,잠실/송파,3,잠실우성아파트 재건축정비사업조합,조합입찰공고,2026-04-23,61,2026년 정기총회 계약직 홍보전문요원 채용공고,"조합 의사결정과 동의율, 주민 수용성의 변화를 보여주는 신호; 운영 활동 신호이나 개발 조건 변화와의 직접성은 낮음",회의/총회 결과가 단계 변경이나 계획 변경으로 이어졌는지 후속 공고 확인; 총회·시공자 선정 등 다른 신호와 결합될 때만 검토,https://cleanup.seoul.go.kr/assc/bidpblanc/vscr.do?cafeId=710100002006X76&cpage=1&searchCode=&searchValue=&signguCd=&othbcListSn=1027437,https://cleanup.seoul.go.kr/assc/bidpblanc/lscr.do?cafeId=710100002006X76
92,P1,65,총회·협의체; 일반 행정,governance; low_signal_admin,강남,4,은마아파트 재건축정비사업조합,조합입찰공고,2026-03-25,90,2026년 은마상가 재건축협의회 정기총회 홍보인원 채용 공고,"조합 의사결정과 동의율, 주민 수용성의 변화를 보여주는 신호; 운영 활동 신호이나 개발 조건 변화와의 직접성은 낮음",회의/총회 결과가 단계 변경이나 계획 변경으로 이어졌는지 후속 공고 확인; 총회·시공자 선정 등 다른 신호와 결합될 때만 검토,https://cleanup.seoul.go.kr/assc/bidpblanc/vscr.do?cafeId=680100002017E89&cpage=1&searchCode=&searchValue=&signguCd=&othbcListSn=1016570,https://cleanup.seoul.go.kr/assc/bidpblanc/lscr.do?cafeId=680100002017E89
93,P1,65,시공·용역; 이주·착공 전,execution_procurement; preconstruction,구의/광진,22,중곡아파트 주택재건축정비사업조합,조합입찰공고,2023-10-25,972,석면 사전조사 선정 입찰 공고,사업이 실무 집행 단계로 움직이는 신호이며 비용 변동과 연결됨; 착공 전 준비와 현장 전환 가능성을 보여주는 신호,"입찰 목적, 마감일, 반복 공고 여부를 보고 일정·비용 리스크를 기록; 관리처분 이후 이주·철거·착공 일정과 현장 리스크를 분리해 기록",https://cleanup.seoul.go.kr/assc/bidpblanc/vscr.do?cafeId=215900000150z26&cpage=1&searchCode=&searchValue=&signguCd=&othbcListSn=801274,https://cleanup.seoul.go.kr/assc/bidpblanc/lscr.do?cafeId=215900000150z26
94,P1,65,비용·분담금; 총회·협의체,cost_pressure; governance,잠실/송파,21,가락삼익맨숀아파트 재건축정비사업 조합,확정된 사업비 및 분담금 목록,2023-02-01,1238,사업시행인가 신청을 위한 총회 개최 전 변경된 추정분담금 공개,"조합원 부담, 사업성, 지연 리스크를 직접 흔드는 신호; 조합 의사결정과 동의율, 주민 수용성의 변화를 보여주는 신호",사업별 메모의 공사비·분담금 리스크와 관리처분/사업시행 수치 대조; 회의/총회 결과가 단계 변경이나 계획 변경으로 이어졌는지 후속 공고 확인,,https://cleanup.seoul.go.kr/assc/bbs-use/lscrWctList.do?cafeId=710900000676r36
95,P1,64,시공·용역,execution_procurement,강남,4,은마아파트 재건축정비사업조합,조합입찰공고,2026-03-09,106,신축상가 분양 용역업체 선정 입찰공고,사업이 실무 집행 단계로 움직이는 신호이며 비용 변동과 연결됨,"입찰 목적, 마감일, 반복 공고 여부를 보고 일정·비용 리스크를 기록",https://cleanup.seoul.go.kr/assc/bidpblanc/vscr.do?cafeId=680100002017E89&cpage=1&searchCode=&searchValue=&signguCd=&othbcListSn=1011186,https://cleanup.seoul.go.kr/assc/bidpblanc/lscr.do?cafeId=680100002017E89
96,P1,64,시공·용역; 이주·착공 전,execution_procurement; preconstruction,구의/광진,23,광장동 삼성1차아파트 소규모재건축정비사업,조합입찰공고,2022-05-27,1488,"변호사(법률자문, 명도소송, 소유권이전등기소송) 선정 입찰 공고",사업이 실무 집행 단계로 움직이는 신호이며 비용 변동과 연결됨; 착공 전 준비와 현장 전환 가능성을 보여주는 신호,"입찰 목적, 마감일, 반복 공고 여부를 보고 일정·비용 리스크를 기록; 관리처분 이후 이주·철거·착공 일정과 현장 리스크를 분리해 기록",https://cleanup.seoul.go.kr/assc/bidpblanc/vscr.do?cafeId=215900000929v34&cpage=1&searchCode=&searchValue=&signguCd=&othbcListSn=700810,https://cleanup.seoul.go.kr/assc/bidpblanc/lscr.do?cafeId=215900000929v34
97,P1,64,비용·분담금; 총회·협의체,cost_pressure; governance,잠실/송파,3,잠실우성아파트 재건축정비사업조합,공지사항,2017-12-07,3120,조합설립을 위한 추정분담금 등 주민설명회 개최,"조합원 부담, 사업성, 지연 리스크를 직접 흔드는 신호; 조합 의사결정과 동의율, 주민 수용성의 변화를 보여주는 신호",사업별 메모의 공사비·분담금 리스크와 관리처분/사업시행 수치 대조; 회의/총회 결과가 단계 변경이나 계획 변경으로 이어졌는지 후속 공고 확인,https://cleanup.seoul.go.kr/assc/bbs-use/vscrGnrl.do?cafeId=710100002006X76&bbsSn=1461&cpage=1&searchCode=&searchValue=&streSttusCode=0&nttSn=77055&menuId=100,https://cleanup.seoul.go.kr/assc/bbs-use/execute.do?cafeId=710100002006X76&bbsSn=1461&streSttusCode=0
98,P1,64,시공·용역; 설계·심의,execution_procurement; design_review,강남,15,압구정한양7차아파트 재건축정비사업조합,조합입찰공고,2016-11-04,3518,설계자 선정 입찰 공고,"사업이 실무 집행 단계로 움직이는 신호이며 비용 변동과 연결됨; 계획 변경, 심의 보완, 인허가 지연 가능성을 보여주는 신호","입찰 목적, 마감일, 반복 공고 여부를 보고 일정·비용 리스크를 기록; 고시 원문 및 심의/결재문서 검색 키워드에 추가",https://cleanup.seoul.go.kr/assc/bidpblanc/vscr.do?cafeId=680100003000s45&cpage=1&searchCode=&searchValue=&signguCd=&othbcListSn=373946,https://cleanup.seoul.go.kr/assc/bidpblanc/lscr.do?cafeId=680100003000s45
99,P1,64,시공·용역; 설계·심의,execution_procurement; design_review,강남,15,압구정한양7차아파트 재건축정비사업조합,조합입찰공고,2000-10-18,9379,설계업체 모집 공고_2000.10.18,"사업이 실무 집행 단계로 움직이는 신호이며 비용 변동과 연결됨; 계획 변경, 심의 보완, 인허가 지연 가능성을 보여주는 신호","입찰 목적, 마감일, 반복 공고 여부를 보고 일정·비용 리스크를 기록; 고시 원문 및 심의/결재문서 검색 키워드에 추가",https://cleanup.seoul.go.kr/assc/bidpblanc/vscr.do?cafeId=680100003000s45&cpage=1&searchCode=&searchValue=&signguCd=&othbcListSn=88626,https://cleanup.seoul.go.kr/assc/bidpblanc/lscr.do?cafeId=680100003000s45
100,P1,63,시공·용역; 설계·심의,execution_procurement; design_review,잠실/송파,17,송파한양2차아파트 재건축정비사업 조합,조합입찰공고,2023-07-11,1078,경관심의 협력업체 선정 입찰 공고,"사업이 실무 집행 단계로 움직이는 신호이며 비용 변동과 연결됨; 계획 변경, 심의 보완, 인허가 지연 가능성을 보여주는 신호","입찰 목적, 마감일, 반복 공고 여부를 보고 일정·비용 리스크를 기록; 고시 원문 및 심의/결재문서 검색 키워드에 추가",https://cleanup.seoul.go.kr/assc/bidpblanc/vscr.do?cafeId=710900000132y43&cpage=1&searchCode=&searchValue=&signguCd=&othbcListSn=776538,https://cleanup.seoul.go.kr/assc/bidpblanc/lscr.do?cafeId=710900000132y43
101,P1,62,총회·협의체; 일반 행정,governance; low_signal_admin,강남,10,압구정아파트지구 특별계획구역③ 재건축정비사업 조합,조합입찰공고,2026-05-05,49,총회 홍보요원(일용직) 모집 공고,"조합 의사결정과 동의율, 주민 수용성의 변화를 보여주는 신호; 운영 활동 신호이나 개발 조건 변화와의 직접성은 낮음",회의/총회 결과가 단계 변경이나 계획 변경으로 이어졌는지 후속 공고 확인; 총회·시공자 선정 등 다른 신호와 결합될 때만 검토,https://cleanup.seoul.go.kr/assc/bidpblanc/vscr.do?cafeId=680900000675S91&cpage=1&searchCode=&searchValue=&signguCd=&othbcListSn=1030404,https://cleanup.seoul.go.kr/assc/bidpblanc/lscr.do?cafeId=680900000675S91
102,P1,62,재무·행정; 일반 행정,finance_admin; low_signal_admin,잠실/송파,5,"장미1,2,3차아파트 주택재건축정비사업 조합",조합입찰공고,2026-04-15,69,단기 알바 회계 경리 직원 채용 공고,"사업비 조달, 운영 투명성, 재무관리 리스크를 보조적으로 보여주는 신호; 운영 활동 신호이나 개발 조건 변화와의 직접성은 낮음",분담금/사업비 자료와 같이 보되 단독 신호로 과대해석하지 않음; 총회·시공자 선정 등 다른 신호와 결합될 때만 검토,https://cleanup.seoul.go.kr/assc/bidpblanc/vscr.do?cafeId=710900000615u63&cpage=1&searchCode=&searchValue=&signguCd=&othbcListSn=1024274,https://cleanup.seoul.go.kr/assc/bidpblanc/lscr.do?cafeId=710900000615u63
103,P1,62,시공·용역,execution_procurement,강남,8,대치쌍용1차아파트 주택재건축정비사업조합,조합입찰공고,2026-01-14,160,시공자 선정을 위한 재입찰공고,사업이 실무 집행 단계로 움직이는 신호이며 비용 변동과 연결됨,"입찰 목적, 마감일, 반복 공고 여부를 보고 일정·비용 리스크를 기록",https://cleanup.seoul.go.kr/assc/bidpblanc/vscr.do?cafeId=680900000566y01&cpage=1&searchCode=&searchValue=&signguCd=&othbcListSn=997408,https://cleanup.seoul.go.kr/assc/bidpblanc/lscr.do?cafeId=680900000566y01
104,P1,62,시공·용역; 재무·행정,execution_procurement; finance_admin,강남,8,대치쌍용1차아파트 주택재건축정비사업조합,조합입찰공고,2024-03-04,841,협력업체 선정 입찰공고 (회계(세무) 법인 선정 입찰공고),"사업이 실무 집행 단계로 움직이는 신호이며 비용 변동과 연결됨; 사업비 조달, 운영 투명성, 재무관리 리스크를 보조적으로 보여주는 신호","입찰 목적, 마감일, 반복 공고 여부를 보고 일정·비용 리스크를 기록; 분담금/사업비 자료와 같이 보되 단독 신호로 과대해석하지 않음",https://cleanup.seoul.go.kr/assc/bidpblanc/vscr.do?cafeId=680900000566y01&cpage=1&searchCode=&searchValue=&signguCd=&othbcListSn=832294,https://cleanup.seoul.go.kr/assc/bidpblanc/lscr.do?cafeId=680900000566y01
105,P1,62,시공·용역; 설계·심의,execution_procurement; design_review,잠실/송파,19,대림가락아파트 재건축정비사업조합,조합입찰공고,2023-11-17,949,감정평가업체 선정 입찰공고,"사업이 실무 집행 단계로 움직이는 신호이며 비용 변동과 연결됨; 계획 변경, 심의 보완, 인허가 지연 가능성을 보여주는 신호","입찰 목적, 마감일, 반복 공고 여부를 보고 일정·비용 리스크를 기록; 고시 원문 및 심의/결재문서 검색 키워드에 추가",https://cleanup.seoul.go.kr/assc/bidpblanc/vscr.do?cafeId=710900000854k71&cpage=1&searchCode=&searchValue=&signguCd=&othbcListSn=806922,https://cleanup.seoul.go.kr/assc/bidpblanc/lscr.do?cafeId=710900000854k71
106,P1,62,시공·용역; 재무·행정,execution_procurement; finance_admin,강남,7,대치쌍용2차아파트 주택재건축정비사업조합,조합입찰공고,2015-03-06,4127,법무사 및 세무.회계사선정 입찰 수정공고,"사업이 실무 집행 단계로 움직이는 신호이며 비용 변동과 연결됨; 사업비 조달, 운영 투명성, 재무관리 리스크를 보조적으로 보여주는 신호","입찰 목적, 마감일, 반복 공고 여부를 보고 일정·비용 리스크를 기록; 분담금/사업비 자료와 같이 보되 단독 신호로 과대해석하지 않음",https://cleanup.seoul.go.kr/assc/bidpblanc/vscr.do?cafeId=680900000567C51&cpage=1&searchCode=&searchValue=&signguCd=&othbcListSn=279660,https://cleanup.seoul.go.kr/assc/bidpblanc/lscr.do?cafeId=680900000567C51
107,P1,62,시공·용역; 재무·행정,execution_procurement; finance_admin,강남,7,대치쌍용2차아파트 주택재건축정비사업조합,조합입찰공고,2015-02-25,4136,세무.회계사 선정 입찰공고,"사업이 실무 집행 단계로 움직이는 신호이며 비용 변동과 연결됨; 사업비 조달, 운영 투명성, 재무관리 리스크를 보조적으로 보여주는 신호","입찰 목적, 마감일, 반복 공고 여부를 보고 일정·비용 리스크를 기록; 분담금/사업비 자료와 같이 보되 단독 신호로 과대해석하지 않음",https://cleanup.seoul.go.kr/assc/bidpblanc/vscr.do?cafeId=680900000567C51&cpage=1&searchCode=&searchValue=&signguCd=&othbcListSn=278428,https://cleanup.seoul.go.kr/assc/bidpblanc/lscr.do?cafeId=680900000567C51
108,P1,61,총회·협의체; 일반 행정,governance; low_signal_admin,강남,11,압구정아파트지구 특별계획구역4,조합입찰공고,2026-04-02,82,2026년도 정기총회 계약직 직원[홍보인원] 모집공고,"조합 의사결정과 동의율, 주민 수용성의 변화를 보여주는 신호; 운영 활동 신호이나 개발 조건 변화와의 직접성은 낮음",회의/총회 결과가 단계 변경이나 계획 변경으로 이어졌는지 후속 공고 확인; 총회·시공자 선정 등 다른 신호와 결합될 때만 검토,https://cleanup.seoul.go.kr/assc/bidpblanc/vscr.do?cafeId=680900000684g10&cpage=1&searchCode=&searchValue=&signguCd=&othbcListSn=1019312,https://cleanup.seoul.go.kr/assc/bidpblanc/lscr.do?cafeId=680900000684g10
109,P1,61,시공·용역,execution_procurement,강남,10,압구정아파트지구 특별계획구역③ 재건축정비사업 조합,조합입찰공고,2026-02-12,131,시공자 선정을 위한 입찰 공고,사업이 실무 집행 단계로 움직이는 신호이며 비용 변동과 연결됨,"입찰 목적, 마감일, 반복 공고 여부를 보고 일정·비용 리스크를 기록",https://cleanup.seoul.go.kr/assc/bidpblanc/vscr.do?cafeId=680900000675S91&cpage=1&searchCode=&searchValue=&signguCd=&othbcListSn=1005505,https://cleanup.seoul.go.kr/assc/bidpblanc/lscr.do?cafeId=680900000675S91
110,P1,61,시공·용역,execution_procurement,강남,10,압구정아파트지구 특별계획구역③ 재건축정비사업 조합,조합입찰공고,2026-01-09,165,"[압구정3구역 3차, 4차, 10차 아파트 대지권 관련 소송(비송사건 등 포함) 등 용역업체 선정 재입찰공고(안)]",사업이 실무 집행 단계로 움직이는 신호이며 비용 변동과 연결됨,"입찰 목적, 마감일, 반복 공고 여부를 보고 일정·비용 리스크를 기록",https://cleanup.seoul.go.kr/assc/bidpblanc/vscr.do?cafeId=680900000675S91&cpage=1&searchCode=&searchValue=&signguCd=&othbcListSn=996356,https://cleanup.seoul.go.kr/assc/bidpblanc/lscr.do?cafeId=680900000675S91
111,P1,61,시공·용역,execution_procurement,강남,10,압구정아파트지구 특별계획구역③ 재건축정비사업 조합,조합입찰공고,2025-12-30,175,"압구정3구역 3차, 4차, 10차 아파트 대지권 관련 소송(비송사건 등 포함) 등 용역업체 선정 입찰공고",사업이 실무 집행 단계로 움직이는 신호이며 비용 변동과 연결됨,"입찰 목적, 마감일, 반복 공고 여부를 보고 일정·비용 리스크를 기록",https://cleanup.seoul.go.kr/assc/bidpblanc/vscr.do?cafeId=680900000675S91&cpage=1&searchCode=&searchValue=&signguCd=&othbcListSn=993882,https://cleanup.seoul.go.kr/assc/bidpblanc/lscr.do?cafeId=680900000675S91
112,P1,61,시공·용역,execution_procurement,강남,10,압구정아파트지구 특별계획구역③ 재건축정비사업 조합,조합입찰공고,2025-12-30,175,지장물 조사 및 지하시설물(GIS) 용역업체 선정 입찰공고,사업이 실무 집행 단계로 움직이는 신호이며 비용 변동과 연결됨,"입찰 목적, 마감일, 반복 공고 여부를 보고 일정·비용 리스크를 기록",https://cleanup.seoul.go.kr/assc/bidpblanc/vscr.do?cafeId=680900000675S91&cpage=1&searchCode=&searchValue=&signguCd=&othbcListSn=993881,https://cleanup.seoul.go.kr/assc/bidpblanc/lscr.do?cafeId=680900000675S91
113,P1,61,시공·용역,execution_procurement,강남,10,압구정아파트지구 특별계획구역③ 재건축정비사업 조합,조합입찰공고,2025-12-30,175,토목분야 용역업체 선정 입찰공고,사업이 실무 집행 단계로 움직이는 신호이며 비용 변동과 연결됨,"입찰 목적, 마감일, 반복 공고 여부를 보고 일정·비용 리스크를 기록",https://cleanup.seoul.go.kr/assc/bidpblanc/vscr.do?cafeId=680900000675S91&cpage=1&searchCode=&searchValue=&signguCd=&othbcListSn=993877,https://cleanup.seoul.go.kr/assc/bidpblanc/lscr.do?cafeId=680900000675S91
114,P1,61,시공·용역; 설계·심의,execution_procurement; design_review,구의/광진,22,중곡아파트 주택재건축정비사업조합,조합입찰공고,2025-04-16,433,교통영향평가업체 선정 입찰 공고,"사업이 실무 집행 단계로 움직이는 신호이며 비용 변동과 연결됨; 계획 변경, 심의 보완, 인허가 지연 가능성을 보여주는 신호","입찰 목적, 마감일, 반복 공고 여부를 보고 일정·비용 리스크를 기록; 고시 원문 및 심의/결재문서 검색 키워드에 추가",https://cleanup.seoul.go.kr/assc/bidpblanc/vscr.do?cafeId=215900000150z26&cpage=1&searchCode=&searchValue=&signguCd=&othbcListSn=929380,https://cleanup.seoul.go.kr/assc/bidpblanc/lscr.do?cafeId=215900000150z26
115,P1,61,시공·용역; 총회·협의체; 일반 행정,execution_procurement; governance; low_signal_admin,잠실/송파,19,대림가락아파트 재건축정비사업조합,조합입찰공고,2025-02-05,503,2025년도 정기총회 겸 시공자 선정총회 홍보요원 채용 공고,"사업이 실무 집행 단계로 움직이는 신호이며 비용 변동과 연결됨; 조합 의사결정과 동의율, 주민 수용성의 변화를 보여주는 신호; 운영 활동 신호이나 개발 조건 변화와의 직접성은 낮음","입찰 목적, 마감일, 반복 공고 여부를 보고 일정·비용 리스크를 기록; 회의/총회 결과가 단계 변경이나 계획 변경으로 이어졌는지 후속 공고 확인; 총회·시공자 선정 등 다른 신호와 결합될 때만 검토",https://cleanup.seoul.go.kr/assc/bidpblanc/vscr.do?cafeId=710900000854k71&cpage=1&searchCode=&searchValue=&signguCd=&othbcListSn=911567,https://cleanup.seoul.go.kr/assc/bidpblanc/lscr.do?cafeId=710900000854k71
116,P1,61,시공·용역; 설계·심의,execution_procurement; design_review,구의/광진,22,중곡아파트 주택재건축정비사업조합,조합입찰공고,2023-10-25,972,인테리어 설계 용역 입찰 공고,"사업이 실무 집행 단계로 움직이는 신호이며 비용 변동과 연결됨; 계획 변경, 심의 보완, 인허가 지연 가능성을 보여주는 신호","입찰 목적, 마감일, 반복 공고 여부를 보고 일정·비용 리스크를 기록; 고시 원문 및 심의/결재문서 검색 키워드에 추가",https://cleanup.seoul.go.kr/assc/bidpblanc/vscr.do?cafeId=215900000150z26&cpage=1&searchCode=&searchValue=&signguCd=&othbcListSn=801281,https://cleanup.seoul.go.kr/assc/bidpblanc/lscr.do?cafeId=215900000150z26
117,P1,61,인가·고시,planning_notice,강남,4,은마아파트 재건축정비사업조합,확정된 사업비 및 분담금 목록,2023-09-20,1007,정비계획변경,법정 계획과 구역 조건이 바뀌는 1차 신호,서울도시공간포털/서울시보/자치구 고시 원문과 제목·고시일을 대조,,https://cleanup.seoul.go.kr/assc/bbs-use/lscrWctList.do?cafeId=680100002017E89
118,P1,61,비용·분담금,cost_pressure,잠실/송파,5,"장미1,2,3차아파트 주택재건축정비사업 조합",확정된 사업비 및 분담금 목록,2018-04-16,2990,조합설립을 위한 추정분담금 산정(239%),"조합원 부담, 사업성, 지연 리스크를 직접 흔드는 신호",사업별 메모의 공사비·분담금 리스크와 관리처분/사업시행 수치 대조,,https://cleanup.seoul.go.kr/assc/bbs-use/lscrWctList.do?cafeId=710900000615u63
119,P1,60,시공·용역,execution_procurement,강남,12,압구정아파트지구 특별계획구역5 재건축정비사업조합,조합입찰공고,2026-02-11,132,시공자 선정을 위한 입찰 공고,사업이 실무 집행 단계로 움직이는 신호이며 비용 변동과 연결됨,"입찰 목적, 마감일, 반복 공고 여부를 보고 일정·비용 리스크를 기록",https://cleanup.seoul.go.kr/assc/bidpblanc/vscr.do?cafeId=680900000670W75&cpage=1&searchCode=&searchValue=&signguCd=&othbcListSn=1004825,https://cleanup.seoul.go.kr/assc/bidpblanc/lscr.do?cafeId=680900000670W75
120,P1,60,시공·용역,execution_procurement,강남,12,압구정아파트지구 특별계획구역5 재건축정비사업조합,조합입찰공고,2026-02-11,132,시공자 선정을 위한 입찰 공고_파일 첨부,사업이 실무 집행 단계로 움직이는 신호이며 비용 변동과 연결됨,"입찰 목적, 마감일, 반복 공고 여부를 보고 일정·비용 리스크를 기록",https://cleanup.seoul.go.kr/assc/bidpblanc/vscr.do?cafeId=680900000670W75&cpage=1&searchCode=&searchValue=&signguCd=&othbcListSn=1005053,https://cleanup.seoul.go.kr/assc/bidpblanc/lscr.do?cafeId=680900000670W75
121,P1,60,시공·용역,execution_procurement,강남,11,압구정아파트지구 특별계획구역4,조합입찰공고,2026-02-04,139,시공자 선정 입찰공고,사업이 실무 집행 단계로 움직이는 신호이며 비용 변동과 연결됨,"입찰 목적, 마감일, 반복 공고 여부를 보고 일정·비용 리스크를 기록",https://cleanup.seoul.go.kr/assc/bidpblanc/vscr.do?cafeId=680900000684g10&cpage=1&searchCode=&searchValue=&signguCd=&othbcListSn=1002857,https://cleanup.seoul.go.kr/assc/bidpblanc/lscr.do?cafeId=680900000684g10
122,P1,60,시공·용역,execution_procurement,잠실/송파,1,잠실5단지아파트 주택재건축정비사업조합,조합입찰공고,2025-10-28,238,건설사업관리용역(CM)업체 선정 재입찰 공고,사업이 실무 집행 단계로 움직이는 신호이며 비용 변동과 연결됨,"입찰 목적, 마감일, 반복 공고 여부를 보고 일정·비용 리스크를 기록",https://cleanup.seoul.go.kr/assc/bidpblanc/vscr.do?cafeId=710100002002Y42&cpage=1&searchCode=&searchValue=&signguCd=&othbcListSn=977774,https://cleanup.seoul.go.kr/assc/bidpblanc/lscr.do?cafeId=710100002002Y42
123,P1,60,시공·용역,execution_procurement,잠실/송파,1,잠실5단지아파트 주택재건축정비사업조합,조합입찰공고,2025-09-23,273,건설사업관리용역(CM) 업체 선정 입찰 공고,사업이 실무 집행 단계로 움직이는 신호이며 비용 변동과 연결됨,"입찰 목적, 마감일, 반복 공고 여부를 보고 일정·비용 리스크를 기록",https://cleanup.seoul.go.kr/assc/bidpblanc/vscr.do?cafeId=710100002002Y42&cpage=1&searchCode=&searchValue=&signguCd=&othbcListSn=969961,https://cleanup.seoul.go.kr/assc/bidpblanc/lscr.do?cafeId=710100002002Y42
124,P1,60,시공·용역; 설계·심의,execution_procurement; design_review,구의/광진,23,광장동 삼성1차아파트 소규모재건축정비사업,조합입찰공고,2023-04-07,1173,감정평가법인등 선정 입찰 공고,"사업이 실무 집행 단계로 움직이는 신호이며 비용 변동과 연결됨; 계획 변경, 심의 보완, 인허가 지연 가능성을 보여주는 신호","입찰 목적, 마감일, 반복 공고 여부를 보고 일정·비용 리스크를 기록; 고시 원문 및 심의/결재문서 검색 키워드에 추가",https://cleanup.seoul.go.kr/assc/bidpblanc/vscr.do?cafeId=215900000929v34&cpage=1&searchCode=&searchValue=&signguCd=&othbcListSn=752794,https://cleanup.seoul.go.kr/assc/bidpblanc/lscr.do?cafeId=215900000929v34
125,P1,60,시공·용역; 설계·심의,execution_procurement; design_review,구의/광진,23,광장동 삼성1차아파트 소규모재건축정비사업,조합입찰공고,2022-05-27,1488,설계자 선정 입찰 공고,"사업이 실무 집행 단계로 움직이는 신호이며 비용 변동과 연결됨; 계획 변경, 심의 보완, 인허가 지연 가능성을 보여주는 신호","입찰 목적, 마감일, 반복 공고 여부를 보고 일정·비용 리스크를 기록; 고시 원문 및 심의/결재문서 검색 키워드에 추가",https://cleanup.seoul.go.kr/assc/bidpblanc/vscr.do?cafeId=215900000929v34&cpage=1&searchCode=&searchValue=&signguCd=&othbcListSn=700809,https://cleanup.seoul.go.kr/assc/bidpblanc/lscr.do?cafeId=215900000929v34
126,P1,60,비용·분담금,cost_pressure,강남,8,대치쌍용1차아파트 주택재건축정비사업조합,확정된 사업비 및 분담금 목록,2018-05-04,2972,사업시행계획 수립을 위한 추정사업비/개략적 분담금 산출,"조합원 부담, 사업성, 지연 리스크를 직접 흔드는 신호",사업별 메모의 공사비·분담금 리스크와 관리처분/사업시행 수치 대조,,https://cleanup.seoul.go.kr/assc/bbs-use/lscrWctList.do?cafeId=680900000566y01
127,P1,59,시공·용역; 재무·행정,execution_procurement; finance_admin,구의/광진,24,워커힐아파트1단지 재건축정비사업 조합설립추진위원회,조합입찰공고,2025-11-07,228,세무·회계 업체 선정 입찰공고,"사업이 실무 집행 단계로 움직이는 신호이며 비용 변동과 연결됨; 사업비 조달, 운영 투명성, 재무관리 리스크를 보조적으로 보여주는 신호","입찰 목적, 마감일, 반복 공고 여부를 보고 일정·비용 리스크를 기록; 분담금/사업비 자료와 같이 보되 단독 신호로 과대해석하지 않음",https://cleanup.seoul.go.kr/assc/bidpblanc/vscr.do?cafeId=215900001363i54&cpage=1&searchCode=&searchValue=&signguCd=&othbcListSn=980702,https://cleanup.seoul.go.kr/assc/bidpblanc/lscr.do?cafeId=215900001363i54
128,P1,59,시공·용역; 설계·심의,execution_procurement; design_review,구의/광진,26,자양한양아파트 재건축정비사업,조합입찰공고,2025-05-21,398,설계자 선정 입찰 공고,"사업이 실무 집행 단계로 움직이는 신호이며 비용 변동과 연결됨; 계획 변경, 심의 보완, 인허가 지연 가능성을 보여주는 신호","입찰 목적, 마감일, 반복 공고 여부를 보고 일정·비용 리스크를 기록; 고시 원문 및 심의/결재문서 검색 키워드에 추가",https://cleanup.seoul.go.kr/assc/bidpblanc/vscr.do?cafeId=215900001270s44&cpage=1&searchCode=&searchValue=&signguCd=&othbcListSn=938106,https://cleanup.seoul.go.kr/assc/bidpblanc/lscr.do?cafeId=215900001270s44
129,P1,59,시공·용역; 설계·심의,execution_procurement; design_review,구의/광진,25,한양연립 일대 가로주택정비사업,조합입찰공고,2024-01-31,874,(재공고)인테리어설계용역업체 선정 공고,"사업이 실무 집행 단계로 움직이는 신호이며 비용 변동과 연결됨; 계획 변경, 심의 보완, 인허가 지연 가능성을 보여주는 신호","입찰 목적, 마감일, 반복 공고 여부를 보고 일정·비용 리스크를 기록; 고시 원문 및 심의/결재문서 검색 키워드에 추가",https://cleanup.seoul.go.kr/assc/bidpblanc/vscr.do?cafeId=215900001126x73&cpage=1&searchCode=&searchValue=&signguCd=&othbcListSn=827886,https://cleanup.seoul.go.kr/assc/bidpblanc/lscr.do?cafeId=215900001126x73
130,P1,59,시공·용역; 설계·심의,execution_procurement; design_review,구의/광진,25,한양연립 일대 가로주택정비사업,조합입찰공고,2024-01-18,887,인테리어 설계 용역 업체 선정 입찰 공고,"사업이 실무 집행 단계로 움직이는 신호이며 비용 변동과 연결됨; 계획 변경, 심의 보완, 인허가 지연 가능성을 보여주는 신호","입찰 목적, 마감일, 반복 공고 여부를 보고 일정·비용 리스크를 기록; 고시 원문 및 심의/결재문서 검색 키워드에 추가",https://cleanup.seoul.go.kr/assc/bidpblanc/vscr.do?cafeId=215900001126x73&cpage=1&searchCode=&searchValue=&signguCd=&othbcListSn=827880,https://cleanup.seoul.go.kr/assc/bidpblanc/lscr.do?cafeId=215900001126x73
131,P1,59,비용·분담금,cost_pressure,강남,10,압구정아파트지구 특별계획구역③ 재건축정비사업 조합,확정된 사업비 및 분담금 목록,2020-12-30,2001,조합설립을 위한 추정사업비 등재(1991년개발기본계획),"조합원 부담, 사업성, 지연 리스크를 직접 흔드는 신호",사업별 메모의 공사비·분담금 리스크와 관리처분/사업시행 수치 대조,,https://cleanup.seoul.go.kr/assc/bbs-use/lscrWctList.do?cafeId=680900000675S91
132,P1,58,총회·협의체; 일반 행정,governance; low_signal_admin,강남,2,압구정아파트지구 특별계획구역② 재건축정비사업조합,조합입찰공고,2026-03-23,92,임시직원 채용공고(정기총회 개최를 위한),"조합 의사결정과 동의율, 주민 수용성의 변화를 보여주는 신호; 운영 활동 신호이나 개발 조건 변화와의 직접성은 낮음",회의/총회 결과가 단계 변경이나 계획 변경으로 이어졌는지 후속 공고 확인; 총회·시공자 선정 등 다른 신호와 결합될 때만 검토,https://cleanup.seoul.go.kr/assc/bidpblanc/vscr.do?cafeId=680900000762A92&cpage=1&searchCode=&searchValue=&signguCd=&othbcListSn=1015819,https://cleanup.seoul.go.kr/assc/bidpblanc/lscr.do?cafeId=680900000762A92
133,P1,58,총회·협의체; 일반 행정,governance; low_signal_admin,강남,2,압구정아파트지구 특별계획구역② 재건축정비사업조합,조합입찰공고,2026-03-19,96,임시직원 채용공고(대의원회 개최를 위한),"조합 의사결정과 동의율, 주민 수용성의 변화를 보여주는 신호; 운영 활동 신호이나 개발 조건 변화와의 직접성은 낮음",회의/총회 결과가 단계 변경이나 계획 변경으로 이어졌는지 후속 공고 확인; 총회·시공자 선정 등 다른 신호와 결합될 때만 검토,https://cleanup.seoul.go.kr/assc/bidpblanc/vscr.do?cafeId=680900000762A92&cpage=1&searchCode=&searchValue=&signguCd=&othbcListSn=1015073,https://cleanup.seoul.go.kr/assc/bidpblanc/lscr.do?cafeId=680900000762A92
134,P1,58,총회·협의체; 일반 행정,governance; low_signal_admin,강남,2,압구정아파트지구 특별계획구역② 재건축정비사업조합,조합입찰공고,2026-01-27,147,임시직원 채용공고(대의원회 개최를 위한),"조합 의사결정과 동의율, 주민 수용성의 변화를 보여주는 신호; 운영 활동 신호이나 개발 조건 변화와의 직접성은 낮음",회의/총회 결과가 단계 변경이나 계획 변경으로 이어졌는지 후속 공고 확인; 총회·시공자 선정 등 다른 신호와 결합될 때만 검토,https://cleanup.seoul.go.kr/assc/bidpblanc/vscr.do?cafeId=680900000762A92&cpage=1&searchCode=&searchValue=&signguCd=&othbcListSn=1000745,https://cleanup.seoul.go.kr/assc/bidpblanc/lscr.do?cafeId=680900000762A92
135,P1,57,인가·고시,planning_notice,구의/광진,27,광장극동아파트 재건축사업 (신속통합기획),공지사항,2026-04-30,54,"재건축 정비구역 지정 및 정비계획 결정, 지구단위계획구역 지정·지구단위계획 결정 및 지형도면 고시",법정 계획과 구역 조건이 바뀌는 1차 신호,서울도시공간포털/서울시보/자치구 고시 원문과 제목·고시일을 대조,https://cleanup.seoul.go.kr/assc/bbs-use/vscrGnrl.do?cafeId=215900001400T82&bbsSn=12875&cpage=1&searchCode=&searchValue=&streSttusCode=0&nttSn=175836&menuId=100,https://cleanup.seoul.go.kr/assc/bbs-use/execute.do?cafeId=215900001400T82&bbsSn=12875&streSttusCode=0
136,P1,57,총회·협의체; 일반 행정,governance; low_signal_admin,잠실/송파,20,마천1재정비촉진구역 주택재개발정비사업조합,조합입찰공고,2026-04-07,77,2026년 조합 정기총회 홍보요원 및 전산요원 채용공고,"조합 의사결정과 동의율, 주민 수용성의 변화를 보여주는 신호; 운영 활동 신호이나 개발 조건 변화와의 직접성은 낮음",회의/총회 결과가 단계 변경이나 계획 변경으로 이어졌는지 후속 공고 확인; 총회·시공자 선정 등 다른 신호와 결합될 때만 검토,https://cleanup.seoul.go.kr/assc/bidpblanc/vscr.do?cafeId=710900000742i64&cpage=1&searchCode=&searchValue=&signguCd=&othbcListSn=1020753,https://cleanup.seoul.go.kr/assc/bidpblanc/lscr.do?cafeId=710900000742i64
137,P1,57,시공·용역,execution_procurement,강남,8,대치쌍용1차아파트 주택재건축정비사업조합,조합입찰공고,2025-12-19,186,시공자 선정을 위한 입찰공고,사업이 실무 집행 단계로 움직이는 신호이며 비용 변동과 연결됨,"입찰 목적, 마감일, 반복 공고 여부를 보고 일정·비용 리스크를 기록",https://cleanup.seoul.go.kr/assc/bidpblanc/vscr.do?cafeId=680900000566y01&cpage=1&searchCode=&searchValue=&signguCd=&othbcListSn=991559,https://cleanup.seoul.go.kr/assc/bidpblanc/lscr.do?cafeId=680900000566y01
138,P1,57,시공·용역; 일반 행정,execution_procurement; low_signal_admin,잠실/송파,3,잠실우성아파트 재건축정비사업조합,조합입찰공고,2024-11-14,586,잠실우성아파트 재건축정비사업 시공자 선정 입찰 공고 전 홍보관련 공고,사업이 실무 집행 단계로 움직이는 신호이며 비용 변동과 연결됨; 운영 활동 신호이나 개발 조건 변화와의 직접성은 낮음,"입찰 목적, 마감일, 반복 공고 여부를 보고 일정·비용 리스크를 기록; 총회·시공자 선정 등 다른 신호와 결합될 때만 검토",https://cleanup.seoul.go.kr/assc/bidpblanc/vscr.do?cafeId=710100002006X76&cpage=1&searchCode=&searchValue=&signguCd=&othbcListSn=893013,https://cleanup.seoul.go.kr/assc/bidpblanc/lscr.do?cafeId=710100002006X76
139,P1,57,비용·분담금,cost_pressure,강남,14,"개포주공6,7단지아파트 재건축정비사업조합",확정된 사업비 및 분담금 목록,2024-04-21,793,조합설립단계의 개략적인 추정분담금 산출,"조합원 부담, 사업성, 지연 리스크를 직접 흔드는 신호",사업별 메모의 공사비·분담금 리스크와 관리처분/사업시행 수치 대조,,https://cleanup.seoul.go.kr/assc/bbs-use/lscrWctList.do?cafeId=680900000688Q62
140,P1,57,비용·분담금,cost_pressure,강남,14,"개포주공6,7단지아파트 재건축정비사업조합",확정된 사업비 및 분담금 목록,2024-04-21,793,사업시행계획 수립을 위한 토지등 소유자 추정분담금 산정,"조합원 부담, 사업성, 지연 리스크를 직접 흔드는 신호",사업별 메모의 공사비·분담금 리스크와 관리처분/사업시행 수치 대조,,https://cleanup.seoul.go.kr/assc/bbs-use/lscrWctList.do?cafeId=680900000688Q62
141,P1,56,일반 행정,low_signal_admin,잠실/송파,21,가락삼익맨숀아파트 재건축정비사업 조합,조합입찰공고,2026-05-26,28,직원 채용공고,운영 활동 신호이나 개발 조건 변화와의 직접성은 낮음,총회·시공자 선정 등 다른 신호와 결합될 때만 검토,https://cleanup.seoul.go.kr/assc/bidpblanc/vscr.do?cafeId=710900000676r36&cpage=1&searchCode=&searchValue=&signguCd=&othbcListSn=1038069,https://cleanup.seoul.go.kr/assc/bidpblanc/lscr.do?cafeId=710900000676r36
142,P1,56,시공·용역,execution_procurement,잠실/송파,20,마천1재정비촉진구역 주택재개발정비사업조합,조합입찰공고,2026-03-05,110,건설사업관리(시공자 선정 전 사전관리 업무 등) 용역업체 선정 입찰공고,사업이 실무 집행 단계로 움직이는 신호이며 비용 변동과 연결됨,"입찰 목적, 마감일, 반복 공고 여부를 보고 일정·비용 리스크를 기록",https://cleanup.seoul.go.kr/assc/bidpblanc/vscr.do?cafeId=710900000742i64&cpage=1&searchCode=&searchValue=&signguCd=&othbcListSn=1010483,https://cleanup.seoul.go.kr/assc/bidpblanc/lscr.do?cafeId=710900000742i64
143,P1,56,시공·용역,execution_procurement,잠실/송파,9,잠실우성4차 주택재건축정비사업조합,조합입찰공고,2025-08-25,302,도시계획 용역업체 선정 입찰공고,사업이 실무 집행 단계로 움직이는 신호이며 비용 변동과 연결됨,"입찰 목적, 마감일, 반복 공고 여부를 보고 일정·비용 리스크를 기록",https://cleanup.seoul.go.kr/assc/bidpblanc/vscr.do?cafeId=710900000108s28&cpage=1&searchCode=&searchValue=&signguCd=&othbcListSn=962130,https://cleanup.seoul.go.kr/assc/bidpblanc/lscr.do?cafeId=710900000108s28
144,P1,56,비용·분담금,cost_pressure,잠실/송파,16,가락1차현대아파트 재건축정비사업 조합,확정된 사업비 및 분담금 목록,2023-07-14,1075,추정분담금 산정 후 종전소유자목록변경,"조합원 부담, 사업성, 지연 리스크를 직접 흔드는 신호",사업별 메모의 공사비·분담금 리스크와 관리처분/사업시행 수치 대조,,https://cleanup.seoul.go.kr/assc/bbs-use/lscrWctList.do?cafeId=710900000689x43
145,P1,56,비용·분담금,cost_pressure,잠실/송파,16,가락1차현대아파트 재건축정비사업 조합,확정된 사업비 및 분담금 목록,2023-07-06,1083,사업시행계획 수립시 추정분담금 산정,"조합원 부담, 사업성, 지연 리스크를 직접 흔드는 신호",사업별 메모의 공사비·분담금 리스크와 관리처분/사업시행 수치 대조,,https://cleanup.seoul.go.kr/assc/bbs-use/lscrWctList.do?cafeId=710900000689x43
146,P1,55,시공·용역,execution_procurement,강남,12,압구정아파트지구 특별계획구역5 재건축정비사업조합,조합입찰공고,2025-08-14,313,압구정5구역 소송대리변호사(법무법인) 선정 입찰공고,사업이 실무 집행 단계로 움직이는 신호이며 비용 변동과 연결됨,"입찰 목적, 마감일, 반복 공고 여부를 보고 일정·비용 리스크를 기록",https://cleanup.seoul.go.kr/assc/bidpblanc/vscr.do?cafeId=680900000670W75&cpage=1&searchCode=&searchValue=&signguCd=&othbcListSn=959930,https://cleanup.seoul.go.kr/assc/bidpblanc/lscr.do?cafeId=680900000670W75
147,P2,54,총회·협의체,governance,구의/광진,27,광장극동아파트 재건축사업 (신속통합기획),공지사항,2026-06-11,12,제11차 주민협의체 소위원회 소집 공고,"조합 의사결정과 동의율, 주민 수용성의 변화를 보여주는 신호",회의/총회 결과가 단계 변경이나 계획 변경으로 이어졌는지 후속 공고 확인,https://cleanup.seoul.go.kr/assc/bbs-use/vscrGnrl.do?cafeId=215900001400T82&bbsSn=12875&cpage=1&searchCode=&searchValue=&streSttusCode=0&nttSn=176169&menuId=100,https://cleanup.seoul.go.kr/assc/bbs-use/execute.do?cafeId=215900001400T82&bbsSn=12875&streSttusCode=0
148,P2,54,총회·협의체,governance,구의/광진,27,광장극동아파트 재건축사업 (신속통합기획),공지사항,2026-05-29,25,제10차 주민협의체 소위원회 소집 공고,"조합 의사결정과 동의율, 주민 수용성의 변화를 보여주는 신호",회의/총회 결과가 단계 변경이나 계획 변경으로 이어졌는지 후속 공고 확인,https://cleanup.seoul.go.kr/assc/bbs-use/vscrGnrl.do?cafeId=215900001400T82&bbsSn=12875&cpage=1&searchCode=&searchValue=&streSttusCode=0&nttSn=176092&menuId=100,https://cleanup.seoul.go.kr/assc/bbs-use/execute.do?cafeId=215900001400T82&bbsSn=12875&streSttusCode=0
149,P2,54,시공·용역,execution_procurement,강남,14,"개포주공6,7단지아파트 재건축정비사업조합",조합입찰공고,2025-12-23,182,관리처분계획 타당성 검증 관련 전문 용역업체 선정 입찰공고,사업이 실무 집행 단계로 움직이는 신호이며 비용 변동과 연결됨,"입찰 목적, 마감일, 반복 공고 여부를 보고 일정·비용 리스크를 기록",https://cleanup.seoul.go.kr/assc/bidpblanc/vscr.do?cafeId=680900000688Q62&cpage=1&searchCode=&searchValue=&signguCd=&othbcListSn=992597,https://cleanup.seoul.go.kr/assc/bidpblanc/lscr.do?cafeId=680900000688Q62
150,P2,54,시공·용역,execution_procurement,잠실/송파,3,잠실우성아파트 재건축정비사업조합,조합입찰공고,2025-03-14,466,잠실우성아파트 재건축정비사업 조합 시공자 선정 입찰 재공고,사업이 실무 집행 단계로 움직이는 신호이며 비용 변동과 연결됨,"입찰 목적, 마감일, 반복 공고 여부를 보고 일정·비용 리스크를 기록",https://cleanup.seoul.go.kr/assc/bidpblanc/vscr.do?cafeId=710100002006X76&cpage=1&searchCode=&searchValue=&signguCd=&othbcListSn=921312,https://cleanup.seoul.go.kr/assc/bidpblanc/lscr.do?cafeId=710100002006X76
151,P2,54,시공·용역,execution_procurement,잠실/송파,3,잠실우성아파트 재건축정비사업조합,조합입찰공고,2024-12-24,546,잠실우성아파트 재건축정비사업조합 시공자 선정 입찰공고,사업이 실무 집행 단계로 움직이는 신호이며 비용 변동과 연결됨,"입찰 목적, 마감일, 반복 공고 여부를 보고 일정·비용 리스크를 기록",https://cleanup.seoul.go.kr/assc/bidpblanc/vscr.do?cafeId=710100002006X76&cpage=1&searchCode=&searchValue=&signguCd=&othbcListSn=902645,https://cleanup.seoul.go.kr/assc/bidpblanc/lscr.do?cafeId=710100002006X76
152,P2,53,일반 행정,low_signal_admin,강남,4,은마아파트 재건축정비사업조합,조합입찰공고,2026-04-09,75,선거보조원 채용 공고,운영 활동 신호이나 개발 조건 변화와의 직접성은 낮음,총회·시공자 선정 등 다른 신호와 결합될 때만 검토,https://cleanup.seoul.go.kr/assc/bidpblanc/vscr.do?cafeId=680100002017E89&cpage=1&searchCode=&searchValue=&signguCd=&othbcListSn=1022077,https://cleanup.seoul.go.kr/assc/bidpblanc/lscr.do?cafeId=680100002017E89
153,P2,53,총회·협의체; 일반 행정,governance; low_signal_admin,잠실/송파,1,잠실5단지아파트 주택재건축정비사업조합,조합입찰공고,2025-11-18,217,총회 홍보를 위한 계약직원 채용 공고,"조합 의사결정과 동의율, 주민 수용성의 변화를 보여주는 신호; 운영 활동 신호이나 개발 조건 변화와의 직접성은 낮음",회의/총회 결과가 단계 변경이나 계획 변경으로 이어졌는지 후속 공고 확인; 총회·시공자 선정 등 다른 신호와 결합될 때만 검토,https://cleanup.seoul.go.kr/assc/bidpblanc/vscr.do?cafeId=710100002002Y42&cpage=1&searchCode=&searchValue=&signguCd=&othbcListSn=983473,https://cleanup.seoul.go.kr/assc/bidpblanc/lscr.do?cafeId=710100002002Y42
154,P2,53,총회·협의체; 일반 행정,governance; low_signal_admin,강남,2,압구정아파트지구 특별계획구역② 재건축정비사업조합,조합입찰공고,2025-10-30,236,임시직원 채용 공고(대의원회 개최를 위한),"조합 의사결정과 동의율, 주민 수용성의 변화를 보여주는 신호; 운영 활동 신호이나 개발 조건 변화와의 직접성은 낮음",회의/총회 결과가 단계 변경이나 계획 변경으로 이어졌는지 후속 공고 확인; 총회·시공자 선정 등 다른 신호와 결합될 때만 검토,https://cleanup.seoul.go.kr/assc/bidpblanc/vscr.do?cafeId=680900000762A92&cpage=1&searchCode=&searchValue=&signguCd=&othbcListSn=978487,https://cleanup.seoul.go.kr/assc/bidpblanc/lscr.do?cafeId=680900000762A92
155,P2,53,시공·용역,execution_procurement,잠실/송파,16,가락1차현대아파트 재건축정비사업 조합,조합입찰공고,2025-09-24,272,법률자문업체 선정 입찰공고,사업이 실무 집행 단계로 움직이는 신호이며 비용 변동과 연결됨,"입찰 목적, 마감일, 반복 공고 여부를 보고 일정·비용 리스크를 기록",https://cleanup.seoul.go.kr/assc/bidpblanc/vscr.do?cafeId=710900000689x43&cpage=1&searchCode=&searchValue=&signguCd=&othbcListSn=970193,https://cleanup.seoul.go.kr/assc/bidpblanc/lscr.do?cafeId=710900000689x43
156,P2,53,총회·협의체; 일반 행정,governance; low_signal_admin,잠실/송파,1,잠실5단지아파트 주택재건축정비사업조합,조합입찰공고,2025-08-07,320,총회 홍보를 위한 계약직원 채용 공고,"조합 의사결정과 동의율, 주민 수용성의 변화를 보여주는 신호; 운영 활동 신호이나 개발 조건 변화와의 직접성은 낮음",회의/총회 결과가 단계 변경이나 계획 변경으로 이어졌는지 후속 공고 확인; 총회·시공자 선정 등 다른 신호와 결합될 때만 검토,https://cleanup.seoul.go.kr/assc/bidpblanc/vscr.do?cafeId=710100002002Y42&cpage=1&searchCode=&searchValue=&signguCd=&othbcListSn=958011,https://cleanup.seoul.go.kr/assc/bidpblanc/lscr.do?cafeId=710100002002Y42
157,P2,53,시공·용역,execution_procurement,강남,6,대치우성1차아파트 재건축정비사업조합,조합입찰공고,2025-03-18,462,정비사업전문관리업자 선정 입찰공고,사업이 실무 집행 단계로 움직이는 신호이며 비용 변동과 연결됨,"입찰 목적, 마감일, 반복 공고 여부를 보고 일정·비용 리스크를 기록",https://cleanup.seoul.go.kr/assc/bidpblanc/vscr.do?cafeId=680900000617J84&cpage=1&searchCode=&searchValue=&signguCd=&othbcListSn=921868,https://cleanup.seoul.go.kr/assc/bidpblanc/lscr.do?cafeId=680900000617J84
158,P2,53,비용·분담금,cost_pressure,잠실/송파,1,잠실5단지아파트 주택재건축정비사업조합,공지사항,2025-03-11,469,2025년 민간공사원가자문 서비스 안내,"조합원 부담, 사업성, 지연 리스크를 직접 흔드는 신호",사업별 메모의 공사비·분담금 리스크와 관리처분/사업시행 수치 대조,https://cleanup.seoul.go.kr/assc/bbs-use/vscrGnrl.do?cafeId=710100002002Y42&bbsSn=1568&cpage=1&searchCode=&searchValue=&streSttusCode=0&nttSn=155749&menuId=100,https://cleanup.seoul.go.kr/assc/bbs-use/execute.do?cafeId=710100002002Y42&bbsSn=1568&streSttusCode=0
159,P2,53,비용·분담금,cost_pressure,강남,2,압구정아파트지구 특별계획구역② 재건축정비사업조합,공지사항,2025-03-11,469,2025년 민간공사원가자문 서비스 안내,"조합원 부담, 사업성, 지연 리스크를 직접 흔드는 신호",사업별 메모의 공사비·분담금 리스크와 관리처분/사업시행 수치 대조,https://cleanup.seoul.go.kr/assc/bbs-use/vscrGnrl.do?cafeId=680900000762A92&bbsSn=8107&cpage=1&searchCode=&searchValue=&streSttusCode=0&nttSn=156712&menuId=100,https://cleanup.seoul.go.kr/assc/bbs-use/execute.do?cafeId=680900000762A92&bbsSn=8107&streSttusCode=0
160,P2,53,시공·용역,execution_procurement,잠실/송파,5,"장미1,2,3차아파트 주택재건축정비사업 조합",조합입찰공고,2025-01-14,525,지적측량 협력업체 입찰 공고,사업이 실무 집행 단계로 움직이는 신호이며 비용 변동과 연결됨,"입찰 목적, 마감일, 반복 공고 여부를 보고 일정·비용 리스크를 기록",https://cleanup.seoul.go.kr/assc/bidpblanc/vscr.do?cafeId=710900000615u63&cpage=1&searchCode=&searchValue=&signguCd=&othbcListSn=907976,https://cleanup.seoul.go.kr/assc/bidpblanc/lscr.do?cafeId=710900000615u63
161,P2,53,시공·용역,execution_procurement,강남,6,대치우성1차아파트 재건축정비사업조합,조합입찰공고,2025-01-06,533,건설사업관리(CM)업체 선정 입찰공고,사업이 실무 집행 단계로 움직이는 신호이며 비용 변동과 연결됨,"입찰 목적, 마감일, 반복 공고 여부를 보고 일정·비용 리스크를 기록",https://cleanup.seoul.go.kr/assc/bidpblanc/vscr.do?cafeId=680900000617J84&cpage=1&searchCode=&searchValue=&signguCd=&othbcListSn=905486,https://cleanup.seoul.go.kr/assc/bidpblanc/lscr.do?cafeId=680900000617J84
162,P2,53,비용·분담금,cost_pressure,잠실/송파,21,가락삼익맨숀아파트 재건축정비사업 조합,확정된 사업비 및 분담금 목록,2024-12-26,544,추정분담금안내 및 조합원분양신청안내,"조합원 부담, 사업성, 지연 리스크를 직접 흔드는 신호",사업별 메모의 공사비·분담금 리스크와 관리처분/사업시행 수치 대조,,https://cleanup.seoul.go.kr/assc/bbs-use/lscrWctList.do?cafeId=710900000676r36
163,P2,53,시공·용역,execution_procurement,강남,6,대치우성1차아파트 재건축정비사업조합,조합입찰공고,2023-12-26,910,통합 도시계획업체 선정 입찰공고,사업이 실무 집행 단계로 움직이는 신호이며 비용 변동과 연결됨,"입찰 목적, 마감일, 반복 공고 여부를 보고 일정·비용 리스크를 기록",https://cleanup.seoul.go.kr/assc/bidpblanc/vscr.do?cafeId=680900000617J84&cpage=1&searchCode=&searchValue=&signguCd=&othbcListSn=817657,https://cleanup.seoul.go.kr/assc/bidpblanc/lscr.do?cafeId=680900000617J84
164,P2,52,기타,uncategorized,강남,4,은마아파트 재건축정비사업조합,확정된 사업비 및 분담금 목록,2026-05-07,47,사업시행계획 수립단계,공개 항목이지만 개발 조건 변화와의 직접 신호는 낮음,다른 단계 변경 신호와 결합될 때 확인,,https://cleanup.seoul.go.kr/assc/bbs-use/lscrWctList.do?cafeId=680100002017E89
165,P2,52,일반 행정,low_signal_admin,잠실/송파,5,"장미1,2,3차아파트 주택재건축정비사업 조합",조합입찰공고,2026-04-27,57,조합 사무 직원 채용 공고,운영 활동 신호이나 개발 조건 변화와의 직접성은 낮음,총회·시공자 선정 등 다른 신호와 결합될 때만 검토,https://cleanup.seoul.go.kr/assc/bidpblanc/vscr.do?cafeId=710900000615u63&cpage=1&searchCode=&searchValue=&signguCd=&othbcListSn=1028297,https://cleanup.seoul.go.kr/assc/bidpblanc/lscr.do?cafeId=710900000615u63
166,P2,52,일반 행정,low_signal_admin,잠실/송파,5,"장미1,2,3차아파트 주택재건축정비사업 조합",조합입찰공고,2026-04-17,67,조합 사무 직원 채용 공고,운영 활동 신호이나 개발 조건 변화와의 직접성은 낮음,총회·시공자 선정 등 다른 신호와 결합될 때만 검토,https://cleanup.seoul.go.kr/assc/bidpblanc/vscr.do?cafeId=710900000615u63&cpage=1&searchCode=&searchValue=&signguCd=&othbcListSn=1025136,https://cleanup.seoul.go.kr/assc/bidpblanc/lscr.do?cafeId=710900000615u63
167,P2,52,시공·용역,execution_procurement,잠실/송파,17,송파한양2차아파트 재건축정비사업 조합,조합입찰공고,2025-10-16,250,시공자 선정 2차 입찰공고,사업이 실무 집행 단계로 움직이는 신호이며 비용 변동과 연결됨,"입찰 목적, 마감일, 반복 공고 여부를 보고 일정·비용 리스크를 기록",https://cleanup.seoul.go.kr/assc/bidpblanc/vscr.do?cafeId=710900000132y43&cpage=1&searchCode=&searchValue=&signguCd=&othbcListSn=975150,https://cleanup.seoul.go.kr/assc/bidpblanc/lscr.do?cafeId=710900000132y43
168,P2,52,시공·용역,execution_procurement,잠실/송파,18,송파미성아파트 재건축정비사업조합,조합입찰공고,2025-08-21,306,소규모지하안전영향평가 협력업체 선정 입찰공고,사업이 실무 집행 단계로 움직이는 신호이며 비용 변동과 연결됨,"입찰 목적, 마감일, 반복 공고 여부를 보고 일정·비용 리스크를 기록",https://cleanup.seoul.go.kr/assc/bidpblanc/vscr.do?cafeId=710900000815V40&cpage=1&searchCode=&searchValue=&signguCd=&othbcListSn=961329,https://cleanup.seoul.go.kr/assc/bidpblanc/lscr.do?cafeId=710900000815V40
169,P2,52,시공·용역,execution_procurement,잠실/송파,17,송파한양2차아파트 재건축정비사업 조합,조합입찰공고,2025-07-11,347,시공자 선정 입찰공고,사업이 실무 집행 단계로 움직이는 신호이며 비용 변동과 연결됨,"입찰 목적, 마감일, 반복 공고 여부를 보고 일정·비용 리스크를 기록",https://cleanup.seoul.go.kr/assc/bidpblanc/vscr.do?cafeId=710900000132y43&cpage=1&searchCode=&searchValue=&signguCd=&othbcListSn=952054,https://cleanup.seoul.go.kr/assc/bidpblanc/lscr.do?cafeId=710900000132y43
170,P2,52,비용·분담금,cost_pressure,잠실/송파,3,잠실우성아파트 재건축정비사업조합,공지사항,2025-03-11,469,2025년 민간공사원가자문 서비스 안내,"조합원 부담, 사업성, 지연 리스크를 직접 흔드는 신호",사업별 메모의 공사비·분담금 리스크와 관리처분/사업시행 수치 대조,https://cleanup.seoul.go.kr/assc/bbs-use/vscrGnrl.do?cafeId=710100002006X76&bbsSn=1461&cpage=1&searchCode=&searchValue=&streSttusCode=0&nttSn=155807&menuId=100,https://cleanup.seoul.go.kr/assc/bbs-use/execute.do?cafeId=710100002006X76&bbsSn=1461&streSttusCode=0
171,P2,52,비용·분담금,cost_pressure,강남,4,은마아파트 재건축정비사업조합,공지사항,2025-03-11,469,2025년 민간공사원가자문 서비스 안내,"조합원 부담, 사업성, 지연 리스크를 직접 흔드는 신호",사업별 메모의 공사비·분담금 리스크와 관리처분/사업시행 수치 대조,https://cleanup.seoul.go.kr/assc/bbs-use/vscrGnrl.do?cafeId=680100002017E89&bbsSn=1403&cpage=1&searchCode=&searchValue=&streSttusCode=0&nttSn=155944&menuId=100,https://cleanup.seoul.go.kr/assc/bbs-use/execute.do?cafeId=680100002017E89&bbsSn=1403&streSttusCode=0
172,P2,52,시공·용역,execution_procurement,강남,8,대치쌍용1차아파트 주택재건축정비사업조합,조합입찰공고,2023-10-04,993,협력업체 선정 입찰공고(도시계획업체 선정 입찰공고),사업이 실무 집행 단계로 움직이는 신호이며 비용 변동과 연결됨,"입찰 목적, 마감일, 반복 공고 여부를 보고 일정·비용 리스크를 기록",https://cleanup.seoul.go.kr/assc/bidpblanc/vscr.do?cafeId=680900000566y01&cpage=1&searchCode=&searchValue=&signguCd=&othbcListSn=796079,https://cleanup.seoul.go.kr/assc/bidpblanc/lscr.do?cafeId=680900000566y01
173,P2,52,시공·용역,execution_procurement,강남,7,대치쌍용2차아파트 주택재건축정비사업조합,조합입찰공고,2018-02-08,3057,시공자 선정을 위한 입찰재공고,사업이 실무 집행 단계로 움직이는 신호이며 비용 변동과 연결됨,"입찰 목적, 마감일, 반복 공고 여부를 보고 일정·비용 리스크를 기록",https://cleanup.seoul.go.kr/assc/bidpblanc/vscr.do?cafeId=680900000567C51&cpage=1&searchCode=&searchValue=&signguCd=&othbcListSn=431382,https://cleanup.seoul.go.kr/assc/bidpblanc/lscr.do?cafeId=680900000567C51
174,P2,52,시공·용역,execution_procurement,강남,8,대치쌍용1차아파트 주택재건축정비사업조합,조합입찰공고,2017-11-30,3127,협력업체 선정 입찰공고(지하철 안정성 검토 용역),사업이 실무 집행 단계로 움직이는 신호이며 비용 변동과 연결됨,"입찰 목적, 마감일, 반복 공고 여부를 보고 일정·비용 리스크를 기록",https://cleanup.seoul.go.kr/assc/bidpblanc/vscr.do?cafeId=680900000566y01&cpage=1&searchCode=&searchValue=&signguCd=&othbcListSn=420851,https://cleanup.seoul.go.kr/assc/bidpblanc/lscr.do?cafeId=680900000566y01
175,P2,52,시공·용역,execution_procurement,강남,7,대치쌍용2차아파트 주택재건축정비사업조합,조합입찰공고,2017-11-06,3151,시공자 선정을 위한 입찰공고,사업이 실무 집행 단계로 움직이는 신호이며 비용 변동과 연결됨,"입찰 목적, 마감일, 반복 공고 여부를 보고 일정·비용 리스크를 기록",https://cleanup.seoul.go.kr/assc/bidpblanc/vscr.do?cafeId=680900000567C51&cpage=1&searchCode=&searchValue=&signguCd=&othbcListSn=416997,https://cleanup.seoul.go.kr/assc/bidpblanc/lscr.do?cafeId=680900000567C51
176,P2,52,시공·용역,execution_procurement,강남,7,대치쌍용2차아파트 주택재건축정비사업조합,조합입찰공고,2015-02-25,4136,법무사 선정 입찰공고,사업이 실무 집행 단계로 움직이는 신호이며 비용 변동과 연결됨,"입찰 목적, 마감일, 반복 공고 여부를 보고 일정·비용 리스크를 기록",https://cleanup.seoul.go.kr/assc/bidpblanc/vscr.do?cafeId=680900000567C51&cpage=1&searchCode=&searchValue=&signguCd=&othbcListSn=278426,https://cleanup.seoul.go.kr/assc/bidpblanc/lscr.do?cafeId=680900000567C51
177,P2,51,총회·협의체; 일반 행정,governance; low_signal_admin,잠실/송파,16,가락1차현대아파트 재건축정비사업 조합,조합입찰공고,2026-03-20,95,2026년 정기총회 홍보요원 채용 공고,"조합 의사결정과 동의율, 주민 수용성의 변화를 보여주는 신호; 운영 활동 신호이나 개발 조건 변화와의 직접성은 낮음",회의/총회 결과가 단계 변경이나 계획 변경으로 이어졌는지 후속 공고 확인; 총회·시공자 선정 등 다른 신호와 결합될 때만 검토,https://cleanup.seoul.go.kr/assc/bidpblanc/vscr.do?cafeId=710900000689x43&cpage=1&searchCode=&searchValue=&signguCd=&othbcListSn=1015313,https://cleanup.seoul.go.kr/assc/bidpblanc/lscr.do?cafeId=710900000689x43
178,P2,51,시공·용역,execution_procurement,잠실/송파,20,마천1재정비촉진구역 주택재개발정비사업조합,조합입찰공고,2025-11-24,211,토목분야 협력업체 선정 입찰공고,사업이 실무 집행 단계로 움직이는 신호이며 비용 변동과 연결됨,"입찰 목적, 마감일, 반복 공고 여부를 보고 일정·비용 리스크를 기록",https://cleanup.seoul.go.kr/assc/bidpblanc/vscr.do?cafeId=710900000742i64&cpage=1&searchCode=&searchValue=&signguCd=&othbcListSn=984862,https://cleanup.seoul.go.kr/assc/bidpblanc/lscr.do?cafeId=710900000742i64
179,P2,51,시공·용역,execution_procurement,잠실/송파,20,마천1재정비촉진구역 주택재개발정비사업조합,조합입찰공고,2025-11-24,211,토지등수용·보상 및 국·공유지 무상양도·양수 협의 행정용역 등 업체 선정 입찰공고,사업이 실무 집행 단계로 움직이는 신호이며 비용 변동과 연결됨,"입찰 목적, 마감일, 반복 공고 여부를 보고 일정·비용 리스크를 기록",https://cleanup.seoul.go.kr/assc/bidpblanc/vscr.do?cafeId=710900000742i64&cpage=1&searchCode=&searchValue=&signguCd=&othbcListSn=984874,https://cleanup.seoul.go.kr/assc/bidpblanc/lscr.do?cafeId=710900000742i64
180,P2,51,시공·용역,execution_procurement,잠실/송파,20,마천1재정비촉진구역 주택재개발정비사업조합,조합입찰공고,2025-11-24,211,법무사 업무 용역 협력업체 선정 입찰공고,사업이 실무 집행 단계로 움직이는 신호이며 비용 변동과 연결됨,"입찰 목적, 마감일, 반복 공고 여부를 보고 일정·비용 리스크를 기록",https://cleanup.seoul.go.kr/assc/bidpblanc/vscr.do?cafeId=710900000742i64&cpage=1&searchCode=&searchValue=&signguCd=&othbcListSn=984869,https://cleanup.seoul.go.kr/assc/bidpblanc/lscr.do?cafeId=710900000742i64
181,P2,51,비용·분담금,cost_pressure,잠실/송파,5,"장미1,2,3차아파트 주택재건축정비사업 조합",공지사항,2025-03-11,469,2025년 민간공사원가자문 서비스 안내,"조합원 부담, 사업성, 지연 리스크를 직접 흔드는 신호",사업별 메모의 공사비·분담금 리스크와 관리처분/사업시행 수치 대조,https://cleanup.seoul.go.kr/assc/bbs-use/vscrGnrl.do?cafeId=710900000615u63&bbsSn=5477&cpage=1&searchCode=&searchValue=&streSttusCode=0&nttSn=156504&menuId=100,https://cleanup.seoul.go.kr/assc/bbs-use/execute.do?cafeId=710900000615u63&bbsSn=5477&streSttusCode=0
182,P2,51,비용·분담금,cost_pressure,강남,6,대치우성1차아파트 재건축정비사업조합,공지사항,2025-03-11,469,2025년 민간공사원가자문 서비스 안내,"조합원 부담, 사업성, 지연 리스크를 직접 흔드는 신호",사업별 메모의 공사비·분담금 리스크와 관리처분/사업시행 수치 대조,https://cleanup.seoul.go.kr/assc/bbs-use/vscrGnrl.do?cafeId=680900000617J84&bbsSn=5485&cpage=1&searchCode=&searchValue=&streSttusCode=0&nttSn=156505&menuId=100,https://cleanup.seoul.go.kr/assc/bbs-use/execute.do?cafeId=680900000617J84&bbsSn=5485&streSttusCode=0
183,P2,51,시공·용역,execution_procurement,잠실/송파,9,잠실우성4차 주택재건축정비사업조합,조합입찰공고,2024-03-19,826,시공자 선정을 위한 입찰공고,사업이 실무 집행 단계로 움직이는 신호이며 비용 변동과 연결됨,"입찰 목적, 마감일, 반복 공고 여부를 보고 일정·비용 리스크를 기록",https://cleanup.seoul.go.kr/assc/bidpblanc/vscr.do?cafeId=710900000108s28&cpage=1&searchCode=&searchValue=&signguCd=&othbcListSn=836001,https://cleanup.seoul.go.kr/assc/bidpblanc/lscr.do?cafeId=710900000108s28
184,P2,51,시공·용역,execution_procurement,잠실/송파,9,잠실우성4차 주택재건축정비사업조합,조합입찰공고,2024-02-29,845,시공자 선정을 위한 입찰공고,사업이 실무 집행 단계로 움직이는 신호이며 비용 변동과 연결됨,"입찰 목적, 마감일, 반복 공고 여부를 보고 일정·비용 리스크를 기록",https://cleanup.seoul.go.kr/assc/bidpblanc/vscr.do?cafeId=710900000108s28&cpage=1&searchCode=&searchValue=&signguCd=&othbcListSn=831639,https://cleanup.seoul.go.kr/assc/bidpblanc/lscr.do?cafeId=710900000108s28
185,P2,50,시공·용역,execution_procurement,구의/광진,22,중곡아파트 주택재건축정비사업조합,조합입찰공고,2025-10-14,252,품질사양서 작성 및 원가관리(건설사업관리)용역 입찰공고,사업이 실무 집행 단계로 움직이는 신호이며 비용 변동과 연결됨,"입찰 목적, 마감일, 반복 공고 여부를 보고 일정·비용 리스크를 기록",https://cleanup.seoul.go.kr/assc/bidpblanc/vscr.do?cafeId=215900000150z26&cpage=1&searchCode=&searchValue=&signguCd=&othbcListSn=974046,https://cleanup.seoul.go.kr/assc/bidpblanc/lscr.do?cafeId=215900000150z26
186,P2,50,시공·용역,execution_procurement,강남,12,압구정아파트지구 특별계획구역5 재건축정비사업조합,조합입찰공고,2025-06-05,383,건설사업관리(CM) 용역업체 선정 입찰공고,사업이 실무 집행 단계로 움직이는 신호이며 비용 변동과 연결됨,"입찰 목적, 마감일, 반복 공고 여부를 보고 일정·비용 리스크를 기록",https://cleanup.seoul.go.kr/assc/bidpblanc/vscr.do?cafeId=680900000670W75&cpage=1&searchCode=&searchValue=&signguCd=&othbcListSn=941371,https://cleanup.seoul.go.kr/assc/bidpblanc/lscr.do?cafeId=680900000670W75
187,P2,50,시공·용역,execution_procurement,강남,12,압구정아파트지구 특별계획구역5 재건축정비사업조합,조합입찰공고,2025-06-05,383,경관분야용역업체 선정 입찰공고,사업이 실무 집행 단계로 움직이는 신호이며 비용 변동과 연결됨,"입찰 목적, 마감일, 반복 공고 여부를 보고 일정·비용 리스크를 기록",https://cleanup.seoul.go.kr/assc/bidpblanc/vscr.do?cafeId=680900000670W75&cpage=1&searchCode=&searchValue=&signguCd=&othbcListSn=941377,https://cleanup.seoul.go.kr/assc/bidpblanc/lscr.do?cafeId=680900000670W75
188,P2,50,비용·분담금,cost_pressure,강남,7,대치쌍용2차아파트 주택재건축정비사업조합,공지사항,2025-03-11,469,2025년 민간공사원가자문 서비스 안내,"조합원 부담, 사업성, 지연 리스크를 직접 흔드는 신호",사업별 메모의 공사비·분담금 리스크와 관리처분/사업시행 수치 대조,https://cleanup.seoul.go.kr/assc/bbs-use/vscrGnrl.do?cafeId=680900000567C51&bbsSn=5277&cpage=1&searchCode=&searchValue=&streSttusCode=0&nttSn=156496&menuId=100,https://cleanup.seoul.go.kr/assc/bbs-use/execute.do?cafeId=680900000567C51&bbsSn=5277&streSttusCode=0
189,P2,50,비용·분담금,cost_pressure,강남,8,대치쌍용1차아파트 주택재건축정비사업조합,공지사항,2025-03-11,469,2025년 민간공사원가자문 서비스 안내,"조합원 부담, 사업성, 지연 리스크를 직접 흔드는 신호",사업별 메모의 공사비·분담금 리스크와 관리처분/사업시행 수치 대조,https://cleanup.seoul.go.kr/assc/bbs-use/vscrGnrl.do?cafeId=680900000566y01&bbsSn=5273&cpage=1&searchCode=&searchValue=&streSttusCode=0&nttSn=156448&menuId=100,https://cleanup.seoul.go.kr/assc/bbs-use/execute.do?cafeId=680900000566y01&bbsSn=5273&streSttusCode=0
190,P2,50,시공·용역,execution_procurement,강남,11,압구정아파트지구 특별계획구역4,조합입찰공고,2025-03-07,473,"지하안전영향평가, 건축물안전영향평가(토목) 용역업체 선정 입찰공고",사업이 실무 집행 단계로 움직이는 신호이며 비용 변동과 연결됨,"입찰 목적, 마감일, 반복 공고 여부를 보고 일정·비용 리스크를 기록",https://cleanup.seoul.go.kr/assc/bidpblanc/vscr.do?cafeId=680900000684g10&cpage=1&searchCode=&searchValue=&signguCd=&othbcListSn=919109,https://cleanup.seoul.go.kr/assc/bidpblanc/lscr.do?cafeId=680900000684g10
191,P2,49,시공·용역,execution_procurement,구의/광진,24,워커힐아파트1단지 재건축정비사업 조합설립추진위원회,조합입찰공고,2025-11-07,228,정비사업전문관리업자 선정 입찰공고,사업이 실무 집행 단계로 움직이는 신호이며 비용 변동과 연결됨,"입찰 목적, 마감일, 반복 공고 여부를 보고 일정·비용 리스크를 기록",https://cleanup.seoul.go.kr/assc/bidpblanc/vscr.do?cafeId=215900001363i54&cpage=1&searchCode=&searchValue=&signguCd=&othbcListSn=980680,https://cleanup.seoul.go.kr/assc/bidpblanc/lscr.do?cafeId=215900001363i54
192,P2,49,총회·협의체; 일반 행정,governance; low_signal_admin,잠실/송파,9,잠실우성4차 주택재건축정비사업조합,조합입찰공고,2025-08-05,322,임시계약직(총회 홍보)채용공고,"조합 의사결정과 동의율, 주민 수용성의 변화를 보여주는 신호; 운영 활동 신호이나 개발 조건 변화와의 직접성은 낮음",회의/총회 결과가 단계 변경이나 계획 변경으로 이어졌는지 후속 공고 확인; 총회·시공자 선정 등 다른 신호와 결합될 때만 검토,https://cleanup.seoul.go.kr/assc/bidpblanc/vscr.do?cafeId=710900000108s28&cpage=1&searchCode=&searchValue=&signguCd=&othbcListSn=957631,https://cleanup.seoul.go.kr/assc/bidpblanc/lscr.do?cafeId=710900000108s28
193,P2,49,비용·분담금,cost_pressure,잠실/송파,9,잠실우성4차 주택재건축정비사업조합,공지사항,2025-03-11,469,2025년 민간공사원가자문 서비스 안내,"조합원 부담, 사업성, 지연 리스크를 직접 흔드는 신호",사업별 메모의 공사비·분담금 리스크와 관리처분/사업시행 수치 대조,https://cleanup.seoul.go.kr/assc/bbs-use/vscrGnrl.do?cafeId=710900000108s28&bbsSn=1555&cpage=1&searchCode=&searchValue=&streSttusCode=0&nttSn=155754&menuId=100,https://cleanup.seoul.go.kr/assc/bbs-use/execute.do?cafeId=710900000108s28&bbsSn=1555&streSttusCode=0
194,P2,49,비용·분담금,cost_pressure,강남,10,압구정아파트지구 특별계획구역③ 재건축정비사업 조합,공지사항,2025-03-11,469,2025년 민간공사원가자문 서비스 안내,"조합원 부담, 사업성, 지연 리스크를 직접 흔드는 신호",사업별 메모의 공사비·분담금 리스크와 관리처분/사업시행 수치 대조,https://cleanup.seoul.go.kr/assc/bbs-use/vscrGnrl.do?cafeId=680900000675S91&bbsSn=5733&cpage=1&searchCode=&searchValue=&streSttusCode=0&nttSn=156554&menuId=100,https://cleanup.seoul.go.kr/assc/bbs-use/execute.do?cafeId=680900000675S91&bbsSn=5733&streSttusCode=0
195,P2,49,시공·용역,execution_procurement,구의/광진,13,자양제7구역 주택재건축정비사업 조합,조합입찰공고,2024-05-14,770,시공자 선정 입찰 재공고,사업이 실무 집행 단계로 움직이는 신호이며 비용 변동과 연결됨,"입찰 목적, 마감일, 반복 공고 여부를 보고 일정·비용 리스크를 기록",https://cleanup.seoul.go.kr/assc/bidpblanc/vscr.do?cafeId=215100002002c30&cpage=1&searchCode=&searchValue=&signguCd=&othbcListSn=849733,https://cleanup.seoul.go.kr/assc/bidpblanc/lscr.do?cafeId=215100002002c30
196,P2,49,시공·용역,execution_procurement,구의/광진,13,자양제7구역 주택재건축정비사업 조합,조합입찰공고,2024-04-23,791,시공자 선정 입찰 공고,사업이 실무 집행 단계로 움직이는 신호이며 비용 변동과 연결됨,"입찰 목적, 마감일, 반복 공고 여부를 보고 일정·비용 리스크를 기록",https://cleanup.seoul.go.kr/assc/bidpblanc/vscr.do?cafeId=215100002002c30&cpage=1&searchCode=&searchValue=&signguCd=&othbcListSn=845377,https://cleanup.seoul.go.kr/assc/bidpblanc/lscr.do?cafeId=215100002002c30
197,P2,48,시공·용역,execution_procurement,구의/광진,26,자양한양아파트 재건축정비사업,조합입찰공고,2025-09-22,274,정비사업전문관리업자 선정을 위한 입찰 공고,사업이 실무 집행 단계로 움직이는 신호이며 비용 변동과 연결됨,"입찰 목적, 마감일, 반복 공고 여부를 보고 일정·비용 리스크를 기록",https://cleanup.seoul.go.kr/assc/bidpblanc/vscr.do?cafeId=215900001270s44&cpage=1&searchCode=&searchValue=&signguCd=&othbcListSn=969507,https://cleanup.seoul.go.kr/assc/bidpblanc/lscr.do?cafeId=215900001270s44
198,P2,48,총회·협의체; 일반 행정,governance; low_signal_admin,강남,12,압구정아파트지구 특별계획구역5 재건축정비사업조합,조합입찰공고,2025-06-26,362,2025년도 임시총회 계약직원 채용 공고,"조합 의사결정과 동의율, 주민 수용성의 변화를 보여주는 신호; 운영 활동 신호이나 개발 조건 변화와의 직접성은 낮음",회의/총회 결과가 단계 변경이나 계획 변경으로 이어졌는지 후속 공고 확인; 총회·시공자 선정 등 다른 신호와 결합될 때만 검토,https://cleanup.seoul.go.kr/assc/bidpblanc/vscr.do?cafeId=680900000670W75&cpage=1&searchCode=&searchValue=&signguCd=&othbcListSn=947401,https://cleanup.seoul.go.kr/assc/bidpblanc/lscr.do?cafeId=680900000670W75
199,P2,48,시공·용역,execution_procurement,강남,15,압구정한양7차아파트 재건축정비사업조합,조합입찰공고,2025-03-24,456,도시계획업체 선정 입찰 공고,사업이 실무 집행 단계로 움직이는 신호이며 비용 변동과 연결됨,"입찰 목적, 마감일, 반복 공고 여부를 보고 일정·비용 리스크를 기록",https://cleanup.seoul.go.kr/assc/bidpblanc/vscr.do?cafeId=680100003000s45&cpage=1&searchCode=&searchValue=&signguCd=&othbcListSn=923790,https://cleanup.seoul.go.kr/assc/bidpblanc/lscr.do?cafeId=680100003000s45
200,P2,48,비용·분담금,cost_pressure,강남,11,압구정아파트지구 특별계획구역4,공지사항,2025-03-11,469,2025년 민간공사원가자문 서비스 안내,"조합원 부담, 사업성, 지연 리스크를 직접 흔드는 신호",사업별 메모의 공사비·분담금 리스크와 관리처분/사업시행 수치 대조,https://cleanup.seoul.go.kr/assc/bbs-use/vscrGnrl.do?cafeId=680900000684g10&bbsSn=5773&cpage=1&searchCode=&searchValue=&streSttusCode=0&nttSn=156553&menuId=100,https://cleanup.seoul.go.kr/assc/bbs-use/execute.do?cafeId=680900000684g10&bbsSn=5773&streSttusCode=0
201,P2,48,비용·분담금,cost_pressure,강남,12,압구정아파트지구 특별계획구역5 재건축정비사업조합,공지사항,2025-03-11,469,2025년 민간공사원가자문 서비스 안내,"조합원 부담, 사업성, 지연 리스크를 직접 흔드는 신호",사업별 메모의 공사비·분담금 리스크와 관리처분/사업시행 수치 대조,https://cleanup.seoul.go.kr/assc/bbs-use/vscrGnrl.do?cafeId=680900000670W75&bbsSn=5713&cpage=1&searchCode=&searchValue=&streSttusCode=0&nttSn=156564&menuId=100,https://cleanup.seoul.go.kr/assc/bbs-use/execute.do?cafeId=680900000670W75&bbsSn=5713&streSttusCode=0
202,P2,48,시공·용역,execution_procurement,강남,15,압구정한양7차아파트 재건축정비사업조합,조합입찰공고,2025-02-25,483,도시계획업체 선정 입찰 공고,사업이 실무 집행 단계로 움직이는 신호이며 비용 변동과 연결됨,"입찰 목적, 마감일, 반복 공고 여부를 보고 일정·비용 리스크를 기록",https://cleanup.seoul.go.kr/assc/bidpblanc/vscr.do?cafeId=680100003000s45&cpage=1&searchCode=&searchValue=&signguCd=&othbcListSn=916322,https://cleanup.seoul.go.kr/assc/bidpblanc/lscr.do?cafeId=680100003000s45
203,P2,48,시공·용역,execution_procurement,잠실/송파,16,가락1차현대아파트 재건축정비사업 조합,조합입찰공고,2025-02-17,491,시공자 선정 입찰 공고(2차),사업이 실무 집행 단계로 움직이는 신호이며 비용 변동과 연결됨,"입찰 목적, 마감일, 반복 공고 여부를 보고 일정·비용 리스크를 기록",https://cleanup.seoul.go.kr/assc/bidpblanc/vscr.do?cafeId=710900000689x43&cpage=1&searchCode=&searchValue=&signguCd=&othbcListSn=914750,https://cleanup.seoul.go.kr/assc/bidpblanc/lscr.do?cafeId=710900000689x43
204,P2,48,시공·용역,execution_procurement,강남,15,압구정한양7차아파트 재건축정비사업조합,조합입찰공고,2025-02-12,496,도시계획업체 선정 입찰 공고,사업이 실무 집행 단계로 움직이는 신호이며 비용 변동과 연결됨,"입찰 목적, 마감일, 반복 공고 여부를 보고 일정·비용 리스크를 기록",https://cleanup.seoul.go.kr/assc/bidpblanc/vscr.do?cafeId=680100003000s45&cpage=1&searchCode=&searchValue=&signguCd=&othbcListSn=913510,https://cleanup.seoul.go.kr/assc/bidpblanc/lscr.do?cafeId=680100003000s45
205,P2,48,시공·용역,execution_procurement,강남,15,압구정한양7차아파트 재건축정비사업조합,조합입찰공고,2016-11-04,3518,정비사업전문관리업자 선정 입찰공고,사업이 실무 집행 단계로 움직이는 신호이며 비용 변동과 연결됨,"입찰 목적, 마감일, 반복 공고 여부를 보고 일정·비용 리스크를 기록",https://cleanup.seoul.go.kr/assc/bidpblanc/vscr.do?cafeId=680100003000s45&cpage=1&searchCode=&searchValue=&signguCd=&othbcListSn=373948,https://cleanup.seoul.go.kr/assc/bidpblanc/lscr.do?cafeId=680100003000s45
206,P2,47,총회·협의체; 일반 행정,governance; low_signal_admin,잠실/송파,3,잠실우성아파트 재건축정비사업조합,조합입찰공고,2025-06-19,369,2025년 정기총회 계약직 홍보전문요원 채용공고,"조합 의사결정과 동의율, 주민 수용성의 변화를 보여주는 신호; 운영 활동 신호이나 개발 조건 변화와의 직접성은 낮음",회의/총회 결과가 단계 변경이나 계획 변경으로 이어졌는지 후속 공고 확인; 총회·시공자 선정 등 다른 신호와 결합될 때만 검토,https://cleanup.seoul.go.kr/assc/bidpblanc/vscr.do?cafeId=710100002006X76&cpage=1&searchCode=&searchValue=&signguCd=&othbcListSn=945711,https://cleanup.seoul.go.kr/assc/bidpblanc/lscr.do?cafeId=710100002006X76
207,P2,47,비용·분담금,cost_pressure,구의/광진,13,자양제7구역 주택재건축정비사업 조합,공지사항,2025-03-11,469,2025년 민간공사원가자문 서비스 안내,"조합원 부담, 사업성, 지연 리스크를 직접 흔드는 신호",사업별 메모의 공사비·분담금 리스크와 관리처분/사업시행 수치 대조,https://cleanup.seoul.go.kr/assc/bbs-use/vscrGnrl.do?cafeId=215100002002c30&bbsSn=461&cpage=1&searchCode=&searchValue=&streSttusCode=0&nttSn=155553&menuId=100,https://cleanup.seoul.go.kr/assc/bbs-use/execute.do?cafeId=215100002002c30&bbsSn=461&streSttusCode=0
208,P2,47,비용·분담금,cost_pressure,강남,14,"개포주공6,7단지아파트 재건축정비사업조합",공지사항,2025-03-11,469,2025년 민간공사원가자문 서비스 안내,"조합원 부담, 사업성, 지연 리스크를 직접 흔드는 신호",사업별 메모의 공사비·분담금 리스크와 관리처분/사업시행 수치 대조,https://cleanup.seoul.go.kr/assc/bbs-use/vscrGnrl.do?cafeId=680900000688Q62&bbsSn=5789&cpage=1&searchCode=&searchValue=&streSttusCode=0&nttSn=156567&menuId=100,https://cleanup.seoul.go.kr/assc/bbs-use/execute.do?cafeId=680900000688Q62&bbsSn=5789&streSttusCode=0
209,P2,47,시공·용역,execution_procurement,잠실/송파,18,송파미성아파트 재건축정비사업조합,조합입찰공고,2023-10-17,980,정비사업전문관리업자 선정 입찰공고,사업이 실무 집행 단계로 움직이는 신호이며 비용 변동과 연결됨,"입찰 목적, 마감일, 반복 공고 여부를 보고 일정·비용 리스크를 기록",https://cleanup.seoul.go.kr/assc/bidpblanc/vscr.do?cafeId=710900000815V40&cpage=1&searchCode=&searchValue=&signguCd=&othbcListSn=799857,https://cleanup.seoul.go.kr/assc/bidpblanc/lscr.do?cafeId=710900000815V40
210,P2,47,시공·용역,execution_procurement,잠실/송파,18,송파미성아파트 재건축정비사업조합,조합입찰공고,2023-10-06,991,도시계획업체 선정 입찰공고,사업이 실무 집행 단계로 움직이는 신호이며 비용 변동과 연결됨,"입찰 목적, 마감일, 반복 공고 여부를 보고 일정·비용 리스크를 기록",https://cleanup.seoul.go.kr/assc/bidpblanc/vscr.do?cafeId=710900000815V40&cpage=1&searchCode=&searchValue=&signguCd=&othbcListSn=797048,https://cleanup.seoul.go.kr/assc/bidpblanc/lscr.do?cafeId=710900000815V40
211,P2,47,총회·협의체,governance,강남,2,압구정아파트지구 특별계획구역② 재건축정비사업조합,확정된 사업비 및 분담금 목록,2020-12-17,2014,조합설립동의서 징구전(용적률 300%),"조합 의사결정과 동의율, 주민 수용성의 변화를 보여주는 신호",회의/총회 결과가 단계 변경이나 계획 변경으로 이어졌는지 후속 공고 확인,,https://cleanup.seoul.go.kr/assc/bbs-use/lscrWctList.do?cafeId=680900000762A92
212,P2,47,총회·협의체,governance,강남,2,압구정아파트지구 특별계획구역② 재건축정비사업조합,확정된 사업비 및 분담금 목록,2020-12-17,2014,조합설립 동의서 징구전,"조합 의사결정과 동의율, 주민 수용성의 변화를 보여주는 신호",회의/총회 결과가 단계 변경이나 계획 변경으로 이어졌는지 후속 공고 확인,,https://cleanup.seoul.go.kr/assc/bbs-use/lscrWctList.do?cafeId=680900000762A92
213,P2,47,총회·협의체,governance,잠실/송파,1,잠실5단지아파트 주택재건축정비사업조합,확정된 사업비 및 분담금 목록,2013-01-28,4894,(구 버전)조합설립동의서 징구를 위한 자료 입력(도시 및 주거환경정비법 시행령 제24조제1항제3호에 따른 토지등소유자의 부담액 범위를 포함한 개략적인 사업시행계획서),"조합 의사결정과 동의율, 주민 수용성의 변화를 보여주는 신호",회의/총회 결과가 단계 변경이나 계획 변경으로 이어졌는지 후속 공고 확인,,https://cleanup.seoul.go.kr/assc/bbs-use/lscrWctList.do?cafeId=710100002002Y42
214,P2,46,일반 행정,low_signal_admin,잠실/송파,18,송파미성아파트 재건축정비사업조합,조합입찰공고,2026-04-30,54,"일용직 근로자 채용 공고(접수요원, 진행요원)",운영 활동 신호이나 개발 조건 변화와의 직접성은 낮음,총회·시공자 선정 등 다른 신호와 결합될 때만 검토,https://cleanup.seoul.go.kr/assc/bidpblanc/vscr.do?cafeId=710900000815V40&cpage=1&searchCode=&searchValue=&signguCd=&othbcListSn=1029762,https://cleanup.seoul.go.kr/assc/bidpblanc/lscr.do?cafeId=710900000815V40
215,P2,46,비용·분담금,cost_pressure,강남,15,압구정한양7차아파트 재건축정비사업조합,공지사항,2025-03-11,469,2025년 민간공사원가자문 서비스 안내,"조합원 부담, 사업성, 지연 리스크를 직접 흔드는 신호",사업별 메모의 공사비·분담금 리스크와 관리처분/사업시행 수치 대조,https://cleanup.seoul.go.kr/assc/bbs-use/vscrGnrl.do?cafeId=680100003000s45&bbsSn=3081&cpage=1&searchCode=&searchValue=&streSttusCode=0&nttSn=155977&menuId=100,https://cleanup.seoul.go.kr/assc/bbs-use/execute.do?cafeId=680100003000s45&bbsSn=3081&streSttusCode=0
216,P2,46,비용·분담금,cost_pressure,잠실/송파,16,가락1차현대아파트 재건축정비사업 조합,공지사항,2025-03-11,469,2025년 민간공사원가자문 서비스 안내,"조합원 부담, 사업성, 지연 리스크를 직접 흔드는 신호",사업별 메모의 공사비·분담금 리스크와 관리처분/사업시행 수치 대조,https://cleanup.seoul.go.kr/assc/bbs-use/vscrGnrl.do?cafeId=710900000689x43&bbsSn=5793&cpage=1&searchCode=&searchValue=&streSttusCode=0&nttSn=156581&menuId=100,https://cleanup.seoul.go.kr/assc/bbs-use/execute.do?cafeId=710900000689x43&bbsSn=5793&streSttusCode=0
217,P2,46,시공·용역,execution_procurement,잠실/송파,19,대림가락아파트 재건축정비사업조합,조합입찰공고,2024-10-10,621,시공자 선정 재입찰 공고,사업이 실무 집행 단계로 움직이는 신호이며 비용 변동과 연결됨,"입찰 목적, 마감일, 반복 공고 여부를 보고 일정·비용 리스크를 기록",https://cleanup.seoul.go.kr/assc/bidpblanc/vscr.do?cafeId=710900000854k71&cpage=1&searchCode=&searchValue=&signguCd=&othbcListSn=883774,https://cleanup.seoul.go.kr/assc/bidpblanc/lscr.do?cafeId=710900000854k71
218,P2,46,시공·용역,execution_procurement,잠실/송파,19,대림가락아파트 재건축정비사업조합,조합입찰공고,2024-09-20,641,시공자 선정 입찰 공고,사업이 실무 집행 단계로 움직이는 신호이며 비용 변동과 연결됨,"입찰 목적, 마감일, 반복 공고 여부를 보고 일정·비용 리스크를 기록",https://cleanup.seoul.go.kr/assc/bidpblanc/vscr.do?cafeId=710900000854k71&cpage=1&searchCode=&searchValue=&signguCd=&othbcListSn=879770,https://cleanup.seoul.go.kr/assc/bidpblanc/lscr.do?cafeId=710900000854k71
219,P2,46,시공·용역,execution_procurement,잠실/송파,19,대림가락아파트 재건축정비사업조합,조합입찰공고,2024-04-09,805,건설사업관리(CM) 용역업체 선정 입찰공고,사업이 실무 집행 단계로 움직이는 신호이며 비용 변동과 연결됨,"입찰 목적, 마감일, 반복 공고 여부를 보고 일정·비용 리스크를 기록",https://cleanup.seoul.go.kr/assc/bidpblanc/vscr.do?cafeId=710900000854k71&cpage=1&searchCode=&searchValue=&signguCd=&othbcListSn=841315,https://cleanup.seoul.go.kr/assc/bidpblanc/lscr.do?cafeId=710900000854k71
220,P2,46,총회·협의체,governance,강남,4,은마아파트 재건축정비사업조합,확정된 사업비 및 분담금 목록,2023-04-27,1153,조합설립동의서 징구,"조합 의사결정과 동의율, 주민 수용성의 변화를 보여주는 신호",회의/총회 결과가 단계 변경이나 계획 변경으로 이어졌는지 후속 공고 확인,,https://cleanup.seoul.go.kr/assc/bbs-use/lscrWctList.do?cafeId=680100002017E89
221,P2,46,총회·협의체,governance,강남,4,은마아파트 재건축정비사업조합,확정된 사업비 및 분담금 목록,2023-03-30,1181,조합설립동의서 징구,"조합 의사결정과 동의율, 주민 수용성의 변화를 보여주는 신호",회의/총회 결과가 단계 변경이나 계획 변경으로 이어졌는지 후속 공고 확인,,https://cleanup.seoul.go.kr/assc/bbs-use/lscrWctList.do?cafeId=680100002017E89
222,P2,45,비용·분담금,cost_pressure,잠실/송파,17,송파한양2차아파트 재건축정비사업 조합,공지사항,2025-03-11,469,2025년 민간공사원가자문 서비스 안내,"조합원 부담, 사업성, 지연 리스크를 직접 흔드는 신호",사업별 메모의 공사비·분담금 리스크와 관리처분/사업시행 수치 대조,https://cleanup.seoul.go.kr/assc/bbs-use/vscrGnrl.do?cafeId=710900000132y43&bbsSn=3059&cpage=1&searchCode=&searchValue=&streSttusCode=0&nttSn=156008&menuId=100,https://cleanup.seoul.go.kr/assc/bbs-use/execute.do?cafeId=710900000132y43&bbsSn=3059&streSttusCode=0
223,P2,45,시공·용역,execution_procurement,구의/광진,22,중곡아파트 주택재건축정비사업조합,조합입찰공고,2024-06-03,750,중곡공공 공고 제2024-012호_풍동실험 협력업체 선정 입찰 공고,사업이 실무 집행 단계로 움직이는 신호이며 비용 변동과 연결됨,"입찰 목적, 마감일, 반복 공고 여부를 보고 일정·비용 리스크를 기록",https://cleanup.seoul.go.kr/assc/bidpblanc/vscr.do?cafeId=215900000150z26&cpage=1&searchCode=&searchValue=&signguCd=&othbcListSn=854806,https://cleanup.seoul.go.kr/assc/bidpblanc/lscr.do?cafeId=215900000150z26
224,P2,45,시공·용역,execution_procurement,구의/광진,22,중곡아파트 주택재건축정비사업조합,조합입찰공고,2024-06-03,750,중곡공공 공고 제2024-011호_친환경도료 도장공사 협력업체 선정 입찰 공고,사업이 실무 집행 단계로 움직이는 신호이며 비용 변동과 연결됨,"입찰 목적, 마감일, 반복 공고 여부를 보고 일정·비용 리스크를 기록",https://cleanup.seoul.go.kr/assc/bidpblanc/vscr.do?cafeId=215900000150z26&cpage=1&searchCode=&searchValue=&signguCd=&othbcListSn=854809,https://cleanup.seoul.go.kr/assc/bidpblanc/lscr.do?cafeId=215900000150z26
225,P2,45,시공·용역,execution_procurement,구의/광진,22,중곡아파트 주택재건축정비사업조합,조합입찰공고,2023-10-25,972,"건축물 해체계획서(구조안전진단,안정성평가 등) 및 인허가 용역 입찰 공고",사업이 실무 집행 단계로 움직이는 신호이며 비용 변동과 연결됨,"입찰 목적, 마감일, 반복 공고 여부를 보고 일정·비용 리스크를 기록",https://cleanup.seoul.go.kr/assc/bidpblanc/vscr.do?cafeId=215900000150z26&cpage=1&searchCode=&searchValue=&signguCd=&othbcListSn=801285,https://cleanup.seoul.go.kr/assc/bidpblanc/lscr.do?cafeId=215900000150z26
226,P2,44,총회·협의체; 일반 행정,governance; low_signal_admin,잠실/송파,19,대림가락아파트 재건축정비사업조합,조합입찰공고,2025-11-12,223,2025년도 임시총회 홍보요원 채용 공고,"조합 의사결정과 동의율, 주민 수용성의 변화를 보여주는 신호; 운영 활동 신호이나 개발 조건 변화와의 직접성은 낮음",회의/총회 결과가 단계 변경이나 계획 변경으로 이어졌는지 후속 공고 확인; 총회·시공자 선정 등 다른 신호와 결합될 때만 검토,https://cleanup.seoul.go.kr/assc/bidpblanc/vscr.do?cafeId=710900000854k71&cpage=1&searchCode=&searchValue=&signguCd=&othbcListSn=981971,https://cleanup.seoul.go.kr/assc/bidpblanc/lscr.do?cafeId=710900000854k71
227,P2,44,총회·협의체; 일반 행정,governance; low_signal_admin,잠실/송파,20,마천1재정비촉진구역 주택재개발정비사업조합,조합입찰공고,2025-06-23,365,2025년 조합 정기총회 홍보요원 및 전산요원 채용공고,"조합 의사결정과 동의율, 주민 수용성의 변화를 보여주는 신호; 운영 활동 신호이나 개발 조건 변화와의 직접성은 낮음",회의/총회 결과가 단계 변경이나 계획 변경으로 이어졌는지 후속 공고 확인; 총회·시공자 선정 등 다른 신호와 결합될 때만 검토,https://cleanup.seoul.go.kr/assc/bidpblanc/vscr.do?cafeId=710900000742i64&cpage=1&searchCode=&searchValue=&signguCd=&othbcListSn=946198,https://cleanup.seoul.go.kr/assc/bidpblanc/lscr.do?cafeId=710900000742i64
228,P2,44,시공·용역,execution_procurement,구의/광진,23,광장동 삼성1차아파트 소규모재건축정비사업,조합입찰공고,2022-12-14,1287,친환경분야 협력업체 선정 입찰공고,사업이 실무 집행 단계로 움직이는 신호이며 비용 변동과 연결됨,"입찰 목적, 마감일, 반복 공고 여부를 보고 일정·비용 리스크를 기록",https://cleanup.seoul.go.kr/assc/bidpblanc/vscr.do?cafeId=215900000929v34&cpage=1&searchCode=&searchValue=&signguCd=&othbcListSn=714824,https://cleanup.seoul.go.kr/assc/bidpblanc/lscr.do?cafeId=215900000929v34
229,P2,44,시공·용역,execution_procurement,구의/광진,23,광장동 삼성1차아파트 소규모재건축정비사업,조합입찰공고,2022-12-14,1287,토목분야 협력업체 선정 입찰공고,사업이 실무 집행 단계로 움직이는 신호이며 비용 변동과 연결됨,"입찰 목적, 마감일, 반복 공고 여부를 보고 일정·비용 리스크를 기록",https://cleanup.seoul.go.kr/assc/bidpblanc/vscr.do?cafeId=215900000929v34&cpage=1&searchCode=&searchValue=&signguCd=&othbcListSn=714826,https://cleanup.seoul.go.kr/assc/bidpblanc/lscr.do?cafeId=215900000929v34
230,P2,44,시공·용역,execution_procurement,구의/광진,23,광장동 삼성1차아파트 소규모재건축정비사업,조합입찰공고,2022-12-14,1287,법무사 선정 입찰공고,사업이 실무 집행 단계로 움직이는 신호이며 비용 변동과 연결됨,"입찰 목적, 마감일, 반복 공고 여부를 보고 일정·비용 리스크를 기록",https://cleanup.seoul.go.kr/assc/bidpblanc/vscr.do?cafeId=215900000929v34&cpage=1&searchCode=&searchValue=&signguCd=&othbcListSn=714825,https://cleanup.seoul.go.kr/assc/bidpblanc/lscr.do?cafeId=215900000929v34
231,P2,44,시공·용역,execution_procurement,구의/광진,23,광장동 삼성1차아파트 소규모재건축정비사업,조합입찰공고,2022-05-27,1488,시공자 선정 입찰 공고,사업이 실무 집행 단계로 움직이는 신호이며 비용 변동과 연결됨,"입찰 목적, 마감일, 반복 공고 여부를 보고 일정·비용 리스크를 기록",https://cleanup.seoul.go.kr/assc/bidpblanc/vscr.do?cafeId=215900000929v34&cpage=1&searchCode=&searchValue=&signguCd=&othbcListSn=700802,https://cleanup.seoul.go.kr/assc/bidpblanc/lscr.do?cafeId=215900000929v34
232,P2,44,시공·용역,execution_procurement,구의/광진,23,광장동 삼성1차아파트 소규모재건축정비사업,조합입찰공고,2022-05-27,1488,정비사업전문관리업자 선정 입찰 공고,사업이 실무 집행 단계로 움직이는 신호이며 비용 변동과 연결됨,"입찰 목적, 마감일, 반복 공고 여부를 보고 일정·비용 리스크를 기록",https://cleanup.seoul.go.kr/assc/bidpblanc/vscr.do?cafeId=215900000929v34&cpage=1&searchCode=&searchValue=&signguCd=&othbcListSn=700806,https://cleanup.seoul.go.kr/assc/bidpblanc/lscr.do?cafeId=215900000929v34
233,P2,43,설계·심의,design_review,구의/광진,24,워커힐아파트1단지 재건축정비사업 조합설립추진위원회,조합입찰공고,2025-12-11,194,설계공모(현상설계) 응모(재)공고,"계획 변경, 심의 보완, 인허가 지연 가능성을 보여주는 신호",고시 원문 및 심의/결재문서 검색 키워드에 추가,https://cleanup.seoul.go.kr/assc/bidpblanc/vscr.do?cafeId=215900001363i54&cpage=1&searchCode=&searchValue=&signguCd=&othbcListSn=989525,https://cleanup.seoul.go.kr/assc/bidpblanc/lscr.do?cafeId=215900001363i54
234,P2,43,설계·심의,design_review,구의/광진,24,워커힐아파트1단지 재건축정비사업 조합설립추진위원회,조합입찰공고,2025-11-07,228,설계자 응모공고,"계획 변경, 심의 보완, 인허가 지연 가능성을 보여주는 신호",고시 원문 및 심의/결재문서 검색 키워드에 추가,https://cleanup.seoul.go.kr/assc/bidpblanc/vscr.do?cafeId=215900001363i54&cpage=1&searchCode=&searchValue=&signguCd=&othbcListSn=980706,https://cleanup.seoul.go.kr/assc/bidpblanc/lscr.do?cafeId=215900001363i54
235,P2,43,비용·분담금,cost_pressure,잠실/송파,21,가락삼익맨숀아파트 재건축정비사업 조합,공지사항,2025-03-11,469,2025년 민간공사원가자문 서비스 안내,"조합원 부담, 사업성, 지연 리스크를 직접 흔드는 신호",사업별 메모의 공사비·분담금 리스크와 관리처분/사업시행 수치 대조,https://cleanup.seoul.go.kr/assc/bbs-use/vscrGnrl.do?cafeId=710900000676r36&bbsSn=5737&cpage=1&searchCode=&searchValue=&streSttusCode=0&nttSn=156552&menuId=100,https://cleanup.seoul.go.kr/assc/bbs-use/execute.do?cafeId=710900000676r36&bbsSn=5737&streSttusCode=0
236,P2,43,비용·분담금,cost_pressure,구의/광진,22,중곡아파트 주택재건축정비사업조합,공지사항,2025-03-11,469,2025년 민간공사원가자문 서비스 안내,"조합원 부담, 사업성, 지연 리스크를 직접 흔드는 신호",사업별 메모의 공사비·분담금 리스크와 관리처분/사업시행 수치 대조,https://cleanup.seoul.go.kr/assc/bbs-use/vscrGnrl.do?cafeId=215900000150z26&bbsSn=3147&cpage=1&searchCode=&searchValue=&streSttusCode=0&nttSn=156026&menuId=100,https://cleanup.seoul.go.kr/assc/bbs-use/execute.do?cafeId=215900000150z26&bbsSn=3147&streSttusCode=0
237,P2,43,시공·용역,execution_procurement,구의/광진,25,한양연립 일대 가로주택정비사업,조합입찰공고,2024-01-29,876,광고대행용역 입찰공고,사업이 실무 집행 단계로 움직이는 신호이며 비용 변동과 연결됨,"입찰 목적, 마감일, 반복 공고 여부를 보고 일정·비용 리스크를 기록",https://cleanup.seoul.go.kr/assc/bidpblanc/vscr.do?cafeId=215900001126x73&cpage=1&searchCode=&searchValue=&signguCd=&othbcListSn=827883,https://cleanup.seoul.go.kr/assc/bidpblanc/lscr.do?cafeId=215900001126x73
238,P2,43,시공·용역,execution_procurement,구의/광진,25,한양연립 일대 가로주택정비사업,조합입찰공고,2024-01-18,887,(재공고)한양연립 일대 가로주택정비사업 분양대행 용역업체 선정 공고,사업이 실무 집행 단계로 움직이는 신호이며 비용 변동과 연결됨,"입찰 목적, 마감일, 반복 공고 여부를 보고 일정·비용 리스크를 기록",https://cleanup.seoul.go.kr/assc/bidpblanc/vscr.do?cafeId=215900001126x73&cpage=1&searchCode=&searchValue=&signguCd=&othbcListSn=827888,https://cleanup.seoul.go.kr/assc/bidpblanc/lscr.do?cafeId=215900001126x73
239,P2,43,총회·협의체,governance,잠실/송파,9,잠실우성4차 주택재건축정비사업조합,확정된 사업비 및 분담금 목록,2017-10-26,3162,조합설립을 위한 동의서 징구,"조합 의사결정과 동의율, 주민 수용성의 변화를 보여주는 신호",회의/총회 결과가 단계 변경이나 계획 변경으로 이어졌는지 후속 공고 확인,,https://cleanup.seoul.go.kr/assc/bbs-use/lscrWctList.do?cafeId=710900000108s28
240,P2,42,기타,uncategorized,구의/광진,27,광장극동아파트 재건축사업 (신속통합기획),공지사항,2026-06-06,17,광장극동아파트 정비사업 안내,공개 항목이지만 개발 조건 변화와의 직접 신호는 낮음,다른 단계 변경 신호와 결합될 때 확인,https://cleanup.seoul.go.kr/assc/bbs-use/vscrGnrl.do?cafeId=215900001400T82&bbsSn=12875&cpage=1&searchCode=&searchValue=&streSttusCode=0&nttSn=176142&menuId=100,https://cleanup.seoul.go.kr/assc/bbs-use/execute.do?cafeId=215900001400T82&bbsSn=12875&streSttusCode=0
241,P2,42,기타,uncategorized,구의/광진,27,광장극동아파트 재건축사업 (신속통합기획),공지사항,2026-06-02,21,광장극동 정비사업 진행상황 안내,공개 항목이지만 개발 조건 변화와의 직접 신호는 낮음,다른 단계 변경 신호와 결합될 때 확인,https://cleanup.seoul.go.kr/assc/bbs-use/vscrGnrl.do?cafeId=215900001400T82&bbsSn=12875&cpage=1&searchCode=&searchValue=&streSttusCode=0&nttSn=176110&menuId=100,https://cleanup.seoul.go.kr/assc/bbs-use/execute.do?cafeId=215900001400T82&bbsSn=12875&streSttusCode=0
242,P2,42,총회·협의체,governance,구의/광진,27,광장극동아파트 재건축사업 (신속통합기획),공지사항,2026-05-21,33,제8·9차 주민협의체 소위원회 소집 공고,"조합 의사결정과 동의율, 주민 수용성의 변화를 보여주는 신호",회의/총회 결과가 단계 변경이나 계획 변경으로 이어졌는지 후속 공고 확인,https://cleanup.seoul.go.kr/assc/bbs-use/vscrGnrl.do?cafeId=215900001400T82&bbsSn=12875&cpage=1&searchCode=&searchValue=&streSttusCode=0&nttSn=176025&menuId=100,https://cleanup.seoul.go.kr/assc/bbs-use/execute.do?cafeId=215900001400T82&bbsSn=12875&streSttusCode=0
243,P2,42,총회·협의체,governance,구의/광진,27,광장극동아파트 재건축사업 (신속통합기획),공지사항,2026-05-14,40,제7차 주민협의체 소위원회 소집 공고,"조합 의사결정과 동의율, 주민 수용성의 변화를 보여주는 신호",회의/총회 결과가 단계 변경이나 계획 변경으로 이어졌는지 후속 공고 확인,https://cleanup.seoul.go.kr/assc/bbs-use/vscrGnrl.do?cafeId=215900001400T82&bbsSn=12875&cpage=1&searchCode=&searchValue=&streSttusCode=0&nttSn=175953&menuId=100,https://cleanup.seoul.go.kr/assc/bbs-use/execute.do?cafeId=215900001400T82&bbsSn=12875&streSttusCode=0
244,P2,42,총회·협의체,governance,구의/광진,27,광장극동아파트 재건축사업 (신속통합기획),공지사항,2026-05-07,47,제6차 주민협의체 소위원회 소집 공고,"조합 의사결정과 동의율, 주민 수용성의 변화를 보여주는 신호",회의/총회 결과가 단계 변경이나 계획 변경으로 이어졌는지 후속 공고 확인,https://cleanup.seoul.go.kr/assc/bbs-use/vscrGnrl.do?cafeId=215900001400T82&bbsSn=12875&cpage=1&searchCode=&searchValue=&streSttusCode=0&nttSn=175881&menuId=100,https://cleanup.seoul.go.kr/assc/bbs-use/execute.do?cafeId=215900001400T82&bbsSn=12875&streSttusCode=0
245,P2,42,재무·행정,finance_admin,구의/광진,24,워커힐아파트1단지 재건축정비사업 조합설립추진위원회,공지사항,2026-04-15,69,"2026년 1/4분기 자료의 공개, 자금수지보고서, 업무추진실적 통지(소식지 3호)","사업비 조달, 운영 투명성, 재무관리 리스크를 보조적으로 보여주는 신호",분담금/사업비 자료와 같이 보되 단독 신호로 과대해석하지 않음,https://cleanup.seoul.go.kr/assc/bbs-use/vscrGnrl.do?cafeId=215900001363i54&bbsSn=11440&cpage=1&searchCode=&searchValue=&streSttusCode=0&nttSn=175675&menuId=100,https://cleanup.seoul.go.kr/assc/bbs-use/execute.do?cafeId=215900001363i54&bbsSn=11440&streSttusCode=0
246,P2,42,총회·협의체; 일반 행정,governance; low_signal_admin,강남,14,"개포주공6,7단지아파트 재건축정비사업조합",조합입찰공고,2025-04-23,426,정기총회를 위한 홍보용원 채용공고,"조합 의사결정과 동의율, 주민 수용성의 변화를 보여주는 신호; 운영 활동 신호이나 개발 조건 변화와의 직접성은 낮음",회의/총회 결과가 단계 변경이나 계획 변경으로 이어졌는지 후속 공고 확인; 총회·시공자 선정 등 다른 신호와 결합될 때만 검토,https://cleanup.seoul.go.kr/assc/bidpblanc/vscr.do?cafeId=680900000688Q62&cpage=1&searchCode=&searchValue=&signguCd=&othbcListSn=931657,https://cleanup.seoul.go.kr/assc/bidpblanc/lscr.do?cafeId=680900000688Q62
247,P2,42,총회·협의체; 일반 행정,governance; low_signal_admin,구의/광진,13,자양제7구역 주택재건축정비사업 조합,조합입찰공고,2025-03-31,449,2025년 정기총회를 위한 홍보요원 채용공고,"조합 의사결정과 동의율, 주민 수용성의 변화를 보여주는 신호; 운영 활동 신호이나 개발 조건 변화와의 직접성은 낮음",회의/총회 결과가 단계 변경이나 계획 변경으로 이어졌는지 후속 공고 확인; 총회·시공자 선정 등 다른 신호와 결합될 때만 검토,https://cleanup.seoul.go.kr/assc/bidpblanc/vscr.do?cafeId=215100002002c30&cpage=1&searchCode=&searchValue=&signguCd=&othbcListSn=925081,https://cleanup.seoul.go.kr/assc/bidpblanc/lscr.do?cafeId=215100002002c30
248,P2,42,비용·분담금,cost_pressure,구의/광진,23,광장동 삼성1차아파트 소규모재건축정비사업,공지사항,2025-03-11,469,2025년 민간공사원가자문 서비스 안내,"조합원 부담, 사업성, 지연 리스크를 직접 흔드는 신호",사업별 메모의 공사비·분담금 리스크와 관리처분/사업시행 수치 대조,https://cleanup.seoul.go.kr/assc/bbs-use/vscrGnrl.do?cafeId=215900000929v34&bbsSn=8984&cpage=1&searchCode=&searchValue=&streSttusCode=0&nttSn=156792&menuId=100,https://cleanup.seoul.go.kr/assc/bbs-use/execute.do?cafeId=215900000929v34&bbsSn=8984&streSttusCode=0
249,P2,42,총회·협의체; 일반 행정,governance; low_signal_admin,구의/광진,13,자양제7구역 주택재건축정비사업 조합,조합입찰공고,2024-09-19,642,[자양7구역] 2024년도 임시총회를 위한 홍보요원 채용공고,"조합 의사결정과 동의율, 주민 수용성의 변화를 보여주는 신호; 운영 활동 신호이나 개발 조건 변화와의 직접성은 낮음",회의/총회 결과가 단계 변경이나 계획 변경으로 이어졌는지 후속 공고 확인; 총회·시공자 선정 등 다른 신호와 결합될 때만 검토,https://cleanup.seoul.go.kr/assc/bidpblanc/vscr.do?cafeId=215100002002c30&cpage=1&searchCode=&searchValue=&signguCd=&othbcListSn=879480,https://cleanup.seoul.go.kr/assc/bidpblanc/lscr.do?cafeId=215100002002c30
250,P2,42,총회·협의체; 일반 행정,governance; low_signal_admin,구의/광진,13,자양제7구역 주택재건축정비사업 조합,조합입찰공고,2023-12-22,914,2024년 정기총회 홍보요원 모집공고,"조합 의사결정과 동의율, 주민 수용성의 변화를 보여주는 신호; 운영 활동 신호이나 개발 조건 변화와의 직접성은 낮음",회의/총회 결과가 단계 변경이나 계획 변경으로 이어졌는지 후속 공고 확인; 총회·시공자 선정 등 다른 신호와 결합될 때만 검토,https://cleanup.seoul.go.kr/assc/bidpblanc/vscr.do?cafeId=215100002002c30&cpage=1&searchCode=&searchValue=&signguCd=&othbcListSn=817135,https://cleanup.seoul.go.kr/assc/bidpblanc/lscr.do?cafeId=215100002002c30
251,P2,42,총회·협의체; 일반 행정,governance; low_signal_admin,구의/광진,13,자양제7구역 주택재건축정비사업 조합,조합입찰공고,2022-11-22,1309,[자양7구역] 2022년도 임시총회를 위한 홍보요원 채용공고,"조합 의사결정과 동의율, 주민 수용성의 변화를 보여주는 신호; 운영 활동 신호이나 개발 조건 변화와의 직접성은 낮음",회의/총회 결과가 단계 변경이나 계획 변경으로 이어졌는지 후속 공고 확인; 총회·시공자 선정 등 다른 신호와 결합될 때만 검토,https://cleanup.seoul.go.kr/assc/bidpblanc/vscr.do?cafeId=215100002002c30&cpage=1&searchCode=&searchValue=&signguCd=&othbcListSn=729619,https://cleanup.seoul.go.kr/assc/bidpblanc/lscr.do?cafeId=215100002002c30
252,P2,41,총회·협의체; 일반 행정,governance; low_signal_admin,구의/광진,26,자양한양아파트 재건축정비사업,조합입찰공고,2025-10-31,235,2025년 (임시) 주민총회 홍보요원 채용 공고,"조합 의사결정과 동의율, 주민 수용성의 변화를 보여주는 신호; 운영 활동 신호이나 개발 조건 변화와의 직접성은 낮음",회의/총회 결과가 단계 변경이나 계획 변경으로 이어졌는지 후속 공고 확인; 총회·시공자 선정 등 다른 신호와 결합될 때만 검토,https://cleanup.seoul.go.kr/assc/bidpblanc/vscr.do?cafeId=215900001270s44&cpage=1&searchCode=&searchValue=&signguCd=&othbcListSn=978800,https://cleanup.seoul.go.kr/assc/bidpblanc/lscr.do?cafeId=215900001270s44
253,P2,41,일반 행정,low_signal_admin,잠실/송파,1,잠실5단지아파트 주택재건축정비사업조합,조합입찰공고,2025-09-03,293,사무직원 채용공고,운영 활동 신호이나 개발 조건 변화와의 직접성은 낮음,총회·시공자 선정 등 다른 신호와 결합될 때만 검토,https://cleanup.seoul.go.kr/assc/bidpblanc/vscr.do?cafeId=710100002002Y42&cpage=1&searchCode=&searchValue=&signguCd=&othbcListSn=964423,https://cleanup.seoul.go.kr/assc/bidpblanc/lscr.do?cafeId=710100002002Y42
254,P2,41,총회·협의체; 일반 행정,governance; low_signal_admin,구의/광진,26,자양한양아파트 재건축정비사업,조합입찰공고,2025-07-07,351,주민총회 홍보요원 채용공고,"조합 의사결정과 동의율, 주민 수용성의 변화를 보여주는 신호; 운영 활동 신호이나 개발 조건 변화와의 직접성은 낮음",회의/총회 결과가 단계 변경이나 계획 변경으로 이어졌는지 후속 공고 확인; 총회·시공자 선정 등 다른 신호와 결합될 때만 검토,https://cleanup.seoul.go.kr/assc/bidpblanc/vscr.do?cafeId=215900001270s44&cpage=1&searchCode=&searchValue=&signguCd=&othbcListSn=949756,https://cleanup.seoul.go.kr/assc/bidpblanc/lscr.do?cafeId=215900001270s44
255,P2,41,총회·협의체; 일반 행정,governance; low_signal_admin,잠실/송파,16,가락1차현대아파트 재건축정비사업 조합,조합입찰공고,2025-06-05,383,2025년 정기총회 홍보요원 채용공고,"조합 의사결정과 동의율, 주민 수용성의 변화를 보여주는 신호; 운영 활동 신호이나 개발 조건 변화와의 직접성은 낮음",회의/총회 결과가 단계 변경이나 계획 변경으로 이어졌는지 후속 공고 확인; 총회·시공자 선정 등 다른 신호와 결합될 때만 검토,https://cleanup.seoul.go.kr/assc/bidpblanc/vscr.do?cafeId=710900000689x43&cpage=1&searchCode=&searchValue=&signguCd=&othbcListSn=941466,https://cleanup.seoul.go.kr/assc/bidpblanc/lscr.do?cafeId=710900000689x43
256,P2,41,재무·행정; 일반 행정,finance_admin; low_signal_admin,강남,12,압구정아파트지구 특별계획구역5 재건축정비사업조합,조합입찰공고,2025-03-18,462,회계경리직원 채용 공고,"사업비 조달, 운영 투명성, 재무관리 리스크를 보조적으로 보여주는 신호; 운영 활동 신호이나 개발 조건 변화와의 직접성은 낮음",분담금/사업비 자료와 같이 보되 단독 신호로 과대해석하지 않음; 총회·시공자 선정 등 다른 신호와 결합될 때만 검토,https://cleanup.seoul.go.kr/assc/bidpblanc/vscr.do?cafeId=680900000670W75&cpage=1&searchCode=&searchValue=&signguCd=&othbcListSn=921785,https://cleanup.seoul.go.kr/assc/bidpblanc/lscr.do?cafeId=680900000670W75
257,P2,41,비용·분담금,cost_pressure,구의/광진,25,한양연립 일대 가로주택정비사업,공지사항,2025-03-11,469,2025년 민간공사원가자문 서비스 안내,"조합원 부담, 사업성, 지연 리스크를 직접 흔드는 신호",사업별 메모의 공사비·분담금 리스크와 관리처분/사업시행 수치 대조,https://cleanup.seoul.go.kr/assc/bbs-use/vscrGnrl.do?cafeId=215900001126x73&bbsSn=10034&cpage=1&searchCode=&searchValue=&streSttusCode=0&nttSn=156786&menuId=100,https://cleanup.seoul.go.kr/assc/bbs-use/execute.do?cafeId=215900001126x73&bbsSn=10034&streSttusCode=0
258,P2,41,비용·분담금,cost_pressure,구의/광진,26,자양한양아파트 재건축정비사업,공지사항,2025-03-11,469,2025년 민간공사원가자문 서비스 안내,"조합원 부담, 사업성, 지연 리스크를 직접 흔드는 신호",사업별 메모의 공사비·분담금 리스크와 관리처분/사업시행 수치 대조,https://cleanup.seoul.go.kr/assc/bbs-use/vscrGnrl.do?cafeId=215900001270s44&bbsSn=10834&cpage=1&searchCode=&searchValue=&streSttusCode=0&nttSn=156698&menuId=100,https://cleanup.seoul.go.kr/assc/bbs-use/execute.do?cafeId=215900001270s44&bbsSn=10834&streSttusCode=0
259,P2,41,총회·협의체; 일반 행정,governance; low_signal_admin,강남,15,압구정한양7차아파트 재건축정비사업조합,조합입찰공고,2024-11-12,588,총회 홍보를 위한 계약(임시직) 직원 채용 공고,"조합 의사결정과 동의율, 주민 수용성의 변화를 보여주는 신호; 운영 활동 신호이나 개발 조건 변화와의 직접성은 낮음",회의/총회 결과가 단계 변경이나 계획 변경으로 이어졌는지 후속 공고 확인; 총회·시공자 선정 등 다른 신호와 결합될 때만 검토,https://cleanup.seoul.go.kr/assc/bidpblanc/vscr.do?cafeId=680100003000s45&cpage=1&searchCode=&searchValue=&signguCd=&othbcListSn=892092,https://cleanup.seoul.go.kr/assc/bidpblanc/lscr.do?cafeId=680100003000s45
260,P2,41,설계·심의,design_review,잠실/송파,18,송파미성아파트 재건축정비사업조합,조합입찰공고,2023-11-02,964,설계공모(현상설계) 응모 재공고,"계획 변경, 심의 보완, 인허가 지연 가능성을 보여주는 신호",고시 원문 및 심의/결재문서 검색 키워드에 추가,https://cleanup.seoul.go.kr/assc/bidpblanc/vscr.do?cafeId=710900000815V40&cpage=1&searchCode=&searchValue=&signguCd=&othbcListSn=802997,https://cleanup.seoul.go.kr/assc/bidpblanc/lscr.do?cafeId=710900000815V40
261,P2,41,설계·심의,design_review,잠실/송파,18,송파미성아파트 재건축정비사업조합,조합입찰공고,2023-10-11,986,설계공모(현상설계) 응모공고,"계획 변경, 심의 보완, 인허가 지연 가능성을 보여주는 신호",고시 원문 및 심의/결재문서 검색 키워드에 추가,https://cleanup.seoul.go.kr/assc/bidpblanc/vscr.do?cafeId=710900000815V40&cpage=1&searchCode=&searchValue=&signguCd=&othbcListSn=797607,https://cleanup.seoul.go.kr/assc/bidpblanc/lscr.do?cafeId=710900000815V40
262,P2,40,재무·행정,finance_admin,구의/광진,27,광장극동아파트 재건축사업 (신속통합기획),공지사항,2026-05-07,47,서울특별시 표준정관 등 각종규정,"사업비 조달, 운영 투명성, 재무관리 리스크를 보조적으로 보여주는 신호",분담금/사업비 자료와 같이 보되 단독 신호로 과대해석하지 않음,https://cleanup.seoul.go.kr/assc/bbs-use/vscrGnrl.do?cafeId=215900001400T82&bbsSn=12875&cpage=1&searchCode=&searchValue=&streSttusCode=0&nttSn=175874&menuId=100,https://cleanup.seoul.go.kr/assc/bbs-use/execute.do?cafeId=215900001400T82&bbsSn=12875&streSttusCode=0
263,P2,40,일반 행정,low_signal_admin,강남,14,"개포주공6,7단지아파트 재건축정비사업조합",조합입찰공고,2026-02-25,118,조합원 분양신청을 위한 홍보요원 채용공고,운영 활동 신호이나 개발 조건 변화와의 직접성은 낮음,총회·시공자 선정 등 다른 신호와 결합될 때만 검토,https://cleanup.seoul.go.kr/assc/bidpblanc/vscr.do?cafeId=680900000688Q62&cpage=1&searchCode=&searchValue=&signguCd=&othbcListSn=1007883,https://cleanup.seoul.go.kr/assc/bidpblanc/lscr.do?cafeId=680900000688Q62
264,P2,40,일반 행정,low_signal_admin,강남,4,은마아파트 재건축정비사업조합,조합입찰공고,2025-10-15,251,조합 임원·대의원 보궐선거를 위한 선거 사무 보조원 채용 공고,운영 활동 신호이나 개발 조건 변화와의 직접성은 낮음,총회·시공자 선정 등 다른 신호와 결합될 때만 검토,https://cleanup.seoul.go.kr/assc/bidpblanc/vscr.do?cafeId=680100002017E89&cpage=1&searchCode=&searchValue=&signguCd=&othbcListSn=975599,https://cleanup.seoul.go.kr/assc/bidpblanc/lscr.do?cafeId=680100002017E89
265,P2,40,총회·협의체; 일반 행정,governance; low_signal_admin,잠실/송파,17,송파한양2차아파트 재건축정비사업 조합,조합입찰공고,2025-03-12,468,2025년 정기총회 임시직원 채용공고,"조합 의사결정과 동의율, 주민 수용성의 변화를 보여주는 신호; 운영 활동 신호이나 개발 조건 변화와의 직접성은 낮음",회의/총회 결과가 단계 변경이나 계획 변경으로 이어졌는지 후속 공고 확인; 총회·시공자 선정 등 다른 신호와 결합될 때만 검토,https://cleanup.seoul.go.kr/assc/bidpblanc/vscr.do?cafeId=710900000132y43&cpage=1&searchCode=&searchValue=&signguCd=&othbcListSn=920145,https://cleanup.seoul.go.kr/assc/bidpblanc/lscr.do?cafeId=710900000132y43
266,P2,40,비용·분담금,cost_pressure,구의/광진,28,자양번영로3나길 일대 가로주택정비사업,공지사항,2025-03-11,469,2025년 민간공사원가자문 서비스 안내,"조합원 부담, 사업성, 지연 리스크를 직접 흔드는 신호",사업별 메모의 공사비·분담금 리스크와 관리처분/사업시행 수치 대조,https://cleanup.seoul.go.kr/assc/bbs-use/vscrGnrl.do?cafeId=215900001146M77&bbsSn=10134&cpage=1&searchCode=&searchValue=&streSttusCode=0&nttSn=156790&menuId=100,https://cleanup.seoul.go.kr/assc/bbs-use/execute.do?cafeId=215900001146M77&bbsSn=10134&streSttusCode=0
267,P2,40,총회·협의체; 일반 행정,governance; low_signal_admin,잠실/송파,17,송파한양2차아파트 재건축정비사업 조합,조합입찰공고,2024-02-27,847,2024년 정기총회 임시직원 채용공고,"조합 의사결정과 동의율, 주민 수용성의 변화를 보여주는 신호; 운영 활동 신호이나 개발 조건 변화와의 직접성은 낮음",회의/총회 결과가 단계 변경이나 계획 변경으로 이어졌는지 후속 공고 확인; 총회·시공자 선정 등 다른 신호와 결합될 때만 검토,https://cleanup.seoul.go.kr/assc/bidpblanc/vscr.do?cafeId=710900000132y43&cpage=1&searchCode=&searchValue=&signguCd=&othbcListSn=831561,https://cleanup.seoul.go.kr/assc/bidpblanc/lscr.do?cafeId=710900000132y43
268,P2,40,총회·협의체; 일반 행정,governance; low_signal_admin,잠실/송파,17,송파한양2차아파트 재건축정비사업 조합,조합입찰공고,2023-08-25,1033,2023년 정기총회 임시직원 채용공고,"조합 의사결정과 동의율, 주민 수용성의 변화를 보여주는 신호; 운영 활동 신호이나 개발 조건 변화와의 직접성은 낮음",회의/총회 결과가 단계 변경이나 계획 변경으로 이어졌는지 후속 공고 확인; 총회·시공자 선정 등 다른 신호와 결합될 때만 검토,https://cleanup.seoul.go.kr/assc/bidpblanc/vscr.do?cafeId=710900000132y43&cpage=1&searchCode=&searchValue=&signguCd=&othbcListSn=786721,https://cleanup.seoul.go.kr/assc/bidpblanc/lscr.do?cafeId=710900000132y43
269,P3,39,일반 행정,low_signal_admin,잠실/송파,16,가락1차현대아파트 재건축정비사업 조합,조합입찰공고,2026-03-18,97,분양신청 임시직원 채용 공고,운영 활동 신호이나 개발 조건 변화와의 직접성은 낮음,총회·시공자 선정 등 다른 신호와 결합될 때만 검토,https://cleanup.seoul.go.kr/assc/bidpblanc/vscr.do?cafeId=710900000689x43&cpage=1&searchCode=&searchValue=&signguCd=&othbcListSn=1014555,https://cleanup.seoul.go.kr/assc/bidpblanc/lscr.do?cafeId=710900000689x43
270,P3,39,비용·분담금,cost_pressure,구의/광진,29,자양1의4구역 가로주택정비사업,공지사항,2025-03-11,469,2025년 민간공사원가자문 서비스 안내,"조합원 부담, 사업성, 지연 리스크를 직접 흔드는 신호",사업별 메모의 공사비·분담금 리스크와 관리처분/사업시행 수치 대조,https://cleanup.seoul.go.kr/assc/bbs-use/vscrGnrl.do?cafeId=215900001250P45&bbsSn=10734&cpage=1&searchCode=&searchValue=&streSttusCode=0&nttSn=156793&menuId=100,https://cleanup.seoul.go.kr/assc/bbs-use/execute.do?cafeId=215900001250P45&bbsSn=10734&streSttusCode=0
271,P3,39,비용·분담금,cost_pressure,구의/광진,30,자양4동 A구역 주택재개발사업,공지사항,2025-03-11,469,2025년 민간공사원가자문 서비스 안내,"조합원 부담, 사업성, 지연 리스크를 직접 흔드는 신호",사업별 메모의 공사비·분담금 리스크와 관리처분/사업시행 수치 대조,https://cleanup.seoul.go.kr/assc/bbs-use/vscrGnrl.do?cafeId=215900001184O96&bbsSn=10324&cpage=1&searchCode=&searchValue=&streSttusCode=0&nttSn=156788&menuId=100,https://cleanup.seoul.go.kr/assc/bbs-use/execute.do?cafeId=215900001184O96&bbsSn=10324&streSttusCode=0
272,P3,39,총회·협의체; 일반 행정,governance; low_signal_admin,잠실/송파,19,대림가락아파트 재건축정비사업조합,조합입찰공고,2024-01-11,894,2024년도 정기총회 홍보요원 채용 공고,"조합 의사결정과 동의율, 주민 수용성의 변화를 보여주는 신호; 운영 활동 신호이나 개발 조건 변화와의 직접성은 낮음",회의/총회 결과가 단계 변경이나 계획 변경으로 이어졌는지 후속 공고 확인; 총회·시공자 선정 등 다른 신호와 결합될 때만 검토,https://cleanup.seoul.go.kr/assc/bidpblanc/vscr.do?cafeId=710900000854k71&cpage=1&searchCode=&searchValue=&signguCd=&othbcListSn=821422,https://cleanup.seoul.go.kr/assc/bidpblanc/lscr.do?cafeId=710900000854k71
273,P3,39,총회·협의체,governance,구의/광진,13,자양제7구역 주택재건축정비사업 조합,조합입찰공고,2023-03-03,1208,[자양7구역]2023년도 정기총회 총회대행 업체 수의계약 안내 공고,"조합 의사결정과 동의율, 주민 수용성의 변화를 보여주는 신호",회의/총회 결과가 단계 변경이나 계획 변경으로 이어졌는지 후속 공고 확인,https://cleanup.seoul.go.kr/assc/bidpblanc/vscr.do?cafeId=215100002002c30&cpage=1&searchCode=&searchValue=&signguCd=&othbcListSn=749111,https://cleanup.seoul.go.kr/assc/bidpblanc/lscr.do?cafeId=215100002002c30
274,P3,39,총회·협의체,governance,잠실/송파,18,송파미성아파트 재건축정비사업조합,확정된 사업비 및 분담금 목록,2022-11-10,1321,조합설립동의서 징구 및 조합설립인가,"조합 의사결정과 동의율, 주민 수용성의 변화를 보여주는 신호",회의/총회 결과가 단계 변경이나 계획 변경으로 이어졌는지 후속 공고 확인,,https://cleanup.seoul.go.kr/assc/bbs-use/lscrWctList.do?cafeId=710900000815V40
275,P3,38,총회·협의체; 일반 행정,governance; low_signal_admin,잠실/송파,21,가락삼익맨숀아파트 재건축정비사업 조합,조합입찰공고,2025-05-19,400,임시계약직(임시총회 홍보) 채용공고,"조합 의사결정과 동의율, 주민 수용성의 변화를 보여주는 신호; 운영 활동 신호이나 개발 조건 변화와의 직접성은 낮음",회의/총회 결과가 단계 변경이나 계획 변경으로 이어졌는지 후속 공고 확인; 총회·시공자 선정 등 다른 신호와 결합될 때만 검토,https://cleanup.seoul.go.kr/assc/bidpblanc/vscr.do?cafeId=710900000676r36&cpage=1&searchCode=&searchValue=&signguCd=&othbcListSn=937232,https://cleanup.seoul.go.kr/assc/bidpblanc/lscr.do?cafeId=710900000676r36
276,P3,38,총회·협의체; 일반 행정,governance; low_signal_admin,잠실/송파,21,가락삼익맨숀아파트 재건축정비사업 조합,조합입찰공고,2025-03-06,474,임시계약직(총회 홍보) 채용공고,"조합 의사결정과 동의율, 주민 수용성의 변화를 보여주는 신호; 운영 활동 신호이나 개발 조건 변화와의 직접성은 낮음",회의/총회 결과가 단계 변경이나 계획 변경으로 이어졌는지 후속 공고 확인; 총회·시공자 선정 등 다른 신호와 결합될 때만 검토,https://cleanup.seoul.go.kr/assc/bidpblanc/vscr.do?cafeId=710900000676r36&cpage=1&searchCode=&searchValue=&signguCd=&othbcListSn=918566,https://cleanup.seoul.go.kr/assc/bidpblanc/lscr.do?cafeId=710900000676r36
277,P3,38,총회·협의체; 일반 행정,governance; low_signal_admin,구의/광진,22,중곡아파트 주택재건축정비사업조합,조합입찰공고,2025-02-11,497,중곡아파트공공재건축정비사업조합 2025년 정기총회 홍보계약직원 채용 공고,"조합 의사결정과 동의율, 주민 수용성의 변화를 보여주는 신호; 운영 활동 신호이나 개발 조건 변화와의 직접성은 낮음",회의/총회 결과가 단계 변경이나 계획 변경으로 이어졌는지 후속 공고 확인; 총회·시공자 선정 등 다른 신호와 결합될 때만 검토,https://cleanup.seoul.go.kr/assc/bidpblanc/vscr.do?cafeId=215900000150z26&cpage=1&searchCode=&searchValue=&signguCd=&othbcListSn=913166,https://cleanup.seoul.go.kr/assc/bidpblanc/lscr.do?cafeId=215900000150z26
278,P3,38,총회·협의체; 일반 행정,governance; low_signal_admin,잠실/송파,21,가락삼익맨숀아파트 재건축정비사업 조합,조합입찰공고,2024-05-13,771,임시계약직(총회 홍보) 채용공고,"조합 의사결정과 동의율, 주민 수용성의 변화를 보여주는 신호; 운영 활동 신호이나 개발 조건 변화와의 직접성은 낮음",회의/총회 결과가 단계 변경이나 계획 변경으로 이어졌는지 후속 공고 확인; 총회·시공자 선정 등 다른 신호와 결합될 때만 검토,https://cleanup.seoul.go.kr/assc/bidpblanc/vscr.do?cafeId=710900000676r36&cpage=1&searchCode=&searchValue=&signguCd=&othbcListSn=849630,https://cleanup.seoul.go.kr/assc/bidpblanc/lscr.do?cafeId=710900000676r36
279,P3,38,총회·협의체; 일반 행정,governance; low_signal_admin,구의/광진,22,중곡아파트 주택재건축정비사업조합,조합입찰공고,2024-03-07,838,중곡아파트공공재건축정비사업조합 2024년 정기총회 홍보 계약직원 채용공고,"조합 의사결정과 동의율, 주민 수용성의 변화를 보여주는 신호; 운영 활동 신호이나 개발 조건 변화와의 직접성은 낮음",회의/총회 결과가 단계 변경이나 계획 변경으로 이어졌는지 후속 공고 확인; 총회·시공자 선정 등 다른 신호와 결합될 때만 검토,https://cleanup.seoul.go.kr/assc/bidpblanc/vscr.do?cafeId=215900000150z26&cpage=1&searchCode=&searchValue=&signguCd=&othbcListSn=833203,https://cleanup.seoul.go.kr/assc/bidpblanc/lscr.do?cafeId=215900000150z26
280,P3,38,총회·협의체,governance,잠실/송파,19,대림가락아파트 재건축정비사업조합,확정된 사업비 및 분담금 목록,2022-11-14,1317,토지등소유자 동의서 징구,"조합 의사결정과 동의율, 주민 수용성의 변화를 보여주는 신호",회의/총회 결과가 단계 변경이나 계획 변경으로 이어졌는지 후속 공고 확인,,https://cleanup.seoul.go.kr/assc/bbs-use/lscrWctList.do?cafeId=710900000854k71
281,P3,37,일반 행정,low_signal_admin,잠실/송파,20,마천1재정비촉진구역 주택재개발정비사업조합,조합입찰공고,2026-01-09,165,마천1구역 세입자조사를 위한 조사인원 등 채용공고,운영 활동 신호이나 개발 조건 변화와의 직접성은 낮음,총회·시공자 선정 등 다른 신호와 결합될 때만 검토,https://cleanup.seoul.go.kr/assc/bidpblanc/vscr.do?cafeId=710900000742i64&cpage=1&searchCode=&searchValue=&signguCd=&othbcListSn=996174,https://cleanup.seoul.go.kr/assc/bidpblanc/lscr.do?cafeId=710900000742i64
282,P3,37,총회·협의체,governance,잠실/송파,1,잠실5단지아파트 주택재건축정비사업조합,공지사항,2024-11-01,599,2030 서울특별시 도시주거환경정비기본계획 “찾아가는 주민설명회” 자치구별 일정/장소 안내,"조합 의사결정과 동의율, 주민 수용성의 변화를 보여주는 신호",회의/총회 결과가 단계 변경이나 계획 변경으로 이어졌는지 후속 공고 확인,https://cleanup.seoul.go.kr/assc/bbs-use/vscrGnrl.do?cafeId=710100002002Y42&bbsSn=1568&cpage=1&searchCode=&searchValue=&streSttusCode=0&nttSn=152607&menuId=100,https://cleanup.seoul.go.kr/assc/bbs-use/execute.do?cafeId=710100002002Y42&bbsSn=1568&streSttusCode=0
283,P3,37,총회·협의체,governance,강남,2,압구정아파트지구 특별계획구역② 재건축정비사업조합,공지사항,2024-11-01,599,2030 서울특별시 도시주거환경정비기본계획 “찾아가는 주민설명회” 자치구별 일정/장소 안내,"조합 의사결정과 동의율, 주민 수용성의 변화를 보여주는 신호",회의/총회 결과가 단계 변경이나 계획 변경으로 이어졌는지 후속 공고 확인,https://cleanup.seoul.go.kr/assc/bbs-use/vscrGnrl.do?cafeId=680900000762A92&bbsSn=8107&cpage=1&searchCode=&searchValue=&streSttusCode=0&nttSn=151764&menuId=100,https://cleanup.seoul.go.kr/assc/bbs-use/execute.do?cafeId=680900000762A92&bbsSn=8107&streSttusCode=0
284,P3,37,총회·협의체,governance,강남,2,압구정아파트지구 특별계획구역② 재건축정비사업조합,공지사항,2021-10-27,1700,도시정비법 개정에 따른 조합총회 전자의결 등 운영안내,"조합 의사결정과 동의율, 주민 수용성의 변화를 보여주는 신호",회의/총회 결과가 단계 변경이나 계획 변경으로 이어졌는지 후속 공고 확인,https://cleanup.seoul.go.kr/assc/bbs-use/vscrGnrl.do?cafeId=680900000762A92&bbsSn=8107&cpage=1&searchCode=&searchValue=&streSttusCode=0&nttSn=130903&menuId=100,https://cleanup.seoul.go.kr/assc/bbs-use/execute.do?cafeId=680900000762A92&bbsSn=8107&streSttusCode=0
285,P3,37,총회·협의체,governance,강남,2,압구정아파트지구 특별계획구역② 재건축정비사업조합,공지사항,2020-09-15,2107,압구정아파트지구 특별계획구역② 주택재건축정비사업 조합설립 추진위원회 구성을 위한 주민설명회 개최,"조합 의사결정과 동의율, 주민 수용성의 변화를 보여주는 신호",회의/총회 결과가 단계 변경이나 계획 변경으로 이어졌는지 후속 공고 확인,https://cleanup.seoul.go.kr/assc/bbs-use/vscrGnrl.do?cafeId=680900000762A92&bbsSn=8107&cpage=1&searchCode=&searchValue=&streSttusCode=0&nttSn=126253&menuId=100,https://cleanup.seoul.go.kr/assc/bbs-use/execute.do?cafeId=680900000762A92&bbsSn=8107&streSttusCode=0
286,P3,36,일반 행정,low_signal_admin,강남,11,압구정아파트지구 특별계획구역4,조합입찰공고,2025-09-01,295,홍보인력[임시직] 채용공고,운영 활동 신호이나 개발 조건 변화와의 직접성은 낮음,총회·시공자 선정 등 다른 신호와 결합될 때만 검토,https://cleanup.seoul.go.kr/assc/bidpblanc/vscr.do?cafeId=680900000684g10&cpage=1&searchCode=&searchValue=&signguCd=&othbcListSn=963558,https://cleanup.seoul.go.kr/assc/bidpblanc/lscr.do?cafeId=680900000684g10
287,P3,36,총회·협의체,governance,잠실/송파,3,잠실우성아파트 재건축정비사업조합,공지사항,2024-11-01,599,2030 서울특별시 도시주거환경정비기본계획 “찾아가는 주민설명회” 자치구별 일정/장소 안내,"조합 의사결정과 동의율, 주민 수용성의 변화를 보여주는 신호",회의/총회 결과가 단계 변경이나 계획 변경으로 이어졌는지 후속 공고 확인,https://cleanup.seoul.go.kr/assc/bbs-use/vscrGnrl.do?cafeId=710100002006X76&bbsSn=1461&cpage=1&searchCode=&searchValue=&streSttusCode=0&nttSn=152665&menuId=100,https://cleanup.seoul.go.kr/assc/bbs-use/execute.do?cafeId=710100002006X76&bbsSn=1461&streSttusCode=0
288,P3,36,총회·협의체,governance,강남,4,은마아파트 재건축정비사업조합,공지사항,2024-11-01,599,2030 서울특별시 도시주거환경정비기본계획 “찾아가는 주민설명회” 자치구별 일정/장소 안내,"조합 의사결정과 동의율, 주민 수용성의 변화를 보여주는 신호",회의/총회 결과가 단계 변경이나 계획 변경으로 이어졌는지 후속 공고 확인,https://cleanup.seoul.go.kr/assc/bbs-use/vscrGnrl.do?cafeId=680100002017E89&bbsSn=1403&cpage=1&searchCode=&searchValue=&streSttusCode=0&nttSn=152802&menuId=100,https://cleanup.seoul.go.kr/assc/bbs-use/execute.do?cafeId=680100002017E89&bbsSn=1403&streSttusCode=0
289,P3,36,총회·협의체,governance,강남,4,은마아파트 재건축정비사업조합,공지사항,2024-11-01,599,2030 서울특별시 도시주거환경정비기본계획 “찾아가는 주민설명회” 자치구별 일정/장소 안내,"조합 의사결정과 동의율, 주민 수용성의 변화를 보여주는 신호",회의/총회 결과가 단계 변경이나 계획 변경으로 이어졌는지 후속 공고 확인,https://cleanup.seoul.go.kr/assc/bbs-use/vscrGnrl.do?cafeId=680100002017E89&bbsSn=1403&cpage=1&searchCode=&searchValue=&streSttusCode=0&nttSn=151703&menuId=100,https://cleanup.seoul.go.kr/assc/bbs-use/execute.do?cafeId=680100002017E89&bbsSn=1403&streSttusCode=0
290,P3,36,총회·협의체,governance,강남,4,은마아파트 재건축정비사업조합,공지사항,2021-10-27,1700,도시정비법 개정에 따른 조합총회 전자의결 등 운영안내,"조합 의사결정과 동의율, 주민 수용성의 변화를 보여주는 신호",회의/총회 결과가 단계 변경이나 계획 변경으로 이어졌는지 후속 공고 확인,https://cleanup.seoul.go.kr/assc/bbs-use/vscrGnrl.do?cafeId=680100002017E89&bbsSn=1403&cpage=1&searchCode=&searchValue=&streSttusCode=0&nttSn=130848&menuId=100,https://cleanup.seoul.go.kr/assc/bbs-use/execute.do?cafeId=680100002017E89&bbsSn=1403&streSttusCode=0
291,P3,35,기타,uncategorized,잠실/송파,1,잠실5단지아파트 주택재건축정비사업조합,공지사항,2026-02-27,116,[26/2/27 마감] 세계유산법 시행령 일부 개정령안 관련 의견제출 안내,공개 항목이지만 개발 조건 변화와의 직접 신호는 낮음,다른 단계 변경 신호와 결합될 때 확인,https://cleanup.seoul.go.kr/assc/bbs-use/vscrGnrl.do?cafeId=710100002002Y42&bbsSn=1568&cpage=1&searchCode=&searchValue=&streSttusCode=0&nttSn=174240&menuId=100,https://cleanup.seoul.go.kr/assc/bbs-use/execute.do?cafeId=710100002002Y42&bbsSn=1568&streSttusCode=0
292,P3,35,기타,uncategorized,강남,2,압구정아파트지구 특별계획구역② 재건축정비사업조합,공지사항,2026-02-27,116,[26/2/27 마감] 세계유산법 시행령 일부 개정령안 관련 의견제출 안내,공개 항목이지만 개발 조건 변화와의 직접 신호는 낮음,다른 단계 변경 신호와 결합될 때 확인,https://cleanup.seoul.go.kr/assc/bbs-use/vscrGnrl.do?cafeId=680900000762A92&bbsSn=8107&cpage=1&searchCode=&searchValue=&streSttusCode=0&nttSn=175220&menuId=100,https://cleanup.seoul.go.kr/assc/bbs-use/execute.do?cafeId=680900000762A92&bbsSn=8107&streSttusCode=0
293,P3,35,기타,uncategorized,잠실/송파,1,잠실5단지아파트 주택재건축정비사업조합,공지사항,2026-02-02,141,「서울특별시 도시 및 주거환경정비 조례」및 관련조례 시행규칙 일부개정 사항 재안내,공개 항목이지만 개발 조건 변화와의 직접 신호는 낮음,다른 단계 변경 신호와 결합될 때 확인,https://cleanup.seoul.go.kr/assc/bbs-use/vscrGnrl.do?cafeId=710100002002Y42&bbsSn=1568&cpage=1&searchCode=&searchValue=&streSttusCode=0&nttSn=163758&menuId=100,https://cleanup.seoul.go.kr/assc/bbs-use/execute.do?cafeId=710100002002Y42&bbsSn=1568&streSttusCode=0
294,P3,35,일반 행정,low_signal_admin,강남,14,"개포주공6,7단지아파트 재건축정비사업조합",조합입찰공고,2025-12-10,195,조합원 분양신청을 위한 홍보요원 채용공고,운영 활동 신호이나 개발 조건 변화와의 직접성은 낮음,총회·시공자 선정 등 다른 신호와 결합될 때만 검토,https://cleanup.seoul.go.kr/assc/bidpblanc/vscr.do?cafeId=680900000688Q62&cpage=1&searchCode=&searchValue=&signguCd=&othbcListSn=988978,https://cleanup.seoul.go.kr/assc/bidpblanc/lscr.do?cafeId=680900000688Q62
295,P3,35,일반 행정,low_signal_admin,강남,14,"개포주공6,7단지아파트 재건축정비사업조합",조합입찰공고,2025-07-30,328,사무직원 채용 공고,운영 활동 신호이나 개발 조건 변화와의 직접성은 낮음,총회·시공자 선정 등 다른 신호와 결합될 때만 검토,https://cleanup.seoul.go.kr/assc/bidpblanc/vscr.do?cafeId=680900000688Q62&cpage=1&searchCode=&searchValue=&signguCd=&othbcListSn=956598,https://cleanup.seoul.go.kr/assc/bidpblanc/lscr.do?cafeId=680900000688Q62
296,P3,35,재무·행정,finance_admin,강남,2,압구정아파트지구 특별계획구역② 재건축정비사업조합,공지사항,2025-04-09,440,"‘정비사업 정보몽땅 활용도’ 평가, 서울시 정비사업 융자금 지원 심사 반영 안내","사업비 조달, 운영 투명성, 재무관리 리스크를 보조적으로 보여주는 신호",분담금/사업비 자료와 같이 보되 단독 신호로 과대해석하지 않음,https://cleanup.seoul.go.kr/assc/bbs-use/vscrGnrl.do?cafeId=680900000762A92&bbsSn=8107&cpage=1&searchCode=&searchValue=&streSttusCode=0&nttSn=157002&menuId=100,https://cleanup.seoul.go.kr/assc/bbs-use/execute.do?cafeId=680900000762A92&bbsSn=8107&streSttusCode=0
297,P3,35,총회·협의체,governance,잠실/송파,5,"장미1,2,3차아파트 주택재건축정비사업 조합",공지사항,2024-11-01,599,2030 서울특별시 도시주거환경정비기본계획 “찾아가는 주민설명회” 자치구별 일정/장소 안내,"조합 의사결정과 동의율, 주민 수용성의 변화를 보여주는 신호",회의/총회 결과가 단계 변경이나 계획 변경으로 이어졌는지 후속 공고 확인,https://cleanup.seoul.go.kr/assc/bbs-use/vscrGnrl.do?cafeId=710900000615u63&bbsSn=5477&cpage=1&searchCode=&searchValue=&streSttusCode=0&nttSn=153362&menuId=100,https://cleanup.seoul.go.kr/assc/bbs-use/execute.do?cafeId=710900000615u63&bbsSn=5477&streSttusCode=0
298,P3,35,총회·협의체,governance,강남,6,대치우성1차아파트 재건축정비사업조합,공지사항,2024-11-01,599,2030 서울특별시 도시주거환경정비기본계획 “찾아가는 주민설명회” 자치구별 일정/장소 안내,"조합 의사결정과 동의율, 주민 수용성의 변화를 보여주는 신호",회의/총회 결과가 단계 변경이나 계획 변경으로 이어졌는지 후속 공고 확인,https://cleanup.seoul.go.kr/assc/bbs-use/vscrGnrl.do?cafeId=680900000617J84&bbsSn=5485&cpage=1&searchCode=&searchValue=&streSttusCode=0&nttSn=153363&menuId=100,https://cleanup.seoul.go.kr/assc/bbs-use/execute.do?cafeId=680900000617J84&bbsSn=5485&streSttusCode=0
299,P3,35,총회·협의체,governance,강남,6,대치우성1차아파트 재건축정비사업조합,공지사항,2024-11-01,599,2030 서울특별시 도시주거환경정비기본계획 “찾아가는 주민설명회” 자치구별 일정/장소 안내,"조합 의사결정과 동의율, 주민 수용성의 변화를 보여주는 신호",회의/총회 결과가 단계 변경이나 계획 변경으로 이어졌는지 후속 공고 확인,https://cleanup.seoul.go.kr/assc/bbs-use/vscrGnrl.do?cafeId=680900000617J84&bbsSn=5485&cpage=1&searchCode=&searchValue=&streSttusCode=0&nttSn=151745&menuId=100,https://cleanup.seoul.go.kr/assc/bbs-use/execute.do?cafeId=680900000617J84&bbsSn=5485&streSttusCode=0
300,P3,35,총회·협의체,governance,강남,6,대치우성1차아파트 재건축정비사업조합,공지사항,2021-10-27,1700,도시정비법 개정에 따른 조합총회 전자의결 등 운영안내,"조합 의사결정과 동의율, 주민 수용성의 변화를 보여주는 신호",회의/총회 결과가 단계 변경이나 계획 변경으로 이어졌는지 후속 공고 확인,https://cleanup.seoul.go.kr/assc/bbs-use/vscrGnrl.do?cafeId=680900000617J84&bbsSn=5485&cpage=1&searchCode=&searchValue=&streSttusCode=0&nttSn=130890&menuId=100,https://cleanup.seoul.go.kr/assc/bbs-use/execute.do?cafeId=680900000617J84&bbsSn=5485&streSttusCode=0
301,P3,34,기타,uncategorized,잠실/송파,3,잠실우성아파트 재건축정비사업조합,공지사항,2026-02-27,116,[26/2/27 마감] 세계유산법 시행령 일부 개정령안 관련 의견제출 안내,공개 항목이지만 개발 조건 변화와의 직접 신호는 낮음,다른 단계 변경 신호와 결합될 때 확인,https://cleanup.seoul.go.kr/assc/bbs-use/vscrGnrl.do?cafeId=710100002006X76&bbsSn=1461&cpage=1&searchCode=&searchValue=&streSttusCode=0&nttSn=174298&menuId=100,https://cleanup.seoul.go.kr/assc/bbs-use/execute.do?cafeId=710100002006X76&bbsSn=1461&streSttusCode=0
302,P3,34,기타,uncategorized,강남,4,은마아파트 재건축정비사업조합,공지사항,2026-02-27,116,[26/2/27 마감] 세계유산법 시행령 일부 개정령안 관련 의견제출 안내,공개 항목이지만 개발 조건 변화와의 직접 신호는 낮음,다른 단계 변경 신호와 결합될 때 확인,https://cleanup.seoul.go.kr/assc/bbs-use/vscrGnrl.do?cafeId=680100002017E89&bbsSn=1403&cpage=1&searchCode=&searchValue=&streSttusCode=0&nttSn=174435&menuId=100,https://cleanup.seoul.go.kr/assc/bbs-use/execute.do?cafeId=680100002017E89&bbsSn=1403&streSttusCode=0
303,P3,34,기타,uncategorized,잠실/송파,3,잠실우성아파트 재건축정비사업조합,공지사항,2026-02-02,141,「서울특별시 도시 및 주거환경정비 조례」및 관련조례 시행규칙 일부개정 사항 재안내,공개 항목이지만 개발 조건 변화와의 직접 신호는 낮음,다른 단계 변경 신호와 결합될 때 확인,https://cleanup.seoul.go.kr/assc/bbs-use/vscrGnrl.do?cafeId=710100002006X76&bbsSn=1461&cpage=1&searchCode=&searchValue=&streSttusCode=0&nttSn=163763&menuId=100,https://cleanup.seoul.go.kr/assc/bbs-use/execute.do?cafeId=710100002006X76&bbsSn=1461&streSttusCode=0
304,P3,34,재무·행정,finance_admin,구의/광진,24,워커힐아파트1단지 재건축정비사업 조합설립추진위원회,공지사항,2026-01-14,160,"2024년 4/4분기 자료의 공개, 자금수지보고서, 업무추진실적 통지(소식지 2호)","사업비 조달, 운영 투명성, 재무관리 리스크를 보조적으로 보여주는 신호",분담금/사업비 자료와 같이 보되 단독 신호로 과대해석하지 않음,https://cleanup.seoul.go.kr/assc/bbs-use/vscrGnrl.do?cafeId=215900001363i54&bbsSn=11440&cpage=1&searchCode=&searchValue=&streSttusCode=0&nttSn=163632&menuId=100,https://cleanup.seoul.go.kr/assc/bbs-use/execute.do?cafeId=215900001363i54&bbsSn=11440&streSttusCode=0
305,P3,34,일반 행정,low_signal_admin,잠실/송파,16,가락1차현대아파트 재건축정비사업 조합,조합입찰공고,2025-07-04,354,조합 사무직원 채용공고,운영 활동 신호이나 개발 조건 변화와의 직접성은 낮음,총회·시공자 선정 등 다른 신호와 결합될 때만 검토,https://cleanup.seoul.go.kr/assc/bidpblanc/vscr.do?cafeId=710900000689x43&cpage=1&searchCode=&searchValue=&signguCd=&othbcListSn=949666,https://cleanup.seoul.go.kr/assc/bidpblanc/lscr.do?cafeId=710900000689x43
306,P3,34,재무·행정,finance_admin,강남,4,은마아파트 재건축정비사업조합,공지사항,2025-04-09,440,"‘정비사업 정보몽땅 활용도’ 평가, 서울시 정비사업 융자금 지원 심사 반영 안내","사업비 조달, 운영 투명성, 재무관리 리스크를 보조적으로 보여주는 신호",분담금/사업비 자료와 같이 보되 단독 신호로 과대해석하지 않음,https://cleanup.seoul.go.kr/assc/bbs-use/vscrGnrl.do?cafeId=680100002017E89&bbsSn=1403&cpage=1&searchCode=&searchValue=&streSttusCode=0&nttSn=156941&menuId=100,https://cleanup.seoul.go.kr/assc/bbs-use/execute.do?cafeId=680100002017E89&bbsSn=1403&streSttusCode=0
307,P3,34,총회·협의체,governance,강남,7,대치쌍용2차아파트 주택재건축정비사업조합,공지사항,2024-11-01,599,2030 서울특별시 도시주거환경정비기본계획 “찾아가는 주민설명회” 자치구별 일정/장소 안내,"조합 의사결정과 동의율, 주민 수용성의 변화를 보여주는 신호",회의/총회 결과가 단계 변경이나 계획 변경으로 이어졌는지 후속 공고 확인,https://cleanup.seoul.go.kr/assc/bbs-use/vscrGnrl.do?cafeId=680900000567C51&bbsSn=5277&cpage=1&searchCode=&searchValue=&streSttusCode=0&nttSn=153354&menuId=100,https://cleanup.seoul.go.kr/assc/bbs-use/execute.do?cafeId=680900000567C51&bbsSn=5277&streSttusCode=0
308,P3,34,총회·협의체,governance,강남,7,대치쌍용2차아파트 주택재건축정비사업조합,공지사항,2024-11-01,599,2030 서울특별시 도시주거환경정비기본계획 “찾아가는 주민설명회” 자치구별 일정/장소 안내,"조합 의사결정과 동의율, 주민 수용성의 변화를 보여주는 신호",회의/총회 결과가 단계 변경이나 계획 변경으로 이어졌는지 후속 공고 확인,https://cleanup.seoul.go.kr/assc/bbs-use/vscrGnrl.do?cafeId=680900000567C51&bbsSn=5277&cpage=1&searchCode=&searchValue=&streSttusCode=0&nttSn=151744&menuId=100,https://cleanup.seoul.go.kr/assc/bbs-use/execute.do?cafeId=680900000567C51&bbsSn=5277&streSttusCode=0
309,P3,34,총회·협의체,governance,강남,8,대치쌍용1차아파트 주택재건축정비사업조합,공지사항,2024-11-01,599,2030 서울특별시 도시주거환경정비기본계획 “찾아가는 주민설명회” 자치구별 일정/장소 안내,"조합 의사결정과 동의율, 주민 수용성의 변화를 보여주는 신호",회의/총회 결과가 단계 변경이나 계획 변경으로 이어졌는지 후속 공고 확인,https://cleanup.seoul.go.kr/assc/bbs-use/vscrGnrl.do?cafeId=680900000566y01&bbsSn=5273&cpage=1&searchCode=&searchValue=&streSttusCode=0&nttSn=153306&menuId=100,https://cleanup.seoul.go.kr/assc/bbs-use/execute.do?cafeId=680900000566y01&bbsSn=5273&streSttusCode=0
310,P3,34,총회·협의체,governance,강남,8,대치쌍용1차아파트 주택재건축정비사업조합,공지사항,2024-11-01,599,2030 서울특별시 도시주거환경정비기본계획 “찾아가는 주민설명회” 자치구별 일정/장소 안내,"조합 의사결정과 동의율, 주민 수용성의 변화를 보여주는 신호",회의/총회 결과가 단계 변경이나 계획 변경으로 이어졌는지 후속 공고 확인,https://cleanup.seoul.go.kr/assc/bbs-use/vscrGnrl.do?cafeId=680900000566y01&bbsSn=5273&cpage=1&searchCode=&searchValue=&streSttusCode=0&nttSn=151742&menuId=100,https://cleanup.seoul.go.kr/assc/bbs-use/execute.do?cafeId=680900000566y01&bbsSn=5273&streSttusCode=0
311,P3,34,일반 행정,low_signal_admin,강남,6,대치우성1차아파트 재건축정비사업조합,조합입찰공고,2023-04-10,1170,사무직원 채용공고,운영 활동 신호이나 개발 조건 변화와의 직접성은 낮음,총회·시공자 선정 등 다른 신호와 결합될 때만 검토,https://cleanup.seoul.go.kr/assc/bidpblanc/vscr.do?cafeId=680900000617J84&cpage=1&searchCode=&searchValue=&signguCd=&othbcListSn=756524,https://cleanup.seoul.go.kr/assc/bidpblanc/lscr.do?cafeId=680900000617J84
312,P3,34,일반 행정,low_signal_admin,강남,6,대치우성1차아파트 재건축정비사업조합,조합입찰공고,2021-12-20,1646,"일용직 근로자 채용공고(홍보요원,진행요원)",운영 활동 신호이나 개발 조건 변화와의 직접성은 낮음,총회·시공자 선정 등 다른 신호와 결합될 때만 검토,https://cleanup.seoul.go.kr/assc/bidpblanc/vscr.do?cafeId=680900000617J84&cpage=1&searchCode=&searchValue=&signguCd=&othbcListSn=658938,https://cleanup.seoul.go.kr/assc/bidpblanc/lscr.do?cafeId=680900000617J84
313,P3,34,총회·협의체,governance,강남,7,대치쌍용2차아파트 주택재건축정비사업조합,공지사항,2021-10-27,1700,도시정비법 개정에 따른 조합총회 전자의결 등 운영안내,"조합 의사결정과 동의율, 주민 수용성의 변화를 보여주는 신호",회의/총회 결과가 단계 변경이나 계획 변경으로 이어졌는지 후속 공고 확인,https://cleanup.seoul.go.kr/assc/bbs-use/vscrGnrl.do?cafeId=680900000567C51&bbsSn=5277&cpage=1&searchCode=&searchValue=&streSttusCode=0&nttSn=130889&menuId=100,https://cleanup.seoul.go.kr/assc/bbs-use/execute.do?cafeId=680900000567C51&bbsSn=5277&streSttusCode=0
314,P3,34,총회·협의체,governance,강남,8,대치쌍용1차아파트 주택재건축정비사업조합,공지사항,2021-10-27,1700,도시정비법 개정에 따른 조합총회 전자의결 등 운영안내,"조합 의사결정과 동의율, 주민 수용성의 변화를 보여주는 신호",회의/총회 결과가 단계 변경이나 계획 변경으로 이어졌는지 후속 공고 확인,https://cleanup.seoul.go.kr/assc/bbs-use/vscrGnrl.do?cafeId=680900000566y01&bbsSn=5273&cpage=1&searchCode=&searchValue=&streSttusCode=0&nttSn=130887&menuId=100,https://cleanup.seoul.go.kr/assc/bbs-use/execute.do?cafeId=680900000566y01&bbsSn=5273&streSttusCode=0
315,P3,34,일반 행정,low_signal_admin,강남,6,대치우성1차아파트 재건축정비사업조합,조합입찰공고,2020-06-01,2213,"일용직 근로자 채용공고 (홍보요원, 진행요원)",운영 활동 신호이나 개발 조건 변화와의 직접성은 낮음,총회·시공자 선정 등 다른 신호와 결합될 때만 검토,https://cleanup.seoul.go.kr/assc/bidpblanc/vscr.do?cafeId=680900000617J84&cpage=1&searchCode=&searchValue=&signguCd=&othbcListSn=562116,https://cleanup.seoul.go.kr/assc/bidpblanc/lscr.do?cafeId=680900000617J84
316,P3,34,기타,uncategorized,잠실/송파,3,잠실우성아파트 재건축정비사업조합,확정된 사업비 및 분담금 목록,2017-12-15,3112,검증을 위한 등록,공개 항목이지만 개발 조건 변화와의 직접 신호는 낮음,다른 단계 변경 신호와 결합될 때 확인,,https://cleanup.seoul.go.kr/assc/bbs-use/lscrWctList.do?cafeId=710100002006X76
317,P3,33,기타,uncategorized,잠실/송파,5,"장미1,2,3차아파트 주택재건축정비사업 조합",공지사항,2026-02-27,116,[26/2/27 마감] 세계유산법 시행령 일부 개정령안 관련 의견제출 안내,공개 항목이지만 개발 조건 변화와의 직접 신호는 낮음,다른 단계 변경 신호와 결합될 때 확인,https://cleanup.seoul.go.kr/assc/bbs-use/vscrGnrl.do?cafeId=710900000615u63&bbsSn=5477&cpage=1&searchCode=&searchValue=&streSttusCode=0&nttSn=174995&menuId=100,https://cleanup.seoul.go.kr/assc/bbs-use/execute.do?cafeId=710900000615u63&bbsSn=5477&streSttusCode=0
318,P3,33,기타,uncategorized,강남,6,대치우성1차아파트 재건축정비사업조합,공지사항,2026-02-27,116,[26/2/27 마감] 세계유산법 시행령 일부 개정령안 관련 의견제출 안내,공개 항목이지만 개발 조건 변화와의 직접 신호는 낮음,다른 단계 변경 신호와 결합될 때 확인,https://cleanup.seoul.go.kr/assc/bbs-use/vscrGnrl.do?cafeId=680900000617J84&bbsSn=5485&cpage=1&searchCode=&searchValue=&streSttusCode=0&nttSn=174996&menuId=100,https://cleanup.seoul.go.kr/assc/bbs-use/execute.do?cafeId=680900000617J84&bbsSn=5485&streSttusCode=0
319,P3,33,기타,uncategorized,잠실/송파,5,"장미1,2,3차아파트 주택재건축정비사업 조합",공지사항,2026-02-02,141,「서울특별시 도시 및 주거환경정비 조례」및 관련조례 시행규칙 일부개정 사항 재안내,공개 항목이지만 개발 조건 변화와의 직접 신호는 낮음,다른 단계 변경 신호와 결합될 때 확인,https://cleanup.seoul.go.kr/assc/bbs-use/vscrGnrl.do?cafeId=710900000615u63&bbsSn=5477&cpage=1&searchCode=&searchValue=&streSttusCode=0&nttSn=163790&menuId=100,https://cleanup.seoul.go.kr/assc/bbs-use/execute.do?cafeId=710900000615u63&bbsSn=5477&streSttusCode=0
320,P3,33,재무·행정,finance_admin,강남,6,대치우성1차아파트 재건축정비사업조합,공지사항,2025-04-09,440,"‘정비사업 정보몽땅 활용도’ 평가, 서울시 정비사업 융자금 지원 심사 반영 안내","사업비 조달, 운영 투명성, 재무관리 리스크를 보조적으로 보여주는 신호",분담금/사업비 자료와 같이 보되 단독 신호로 과대해석하지 않음,https://cleanup.seoul.go.kr/assc/bbs-use/vscrGnrl.do?cafeId=680900000617J84&bbsSn=5485&cpage=1&searchCode=&searchValue=&streSttusCode=0&nttSn=156983&menuId=100,https://cleanup.seoul.go.kr/assc/bbs-use/execute.do?cafeId=680900000617J84&bbsSn=5485&streSttusCode=0
321,P3,33,일반 행정,low_signal_admin,강남,8,대치쌍용1차아파트 주택재건축정비사업조합,조합입찰공고,2025-01-20,519,선거사무원(사무장) 채용공고,운영 활동 신호이나 개발 조건 변화와의 직접성은 낮음,총회·시공자 선정 등 다른 신호와 결합될 때만 검토,https://cleanup.seoul.go.kr/assc/bidpblanc/vscr.do?cafeId=680900000566y01&cpage=1&searchCode=&searchValue=&signguCd=&othbcListSn=909073,https://cleanup.seoul.go.kr/assc/bidpblanc/lscr.do?cafeId=680900000566y01
322,P3,33,총회·협의체,governance,잠실/송파,9,잠실우성4차 주택재건축정비사업조합,공지사항,2024-11-01,599,2030 서울특별시 도시주거환경정비기본계획 “찾아가는 주민설명회” 자치구별 일정/장소 안내,"조합 의사결정과 동의율, 주민 수용성의 변화를 보여주는 신호",회의/총회 결과가 단계 변경이나 계획 변경으로 이어졌는지 후속 공고 확인,https://cleanup.seoul.go.kr/assc/bbs-use/vscrGnrl.do?cafeId=710900000108s28&bbsSn=1555&cpage=1&searchCode=&searchValue=&streSttusCode=0&nttSn=152612&menuId=100,https://cleanup.seoul.go.kr/assc/bbs-use/execute.do?cafeId=710900000108s28&bbsSn=1555&streSttusCode=0
323,P3,33,총회·협의체,governance,강남,10,압구정아파트지구 특별계획구역③ 재건축정비사업 조합,공지사항,2024-11-01,599,2030 서울특별시 도시주거환경정비기본계획 “찾아가는 주민설명회” 자치구별 일정/장소 안내,"조합 의사결정과 동의율, 주민 수용성의 변화를 보여주는 신호",회의/총회 결과가 단계 변경이나 계획 변경으로 이어졌는지 후속 공고 확인,https://cleanup.seoul.go.kr/assc/bbs-use/vscrGnrl.do?cafeId=680900000675S91&bbsSn=5733&cpage=1&searchCode=&searchValue=&streSttusCode=0&nttSn=153412&menuId=100,https://cleanup.seoul.go.kr/assc/bbs-use/execute.do?cafeId=680900000675S91&bbsSn=5733&streSttusCode=0
324,P3,33,총회·협의체,governance,강남,10,압구정아파트지구 특별계획구역③ 재건축정비사업 조합,공지사항,2024-11-01,599,2030 서울특별시 도시주거환경정비기본계획 “찾아가는 주민설명회” 자치구별 일정/장소 안내,"조합 의사결정과 동의율, 주민 수용성의 변화를 보여주는 신호",회의/총회 결과가 단계 변경이나 계획 변경으로 이어졌는지 후속 공고 확인,https://cleanup.seoul.go.kr/assc/bbs-use/vscrGnrl.do?cafeId=680900000675S91&bbsSn=5733&cpage=1&searchCode=&searchValue=&streSttusCode=0&nttSn=151748&menuId=100,https://cleanup.seoul.go.kr/assc/bbs-use/execute.do?cafeId=680900000675S91&bbsSn=5733&streSttusCode=0
325,P3,33,일반 행정,low_signal_admin,강남,8,대치쌍용1차아파트 주택재건축정비사업조합,조합입찰공고,2022-01-28,1607,선거사무보조원 채용공고,운영 활동 신호이나 개발 조건 변화와의 직접성은 낮음,총회·시공자 선정 등 다른 신호와 결합될 때만 검토,https://cleanup.seoul.go.kr/assc/bidpblanc/vscr.do?cafeId=680900000566y01&cpage=1&searchCode=&searchValue=&signguCd=&othbcListSn=666790,https://cleanup.seoul.go.kr/assc/bidpblanc/lscr.do?cafeId=680900000566y01
326,P3,33,총회·협의체,governance,강남,10,압구정아파트지구 특별계획구역③ 재건축정비사업 조합,공지사항,2021-10-27,1700,도시정비법 개정에 따른 조합총회 전자의결 등 운영안내,"조합 의사결정과 동의율, 주민 수용성의 변화를 보여주는 신호",회의/총회 결과가 단계 변경이나 계획 변경으로 이어졌는지 후속 공고 확인,https://cleanup.seoul.go.kr/assc/bbs-use/vscrGnrl.do?cafeId=680900000675S91&bbsSn=5733&cpage=1&searchCode=&searchValue=&streSttusCode=0&nttSn=130893&menuId=100,https://cleanup.seoul.go.kr/assc/bbs-use/execute.do?cafeId=680900000675S91&bbsSn=5733&streSttusCode=0
327,P3,33,일반 행정,low_signal_admin,강남,8,대치쌍용1차아파트 주택재건축정비사업조합,조합입찰공고,2019-01-14,2717,선거사무보조원 채용 공고,운영 활동 신호이나 개발 조건 변화와의 직접성은 낮음,총회·시공자 선정 등 다른 신호와 결합될 때만 검토,https://cleanup.seoul.go.kr/assc/bidpblanc/vscr.do?cafeId=680900000566y01&cpage=1&searchCode=&searchValue=&signguCd=&othbcListSn=493024,https://cleanup.seoul.go.kr/assc/bidpblanc/lscr.do?cafeId=680900000566y01
328,P3,32,기타,uncategorized,강남,7,대치쌍용2차아파트 주택재건축정비사업조합,공지사항,2026-02-27,116,[26/2/27 마감] 세계유산법 시행령 일부 개정령안 관련 의견제출 안내,공개 항목이지만 개발 조건 변화와의 직접 신호는 낮음,다른 단계 변경 신호와 결합될 때 확인,https://cleanup.seoul.go.kr/assc/bbs-use/vscrGnrl.do?cafeId=680900000567C51&bbsSn=5277&cpage=1&searchCode=&searchValue=&streSttusCode=0&nttSn=174987&menuId=100,https://cleanup.seoul.go.kr/assc/bbs-use/execute.do?cafeId=680900000567C51&bbsSn=5277&streSttusCode=0
329,P3,32,기타,uncategorized,강남,8,대치쌍용1차아파트 주택재건축정비사업조합,공지사항,2026-02-27,116,[26/2/27 마감] 세계유산법 시행령 일부 개정령안 관련 의견제출 안내,공개 항목이지만 개발 조건 변화와의 직접 신호는 낮음,다른 단계 변경 신호와 결합될 때 확인,https://cleanup.seoul.go.kr/assc/bbs-use/vscrGnrl.do?cafeId=680900000566y01&bbsSn=5273&cpage=1&searchCode=&searchValue=&streSttusCode=0&nttSn=174939&menuId=100,https://cleanup.seoul.go.kr/assc/bbs-use/execute.do?cafeId=680900000566y01&bbsSn=5273&streSttusCode=0
330,P3,32,재무·행정,finance_admin,강남,7,대치쌍용2차아파트 주택재건축정비사업조합,공지사항,2025-04-09,440,"‘정비사업 정보몽땅 활용도’ 평가, 서울시 정비사업 융자금 지원 심사 반영 안내","사업비 조달, 운영 투명성, 재무관리 리스크를 보조적으로 보여주는 신호",분담금/사업비 자료와 같이 보되 단독 신호로 과대해석하지 않음,https://cleanup.seoul.go.kr/assc/bbs-use/vscrGnrl.do?cafeId=680900000567C51&bbsSn=5277&cpage=1&searchCode=&searchValue=&streSttusCode=0&nttSn=156982&menuId=100,https://cleanup.seoul.go.kr/assc/bbs-use/execute.do?cafeId=680900000567C51&bbsSn=5277&streSttusCode=0
331,P3,32,재무·행정,finance_admin,강남,8,대치쌍용1차아파트 주택재건축정비사업조합,공지사항,2025-04-09,440,"‘정비사업 정보몽땅 활용도’ 평가, 서울시 정비사업 융자금 지원 심사 반영 안내","사업비 조달, 운영 투명성, 재무관리 리스크를 보조적으로 보여주는 신호",분담금/사업비 자료와 같이 보되 단독 신호로 과대해석하지 않음,https://cleanup.seoul.go.kr/assc/bbs-use/vscrGnrl.do?cafeId=680900000566y01&bbsSn=5273&cpage=1&searchCode=&searchValue=&streSttusCode=0&nttSn=156980&menuId=100,https://cleanup.seoul.go.kr/assc/bbs-use/execute.do?cafeId=680900000566y01&bbsSn=5273&streSttusCode=0
332,P3,32,일반 행정,low_signal_admin,잠실/송파,9,잠실우성4차 주택재건축정비사업조합,조합입찰공고,2025-02-25,483,조합원 분양신청을 위한 임시계약직 채용 공고,운영 활동 신호이나 개발 조건 변화와의 직접성은 낮음,총회·시공자 선정 등 다른 신호와 결합될 때만 검토,https://cleanup.seoul.go.kr/assc/bidpblanc/vscr.do?cafeId=710900000108s28&cpage=1&searchCode=&searchValue=&signguCd=&othbcListSn=916455,https://cleanup.seoul.go.kr/assc/bidpblanc/lscr.do?cafeId=710900000108s28
333,P3,32,총회·협의체,governance,강남,11,압구정아파트지구 특별계획구역4,공지사항,2024-11-01,599,2030 서울특별시 도시주거환경정비기본계획 “찾아가는 주민설명회” 자치구별 일정/장소 안내,"조합 의사결정과 동의율, 주민 수용성의 변화를 보여주는 신호",회의/총회 결과가 단계 변경이나 계획 변경으로 이어졌는지 후속 공고 확인,https://cleanup.seoul.go.kr/assc/bbs-use/vscrGnrl.do?cafeId=680900000684g10&bbsSn=5773&cpage=1&searchCode=&searchValue=&streSttusCode=0&nttSn=153411&menuId=100,https://cleanup.seoul.go.kr/assc/bbs-use/execute.do?cafeId=680900000684g10&bbsSn=5773&streSttusCode=0
334,P3,32,총회·협의체,governance,강남,11,압구정아파트지구 특별계획구역4,공지사항,2024-11-01,599,2030 서울특별시 도시주거환경정비기본계획 “찾아가는 주민설명회” 자치구별 일정/장소 안내,"조합 의사결정과 동의율, 주민 수용성의 변화를 보여주는 신호",회의/총회 결과가 단계 변경이나 계획 변경으로 이어졌는지 후속 공고 확인,https://cleanup.seoul.go.kr/assc/bbs-use/vscrGnrl.do?cafeId=680900000684g10&bbsSn=5773&cpage=1&searchCode=&searchValue=&streSttusCode=0&nttSn=151747&menuId=100,https://cleanup.seoul.go.kr/assc/bbs-use/execute.do?cafeId=680900000684g10&bbsSn=5773&streSttusCode=0
335,P3,32,총회·협의체,governance,강남,12,압구정아파트지구 특별계획구역5 재건축정비사업조합,공지사항,2024-11-01,599,2030 서울특별시 도시주거환경정비기본계획 “찾아가는 주민설명회” 자치구별 일정/장소 안내,"조합 의사결정과 동의율, 주민 수용성의 변화를 보여주는 신호",회의/총회 결과가 단계 변경이나 계획 변경으로 이어졌는지 후속 공고 확인,https://cleanup.seoul.go.kr/assc/bbs-use/vscrGnrl.do?cafeId=680900000670W75&bbsSn=5713&cpage=1&searchCode=&searchValue=&streSttusCode=0&nttSn=153422&menuId=100,https://cleanup.seoul.go.kr/assc/bbs-use/execute.do?cafeId=680900000670W75&bbsSn=5713&streSttusCode=0
336,P3,32,총회·협의체,governance,강남,12,압구정아파트지구 특별계획구역5 재건축정비사업조합,공지사항,2024-11-01,599,2030 서울특별시 도시주거환경정비기본계획 “찾아가는 주민설명회” 자치구별 일정/장소 안내,"조합 의사결정과 동의율, 주민 수용성의 변화를 보여주는 신호",회의/총회 결과가 단계 변경이나 계획 변경으로 이어졌는지 후속 공고 확인,https://cleanup.seoul.go.kr/assc/bbs-use/vscrGnrl.do?cafeId=680900000670W75&bbsSn=5713&cpage=1&searchCode=&searchValue=&streSttusCode=0&nttSn=151752&menuId=100,https://cleanup.seoul.go.kr/assc/bbs-use/execute.do?cafeId=680900000670W75&bbsSn=5713&streSttusCode=0
337,P3,32,총회·협의체,governance,강남,11,압구정아파트지구 특별계획구역4,공지사항,2021-10-27,1700,도시정비법 개정에 따른 조합총회 전자의결 등 운영안내,"조합 의사결정과 동의율, 주민 수용성의 변화를 보여주는 신호",회의/총회 결과가 단계 변경이나 계획 변경으로 이어졌는지 후속 공고 확인,https://cleanup.seoul.go.kr/assc/bbs-use/vscrGnrl.do?cafeId=680900000684g10&bbsSn=5773&cpage=1&searchCode=&searchValue=&streSttusCode=0&nttSn=130892&menuId=100,https://cleanup.seoul.go.kr/assc/bbs-use/execute.do?cafeId=680900000684g10&bbsSn=5773&streSttusCode=0
338,P3,32,총회·협의체,governance,강남,12,압구정아파트지구 특별계획구역5 재건축정비사업조합,공지사항,2021-10-27,1700,도시정비법 개정에 따른 조합총회 전자의결 등 운영안내,"조합 의사결정과 동의율, 주민 수용성의 변화를 보여주는 신호",회의/총회 결과가 단계 변경이나 계획 변경으로 이어졌는지 후속 공고 확인,https://cleanup.seoul.go.kr/assc/bbs-use/vscrGnrl.do?cafeId=680900000670W75&bbsSn=5713&cpage=1&searchCode=&searchValue=&streSttusCode=0&nttSn=130897&menuId=100,https://cleanup.seoul.go.kr/assc/bbs-use/execute.do?cafeId=680900000670W75&bbsSn=5713&streSttusCode=0
339,P3,32,기타,uncategorized,강남,8,대치쌍용1차아파트 주택재건축정비사업조합,확정된 사업비 및 분담금 목록,2015-10-13,3906,개략적인 사업시행계획(안) 작성용,공개 항목이지만 개발 조건 변화와의 직접 신호는 낮음,다른 단계 변경 신호와 결합될 때 확인,,https://cleanup.seoul.go.kr/assc/bbs-use/lscrWctList.do?cafeId=680900000566y01
340,P3,32,기타,uncategorized,강남,7,대치쌍용2차아파트 주택재건축정비사업조합,확정된 사업비 및 분담금 목록,2015-04-08,4094,소형주택매각비용 수정,공개 항목이지만 개발 조건 변화와의 직접 신호는 낮음,다른 단계 변경 신호와 결합될 때 확인,,https://cleanup.seoul.go.kr/assc/bbs-use/lscrWctList.do?cafeId=680900000567C51
341,P3,31,기타,uncategorized,잠실/송파,9,잠실우성4차 주택재건축정비사업조합,공지사항,2026-02-27,116,[26/2/27 마감] 세계유산법 시행령 일부 개정령안 관련 의견제출 안내,공개 항목이지만 개발 조건 변화와의 직접 신호는 낮음,다른 단계 변경 신호와 결합될 때 확인,https://cleanup.seoul.go.kr/assc/bbs-use/vscrGnrl.do?cafeId=710900000108s28&bbsSn=1555&cpage=1&searchCode=&searchValue=&streSttusCode=0&nttSn=174245&menuId=100,https://cleanup.seoul.go.kr/assc/bbs-use/execute.do?cafeId=710900000108s28&bbsSn=1555&streSttusCode=0
342,P3,31,기타,uncategorized,강남,10,압구정아파트지구 특별계획구역③ 재건축정비사업 조합,공지사항,2026-02-27,116,[26/2/27 마감] 세계유산법 시행령 일부 개정령안 관련 의견제출 안내,공개 항목이지만 개발 조건 변화와의 직접 신호는 낮음,다른 단계 변경 신호와 결합될 때 확인,https://cleanup.seoul.go.kr/assc/bbs-use/vscrGnrl.do?cafeId=680900000675S91&bbsSn=5733&cpage=1&searchCode=&searchValue=&streSttusCode=0&nttSn=175045&menuId=100,https://cleanup.seoul.go.kr/assc/bbs-use/execute.do?cafeId=680900000675S91&bbsSn=5733&streSttusCode=0
343,P3,31,기타,uncategorized,잠실/송파,9,잠실우성4차 주택재건축정비사업조합,공지사항,2026-02-02,141,「서울특별시 도시 및 주거환경정비 조례」및 관련조례 시행규칙 일부개정 사항 재안내,공개 항목이지만 개발 조건 변화와의 직접 신호는 낮음,다른 단계 변경 신호와 결합될 때 확인,https://cleanup.seoul.go.kr/assc/bbs-use/vscrGnrl.do?cafeId=710900000108s28&bbsSn=1555&cpage=1&searchCode=&searchValue=&streSttusCode=0&nttSn=163759&menuId=100,https://cleanup.seoul.go.kr/assc/bbs-use/execute.do?cafeId=710900000108s28&bbsSn=1555&streSttusCode=0
344,P3,31,재무·행정,finance_admin,강남,10,압구정아파트지구 특별계획구역③ 재건축정비사업 조합,공지사항,2025-04-09,440,"‘정비사업 정보몽땅 활용도’ 평가, 서울시 정비사업 융자금 지원 심사 반영 안내","사업비 조달, 운영 투명성, 재무관리 리스크를 보조적으로 보여주는 신호",분담금/사업비 자료와 같이 보되 단독 신호로 과대해석하지 않음,https://cleanup.seoul.go.kr/assc/bbs-use/vscrGnrl.do?cafeId=680900000675S91&bbsSn=5733&cpage=1&searchCode=&searchValue=&streSttusCode=0&nttSn=156986&menuId=100,https://cleanup.seoul.go.kr/assc/bbs-use/execute.do?cafeId=680900000675S91&bbsSn=5733&streSttusCode=0
345,P3,31,일반 행정,low_signal_admin,강남,11,압구정아파트지구 특별계획구역4,조합입찰공고,2025-03-21,459,홍보인력[임시직] 채용공고,운영 활동 신호이나 개발 조건 변화와의 직접성은 낮음,총회·시공자 선정 등 다른 신호와 결합될 때만 검토,https://cleanup.seoul.go.kr/assc/bidpblanc/vscr.do?cafeId=680900000684g10&cpage=1&searchCode=&searchValue=&signguCd=&othbcListSn=922958,https://cleanup.seoul.go.kr/assc/bidpblanc/lscr.do?cafeId=680900000684g10
346,P3,31,총회·협의체,governance,구의/광진,13,자양제7구역 주택재건축정비사업 조합,공지사항,2024-11-01,599,2030 서울특별시 도시주거환경정비기본계획 “찾아가는 주민설명회” 자치구별 일정/장소 안내,"조합 의사결정과 동의율, 주민 수용성의 변화를 보여주는 신호",회의/총회 결과가 단계 변경이나 계획 변경으로 이어졌는지 후속 공고 확인,https://cleanup.seoul.go.kr/assc/bbs-use/vscrGnrl.do?cafeId=215100002002c30&bbsSn=461&cpage=1&searchCode=&searchValue=&streSttusCode=0&nttSn=152411&menuId=100,https://cleanup.seoul.go.kr/assc/bbs-use/execute.do?cafeId=215100002002c30&bbsSn=461&streSttusCode=0
347,P3,31,총회·협의체,governance,구의/광진,13,자양제7구역 주택재건축정비사업 조합,공지사항,2024-11-01,599,2030 서울특별시 도시주거환경정비기본계획 “찾아가는 주민설명회” 자치구별 일정/장소 안내,"조합 의사결정과 동의율, 주민 수용성의 변화를 보여주는 신호",회의/총회 결과가 단계 변경이나 계획 변경으로 이어졌는지 후속 공고 확인,https://cleanup.seoul.go.kr/assc/bbs-use/vscrGnrl.do?cafeId=215100002002c30&bbsSn=461&cpage=1&searchCode=&searchValue=&streSttusCode=0&nttSn=152020&menuId=100,https://cleanup.seoul.go.kr/assc/bbs-use/execute.do?cafeId=215100002002c30&bbsSn=461&streSttusCode=0
348,P3,31,총회·협의체,governance,강남,14,"개포주공6,7단지아파트 재건축정비사업조합",공지사항,2024-11-01,599,2030 서울특별시 도시주거환경정비기본계획 “찾아가는 주민설명회” 자치구별 일정/장소 안내,"조합 의사결정과 동의율, 주민 수용성의 변화를 보여주는 신호",회의/총회 결과가 단계 변경이나 계획 변경으로 이어졌는지 후속 공고 확인,https://cleanup.seoul.go.kr/assc/bbs-use/vscrGnrl.do?cafeId=680900000688Q62&bbsSn=5789&cpage=1&searchCode=&searchValue=&streSttusCode=0&nttSn=153425&menuId=100,https://cleanup.seoul.go.kr/assc/bbs-use/execute.do?cafeId=680900000688Q62&bbsSn=5789&streSttusCode=0
349,P3,31,총회·협의체,governance,강남,14,"개포주공6,7단지아파트 재건축정비사업조합",공지사항,2024-11-01,599,2030 서울특별시 도시주거환경정비기본계획 “찾아가는 주민설명회” 자치구별 일정/장소 안내,"조합 의사결정과 동의율, 주민 수용성의 변화를 보여주는 신호",회의/총회 결과가 단계 변경이나 계획 변경으로 이어졌는지 후속 공고 확인,https://cleanup.seoul.go.kr/assc/bbs-use/vscrGnrl.do?cafeId=680900000688Q62&bbsSn=5789&cpage=1&searchCode=&searchValue=&streSttusCode=0&nttSn=151754&menuId=100,https://cleanup.seoul.go.kr/assc/bbs-use/execute.do?cafeId=680900000688Q62&bbsSn=5789&streSttusCode=0
350,P3,31,총회·협의체,governance,구의/광진,13,자양제7구역 주택재건축정비사업 조합,공지사항,2021-10-27,1700,도시정비법 개정에 따른 조합총회 전자의결 등 운영안내,"조합 의사결정과 동의율, 주민 수용성의 변화를 보여주는 신호",회의/총회 결과가 단계 변경이나 계획 변경으로 이어졌는지 후속 공고 확인,https://cleanup.seoul.go.kr/assc/bbs-use/vscrGnrl.do?cafeId=215100002002c30&bbsSn=461&cpage=1&searchCode=&searchValue=&streSttusCode=0&nttSn=131095&menuId=100,https://cleanup.seoul.go.kr/assc/bbs-use/execute.do?cafeId=215100002002c30&bbsSn=461&streSttusCode=0
351,P3,31,총회·협의체,governance,강남,14,"개포주공6,7단지아파트 재건축정비사업조합",공지사항,2021-10-27,1700,도시정비법 개정에 따른 조합총회 전자의결 등 운영안내,"조합 의사결정과 동의율, 주민 수용성의 변화를 보여주는 신호",회의/총회 결과가 단계 변경이나 계획 변경으로 이어졌는지 후속 공고 확인,https://cleanup.seoul.go.kr/assc/bbs-use/vscrGnrl.do?cafeId=680900000688Q62&bbsSn=5789&cpage=1&searchCode=&searchValue=&streSttusCode=0&nttSn=130899&menuId=100,https://cleanup.seoul.go.kr/assc/bbs-use/execute.do?cafeId=680900000688Q62&bbsSn=5789&streSttusCode=0
352,P3,31,설계·심의,design_review,잠실/송파,21,가락삼익맨숀아파트 재건축정비사업 조합,공지사항,2018-06-08,2937,설계경기(현상설계)응모공고,"계획 변경, 심의 보완, 인허가 지연 가능성을 보여주는 신호",고시 원문 및 심의/결재문서 검색 키워드에 추가,https://cleanup.seoul.go.kr/assc/bbs-use/vscrGnrl.do?cafeId=710900000676r36&bbsSn=5737&cpage=1&searchCode=&searchValue=&streSttusCode=0&nttSn=90023&menuId=100,https://cleanup.seoul.go.kr/assc/bbs-use/execute.do?cafeId=710900000676r36&bbsSn=5737&streSttusCode=0
353,P3,30,기타,uncategorized,강남,11,압구정아파트지구 특별계획구역4,공지사항,2026-02-27,116,[26/2/27 마감] 세계유산법 시행령 일부 개정령안 관련 의견제출 안내,공개 항목이지만 개발 조건 변화와의 직접 신호는 낮음,다른 단계 변경 신호와 결합될 때 확인,https://cleanup.seoul.go.kr/assc/bbs-use/vscrGnrl.do?cafeId=680900000684g10&bbsSn=5773&cpage=1&searchCode=&searchValue=&streSttusCode=0&nttSn=175044&menuId=100,https://cleanup.seoul.go.kr/assc/bbs-use/execute.do?cafeId=680900000684g10&bbsSn=5773&streSttusCode=0
354,P3,30,기타,uncategorized,강남,12,압구정아파트지구 특별계획구역5 재건축정비사업조합,공지사항,2026-02-27,116,[26/2/27 마감] 세계유산법 시행령 일부 개정령안 관련 의견제출 안내,공개 항목이지만 개발 조건 변화와의 직접 신호는 낮음,다른 단계 변경 신호와 결합될 때 확인,https://cleanup.seoul.go.kr/assc/bbs-use/vscrGnrl.do?cafeId=680900000670W75&bbsSn=5713&cpage=1&searchCode=&searchValue=&streSttusCode=0&nttSn=175055&menuId=100,https://cleanup.seoul.go.kr/assc/bbs-use/execute.do?cafeId=680900000670W75&bbsSn=5713&streSttusCode=0
355,P3,30,일반 행정,low_signal_admin,구의/광진,24,워커힐아파트1단지 재건축정비사업 조합설립추진위원회,조합입찰공고,2025-11-04,231,행정직원 채용 공고,운영 활동 신호이나 개발 조건 변화와의 직접성은 낮음,총회·시공자 선정 등 다른 신호와 결합될 때만 검토,https://cleanup.seoul.go.kr/assc/bidpblanc/vscr.do?cafeId=215900001363i54&cpage=1&searchCode=&searchValue=&signguCd=&othbcListSn=979539,https://cleanup.seoul.go.kr/assc/bidpblanc/lscr.do?cafeId=215900001363i54
356,P3,30,재무·행정,finance_admin,강남,11,압구정아파트지구 특별계획구역4,공지사항,2025-04-09,440,"‘정비사업 정보몽땅 활용도’ 평가, 서울시 정비사업 융자금 지원 심사 반영 안내","사업비 조달, 운영 투명성, 재무관리 리스크를 보조적으로 보여주는 신호",분담금/사업비 자료와 같이 보되 단독 신호로 과대해석하지 않음,https://cleanup.seoul.go.kr/assc/bbs-use/vscrGnrl.do?cafeId=680900000684g10&bbsSn=5773&cpage=1&searchCode=&searchValue=&streSttusCode=0&nttSn=156985&menuId=100,https://cleanup.seoul.go.kr/assc/bbs-use/execute.do?cafeId=680900000684g10&bbsSn=5773&streSttusCode=0
357,P3,30,재무·행정,finance_admin,강남,12,압구정아파트지구 특별계획구역5 재건축정비사업조합,공지사항,2025-04-09,440,"‘정비사업 정보몽땅 활용도’ 평가, 서울시 정비사업 융자금 지원 심사 반영 안내","사업비 조달, 운영 투명성, 재무관리 리스크를 보조적으로 보여주는 신호",분담금/사업비 자료와 같이 보되 단독 신호로 과대해석하지 않음,https://cleanup.seoul.go.kr/assc/bbs-use/vscrGnrl.do?cafeId=680900000670W75&bbsSn=5713&cpage=1&searchCode=&searchValue=&streSttusCode=0&nttSn=156990&menuId=100,https://cleanup.seoul.go.kr/assc/bbs-use/execute.do?cafeId=680900000670W75&bbsSn=5713&streSttusCode=0
358,P3,30,총회·협의체,governance,강남,15,압구정한양7차아파트 재건축정비사업조합,공지사항,2024-11-01,599,2030 서울특별시 도시주거환경정비기본계획 “찾아가는 주민설명회” 자치구별 일정/장소 안내,"조합 의사결정과 동의율, 주민 수용성의 변화를 보여주는 신호",회의/총회 결과가 단계 변경이나 계획 변경으로 이어졌는지 후속 공고 확인,https://cleanup.seoul.go.kr/assc/bbs-use/vscrGnrl.do?cafeId=680100003000s45&bbsSn=3081&cpage=1&searchCode=&searchValue=&streSttusCode=0&nttSn=152835&menuId=100,https://cleanup.seoul.go.kr/assc/bbs-use/execute.do?cafeId=680100003000s45&bbsSn=3081&streSttusCode=0
359,P3,30,총회·협의체,governance,강남,15,압구정한양7차아파트 재건축정비사업조합,공지사항,2024-11-01,599,2030 서울특별시 도시주거환경정비기본계획 “찾아가는 주민설명회” 자치구별 일정/장소 안내,"조합 의사결정과 동의율, 주민 수용성의 변화를 보여주는 신호",회의/총회 결과가 단계 변경이나 계획 변경으로 이어졌는지 후속 공고 확인,https://cleanup.seoul.go.kr/assc/bbs-use/vscrGnrl.do?cafeId=680100003000s45&bbsSn=3081&cpage=1&searchCode=&searchValue=&streSttusCode=0&nttSn=151728&menuId=100,https://cleanup.seoul.go.kr/assc/bbs-use/execute.do?cafeId=680100003000s45&bbsSn=3081&streSttusCode=0
360,P3,30,총회·협의체,governance,잠실/송파,16,가락1차현대아파트 재건축정비사업 조합,공지사항,2024-11-01,599,2030 서울특별시 도시주거환경정비기본계획 “찾아가는 주민설명회” 자치구별 일정/장소 안내,"조합 의사결정과 동의율, 주민 수용성의 변화를 보여주는 신호",회의/총회 결과가 단계 변경이나 계획 변경으로 이어졌는지 후속 공고 확인,https://cleanup.seoul.go.kr/assc/bbs-use/vscrGnrl.do?cafeId=710900000689x43&bbsSn=5793&cpage=1&searchCode=&searchValue=&streSttusCode=0&nttSn=153439&menuId=100,https://cleanup.seoul.go.kr/assc/bbs-use/execute.do?cafeId=710900000689x43&bbsSn=5793&streSttusCode=0
361,P3,30,총회·협의체,governance,강남,15,압구정한양7차아파트 재건축정비사업조합,공지사항,2021-10-27,1700,도시정비법 개정에 따른 조합총회 전자의결 등 운영안내,"조합 의사결정과 동의율, 주민 수용성의 변화를 보여주는 신호",회의/총회 결과가 단계 변경이나 계획 변경으로 이어졌는지 후속 공고 확인,https://cleanup.seoul.go.kr/assc/bbs-use/vscrGnrl.do?cafeId=680100003000s45&bbsSn=3081&cpage=1&searchCode=&searchValue=&streSttusCode=0&nttSn=130873&menuId=100,https://cleanup.seoul.go.kr/assc/bbs-use/execute.do?cafeId=680100003000s45&bbsSn=3081&streSttusCode=0
362,P3,30,기타,uncategorized,강남,11,압구정아파트지구 특별계획구역4,확정된 사업비 및 분담금 목록,2021-02-08,1961,조합설립을 위한 차수 등록,공개 항목이지만 개발 조건 변화와의 직접 신호는 낮음,다른 단계 변경 신호와 결합될 때 확인,,https://cleanup.seoul.go.kr/assc/bbs-use/lscrWctList.do?cafeId=680900000684g10
363,P3,30,기타,uncategorized,강남,12,압구정아파트지구 특별계획구역5 재건축정비사업조합,확정된 사업비 및 분담금 목록,2020-09-06,2116,도시정비법 제27조(재개발사업ㆍ재건축사업의 지정개발자)에 의한 신탁업자의 사업시행 방식 사업시행계획(안) 230%,공개 항목이지만 개발 조건 변화와의 직접 신호는 낮음,다른 단계 변경 신호와 결합될 때 확인,,https://cleanup.seoul.go.kr/assc/bbs-use/lscrWctList.do?cafeId=680900000670W75
364,P3,29,기타,uncategorized,구의/광진,13,자양제7구역 주택재건축정비사업 조합,공지사항,2026-02-27,116,[26/2/27 마감] 세계유산법 시행령 일부 개정령안 관련 의견제출 안내,공개 항목이지만 개발 조건 변화와의 직접 신호는 낮음,다른 단계 변경 신호와 결합될 때 확인,https://cleanup.seoul.go.kr/assc/bbs-use/vscrGnrl.do?cafeId=215100002002c30&bbsSn=461&cpage=1&searchCode=&searchValue=&streSttusCode=0&nttSn=174044&menuId=100,https://cleanup.seoul.go.kr/assc/bbs-use/execute.do?cafeId=215100002002c30&bbsSn=461&streSttusCode=0
365,P3,29,기타,uncategorized,강남,14,"개포주공6,7단지아파트 재건축정비사업조합",공지사항,2026-02-27,116,[26/2/27 마감] 세계유산법 시행령 일부 개정령안 관련 의견제출 안내,공개 항목이지만 개발 조건 변화와의 직접 신호는 낮음,다른 단계 변경 신호와 결합될 때 확인,https://cleanup.seoul.go.kr/assc/bbs-use/vscrGnrl.do?cafeId=680900000688Q62&bbsSn=5789&cpage=1&searchCode=&searchValue=&streSttusCode=0&nttSn=175058&menuId=100,https://cleanup.seoul.go.kr/assc/bbs-use/execute.do?cafeId=680900000688Q62&bbsSn=5789&streSttusCode=0
366,P3,29,일반 행정,low_signal_admin,구의/광진,26,자양한양아파트 재건축정비사업,조합입찰공고,2025-08-14,313,상근위원 인력채용공고,운영 활동 신호이나 개발 조건 변화와의 직접성은 낮음,총회·시공자 선정 등 다른 신호와 결합될 때만 검토,https://cleanup.seoul.go.kr/assc/bidpblanc/vscr.do?cafeId=215900001270s44&cpage=1&searchCode=&searchValue=&signguCd=&othbcListSn=960580,https://cleanup.seoul.go.kr/assc/bidpblanc/lscr.do?cafeId=215900001270s44
367,P3,29,재무·행정,finance_admin,구의/광진,13,자양제7구역 주택재건축정비사업 조합,공지사항,2025-04-09,440,"‘정비사업 정보몽땅 활용도’ 평가, 서울시 정비사업 융자금 지원 심사 반영 안내","사업비 조달, 운영 투명성, 재무관리 리스크를 보조적으로 보여주는 신호",분담금/사업비 자료와 같이 보되 단독 신호로 과대해석하지 않음,https://cleanup.seoul.go.kr/assc/bbs-use/vscrGnrl.do?cafeId=215100002002c30&bbsSn=461&cpage=1&searchCode=&searchValue=&streSttusCode=0&nttSn=157264&menuId=100,https://cleanup.seoul.go.kr/assc/bbs-use/execute.do?cafeId=215100002002c30&bbsSn=461&streSttusCode=0
368,P3,29,재무·행정,finance_admin,강남,14,"개포주공6,7단지아파트 재건축정비사업조합",공지사항,2025-04-09,440,"‘정비사업 정보몽땅 활용도’ 평가, 서울시 정비사업 융자금 지원 심사 반영 안내","사업비 조달, 운영 투명성, 재무관리 리스크를 보조적으로 보여주는 신호",분담금/사업비 자료와 같이 보되 단독 신호로 과대해석하지 않음,https://cleanup.seoul.go.kr/assc/bbs-use/vscrGnrl.do?cafeId=680900000688Q62&bbsSn=5789&cpage=1&searchCode=&searchValue=&streSttusCode=0&nttSn=156992&menuId=100,https://cleanup.seoul.go.kr/assc/bbs-use/execute.do?cafeId=680900000688Q62&bbsSn=5789&streSttusCode=0
369,P3,29,총회·협의체,governance,잠실/송파,17,송파한양2차아파트 재건축정비사업 조합,공지사항,2024-11-01,599,2030 서울특별시 도시주거환경정비기본계획 “찾아가는 주민설명회” 자치구별 일정/장소 안내,"조합 의사결정과 동의율, 주민 수용성의 변화를 보여주는 신호",회의/총회 결과가 단계 변경이나 계획 변경으로 이어졌는지 후속 공고 확인,https://cleanup.seoul.go.kr/assc/bbs-use/vscrGnrl.do?cafeId=710900000132y43&bbsSn=3059&cpage=1&searchCode=&searchValue=&streSttusCode=0&nttSn=152866&menuId=100,https://cleanup.seoul.go.kr/assc/bbs-use/execute.do?cafeId=710900000132y43&bbsSn=3059&streSttusCode=0
370,P3,29,총회·협의체,governance,잠실/송파,18,송파미성아파트 재건축정비사업조합,공지사항,2021-09-09,1748,송파미성(아) 재건축정비사업 조합설립 추진위원회 구성 주민설명회 개최 안내,"조합 의사결정과 동의율, 주민 수용성의 변화를 보여주는 신호",회의/총회 결과가 단계 변경이나 계획 변경으로 이어졌는지 후속 공고 확인,https://cleanup.seoul.go.kr/assc/bbs-use/vscrGnrl.do?cafeId=710900000815V40&bbsSn=8399&cpage=1&searchCode=&searchValue=&streSttusCode=0&nttSn=130618&menuId=100,https://cleanup.seoul.go.kr/assc/bbs-use/execute.do?cafeId=710900000815V40&bbsSn=8399&streSttusCode=0
371,P3,29,일반 행정,low_signal_admin,강남,15,압구정한양7차아파트 재건축정비사업조합,조합입찰공고,2017-01-20,3441,사무직원 채용공고,운영 활동 신호이나 개발 조건 변화와의 직접성은 낮음,총회·시공자 선정 등 다른 신호와 결합될 때만 검토,https://cleanup.seoul.go.kr/assc/bidpblanc/vscr.do?cafeId=680100003000s45&cpage=1&searchCode=&searchValue=&signguCd=&othbcListSn=373399,https://cleanup.seoul.go.kr/assc/bidpblanc/lscr.do?cafeId=680100003000s45
372,P3,28,기타,uncategorized,강남,15,압구정한양7차아파트 재건축정비사업조합,공지사항,2026-02-27,116,[26/2/27 마감] 세계유산법 시행령 일부 개정령안 관련 의견제출 안내,공개 항목이지만 개발 조건 변화와의 직접 신호는 낮음,다른 단계 변경 신호와 결합될 때 확인,https://cleanup.seoul.go.kr/assc/bbs-use/vscrGnrl.do?cafeId=680100003000s45&bbsSn=3081&cpage=1&searchCode=&searchValue=&streSttusCode=0&nttSn=174468&menuId=100,https://cleanup.seoul.go.kr/assc/bbs-use/execute.do?cafeId=680100003000s45&bbsSn=3081&streSttusCode=0
373,P3,28,기타,uncategorized,잠실/송파,16,가락1차현대아파트 재건축정비사업 조합,공지사항,2026-02-27,116,[26/2/27 마감] 세계유산법 시행령 일부 개정령안 관련 의견제출 안내,공개 항목이지만 개발 조건 변화와의 직접 신호는 낮음,다른 단계 변경 신호와 결합될 때 확인,https://cleanup.seoul.go.kr/assc/bbs-use/vscrGnrl.do?cafeId=710900000689x43&bbsSn=5793&cpage=1&searchCode=&searchValue=&streSttusCode=0&nttSn=175072&menuId=100,https://cleanup.seoul.go.kr/assc/bbs-use/execute.do?cafeId=710900000689x43&bbsSn=5793&streSttusCode=0
374,P3,28,기타,uncategorized,잠실/송파,16,가락1차현대아파트 재건축정비사업 조합,공지사항,2026-02-02,141,「서울특별시 도시 및 주거환경정비 조례」및 관련조례 시행규칙 일부개정 사항 재안내,공개 항목이지만 개발 조건 변화와의 직접 신호는 낮음,다른 단계 변경 신호와 결합될 때 확인,https://cleanup.seoul.go.kr/assc/bbs-use/vscrGnrl.do?cafeId=710900000689x43&bbsSn=5793&cpage=1&searchCode=&searchValue=&streSttusCode=0&nttSn=163794&menuId=100,https://cleanup.seoul.go.kr/assc/bbs-use/execute.do?cafeId=710900000689x43&bbsSn=5793&streSttusCode=0
375,P3,28,일반 행정,low_signal_admin,잠실/송파,1,잠실5단지아파트 주택재건축정비사업조합,공지사항,2025-04-28,421,「추진위/조합 홈페이지」 미가입 조합원 가입 안내,운영 활동 신호이나 개발 조건 변화와의 직접성은 낮음,총회·시공자 선정 등 다른 신호와 결합될 때만 검토,https://cleanup.seoul.go.kr/assc/bbs-use/vscrGnrl.do?cafeId=710100002002Y42&bbsSn=1568&cpage=1&searchCode=&searchValue=&streSttusCode=0&nttSn=157902&menuId=100,https://cleanup.seoul.go.kr/assc/bbs-use/execute.do?cafeId=710100002002Y42&bbsSn=1568&streSttusCode=0
376,P3,28,일반 행정,low_signal_admin,잠실/송파,18,송파미성아파트 재건축정비사업조합,조합입찰공고,2025-04-11,438,"일용직 근로자 채용 공고(접수요원, 진행요원)",운영 활동 신호이나 개발 조건 변화와의 직접성은 낮음,총회·시공자 선정 등 다른 신호와 결합될 때만 검토,https://cleanup.seoul.go.kr/assc/bidpblanc/vscr.do?cafeId=710900000815V40&cpage=1&searchCode=&searchValue=&signguCd=&othbcListSn=928609,https://cleanup.seoul.go.kr/assc/bidpblanc/lscr.do?cafeId=710900000815V40
377,P3,28,재무·행정,finance_admin,강남,15,압구정한양7차아파트 재건축정비사업조합,공지사항,2025-04-09,440,"‘정비사업 정보몽땅 활용도’ 평가, 서울시 정비사업 융자금 지원 심사 반영 안내","사업비 조달, 운영 투명성, 재무관리 리스크를 보조적으로 보여주는 신호",분담금/사업비 자료와 같이 보되 단독 신호로 과대해석하지 않음,https://cleanup.seoul.go.kr/assc/bbs-use/vscrGnrl.do?cafeId=680100003000s45&bbsSn=3081&cpage=1&searchCode=&searchValue=&streSttusCode=0&nttSn=156966&menuId=100,https://cleanup.seoul.go.kr/assc/bbs-use/execute.do?cafeId=680100003000s45&bbsSn=3081&streSttusCode=0
378,P3,28,일반 행정,low_signal_admin,잠실/송파,18,송파미성아파트 재건축정비사업조합,조합입찰공고,2024-05-16,768,"일용직 근로자 채용 공고(접수요원, 진행요원)",운영 활동 신호이나 개발 조건 변화와의 직접성은 낮음,총회·시공자 선정 등 다른 신호와 결합될 때만 검토,https://cleanup.seoul.go.kr/assc/bidpblanc/vscr.do?cafeId=710900000815V40&cpage=1&searchCode=&searchValue=&signguCd=&othbcListSn=850666,https://cleanup.seoul.go.kr/assc/bidpblanc/lscr.do?cafeId=710900000815V40
379,P3,28,일반 행정,low_signal_admin,잠실/송파,18,송파미성아파트 재건축정비사업조합,조합입찰공고,2023-12-15,921,"일용직 근로자 채용 공고(접수요원, 진행요원)",운영 활동 신호이나 개발 조건 변화와의 직접성은 낮음,총회·시공자 선정 등 다른 신호와 결합될 때만 검토,https://cleanup.seoul.go.kr/assc/bidpblanc/vscr.do?cafeId=710900000815V40&cpage=1&searchCode=&searchValue=&signguCd=&othbcListSn=815460,https://cleanup.seoul.go.kr/assc/bidpblanc/lscr.do?cafeId=710900000815V40
380,P3,28,일반 행정,low_signal_admin,잠실/송파,17,송파한양2차아파트 재건축정비사업 조합,조합입찰공고,2023-11-30,936,송파한양2차 아파트 재건축정비사업조합 사무장 채용공고,운영 활동 신호이나 개발 조건 변화와의 직접성은 낮음,총회·시공자 선정 등 다른 신호와 결합될 때만 검토,https://cleanup.seoul.go.kr/assc/bidpblanc/vscr.do?cafeId=710900000132y43&cpage=1&searchCode=&searchValue=&signguCd=&othbcListSn=811457,https://cleanup.seoul.go.kr/assc/bidpblanc/lscr.do?cafeId=710900000132y43
381,P3,28,일반 행정,low_signal_admin,잠실/송파,1,잠실5단지아파트 주택재건축정비사업조합,공지사항,2023-10-31,966,추진위 / 조합실무자 업무처리 방문교육 안내,운영 활동 신호이나 개발 조건 변화와의 직접성은 낮음,총회·시공자 선정 등 다른 신호와 결합될 때만 검토,https://cleanup.seoul.go.kr/assc/bbs-use/vscrGnrl.do?cafeId=710100002002Y42&bbsSn=1568&cpage=1&searchCode=&searchValue=&streSttusCode=0&nttSn=141516&menuId=100,https://cleanup.seoul.go.kr/assc/bbs-use/execute.do?cafeId=710100002002Y42&bbsSn=1568&streSttusCode=0
382,P3,28,일반 행정,low_signal_admin,강남,2,압구정아파트지구 특별계획구역② 재건축정비사업조합,공지사항,2023-10-05,992,2023년 제4기 정비사업 아카데미 조합(추진위)임원 역량강화 교육과정 신청안내,운영 활동 신호이나 개발 조건 변화와의 직접성은 낮음,총회·시공자 선정 등 다른 신호와 결합될 때만 검토,https://cleanup.seoul.go.kr/assc/bbs-use/vscrGnrl.do?cafeId=680900000762A92&bbsSn=8107&cpage=1&searchCode=&searchValue=&streSttusCode=0&nttSn=139272&menuId=100,https://cleanup.seoul.go.kr/assc/bbs-use/execute.do?cafeId=680900000762A92&bbsSn=8107&streSttusCode=0
383,P3,28,총회·협의체,governance,잠실/송파,19,대림가락아파트 재건축정비사업조합,공지사항,2022-01-03,1632,대림가락아파트 재건축정비사업 조합설립 추진위원회 구성을 위한 주민설명회 개최 안내,"조합 의사결정과 동의율, 주민 수용성의 변화를 보여주는 신호",회의/총회 결과가 단계 변경이나 계획 변경으로 이어졌는지 후속 공고 확인,https://cleanup.seoul.go.kr/assc/bbs-use/vscrGnrl.do?cafeId=710900000854k71&bbsSn=8594&cpage=1&searchCode=&searchValue=&streSttusCode=0&nttSn=132967&menuId=100,https://cleanup.seoul.go.kr/assc/bbs-use/execute.do?cafeId=710900000854k71&bbsSn=8594&streSttusCode=0
384,P3,28,일반 행정,low_signal_admin,잠실/송파,1,잠실5단지아파트 주택재건축정비사업조합,공지사항,2019-02-11,2689,2019년 제1기 서울시립대학교 연계형 정비사업 아카데미 접수 안내,운영 활동 신호이나 개발 조건 변화와의 직접성은 낮음,총회·시공자 선정 등 다른 신호와 결합될 때만 검토,https://cleanup.seoul.go.kr/assc/bbs-use/vscrGnrl.do?cafeId=710100002002Y42&bbsSn=1568&cpage=1&searchCode=&searchValue=&streSttusCode=0&nttSn=104029&menuId=100,https://cleanup.seoul.go.kr/assc/bbs-use/execute.do?cafeId=710100002002Y42&bbsSn=1568&streSttusCode=0
385,P3,28,일반 행정,low_signal_admin,잠실/송파,1,잠실5단지아파트 주택재건축정비사업조합,공지사항,2018-04-03,3003,e-재개발 재건축 정비사업 아카데미 신규 OPEN,운영 활동 신호이나 개발 조건 변화와의 직접성은 낮음,총회·시공자 선정 등 다른 신호와 결합될 때만 검토,https://cleanup.seoul.go.kr/assc/bbs-use/vscrGnrl.do?cafeId=710100002002Y42&bbsSn=1568&cpage=1&searchCode=&searchValue=&streSttusCode=0&nttSn=85959&menuId=100,https://cleanup.seoul.go.kr/assc/bbs-use/execute.do?cafeId=710100002002Y42&bbsSn=1568&streSttusCode=0
386,P3,28,일반 행정,low_signal_admin,잠실/송파,1,잠실5단지아파트 주택재건축정비사업조합,공지사항,2016-04-01,3735,2016년 제2기 정비사업 아카데미 전문교육이 마감되었습니다,운영 활동 신호이나 개발 조건 변화와의 직접성은 낮음,총회·시공자 선정 등 다른 신호와 결합될 때만 검토,https://cleanup.seoul.go.kr/assc/bbs-use/vscrGnrl.do?cafeId=710100002002Y42&bbsSn=1568&cpage=1&searchCode=&searchValue=&streSttusCode=0&nttSn=53579&menuId=100,https://cleanup.seoul.go.kr/assc/bbs-use/execute.do?cafeId=710100002002Y42&bbsSn=1568&streSttusCode=0
387,P3,27,기타,uncategorized,잠실/송파,17,송파한양2차아파트 재건축정비사업 조합,공지사항,2026-02-27,116,[26/2/27 마감] 세계유산법 시행령 일부 개정령안 관련 의견제출 안내,공개 항목이지만 개발 조건 변화와의 직접 신호는 낮음,다른 단계 변경 신호와 결합될 때 확인,https://cleanup.seoul.go.kr/assc/bbs-use/vscrGnrl.do?cafeId=710900000132y43&bbsSn=3059&cpage=1&searchCode=&searchValue=&streSttusCode=0&nttSn=174499&menuId=100,https://cleanup.seoul.go.kr/assc/bbs-use/execute.do?cafeId=710900000132y43&bbsSn=3059&streSttusCode=0
388,P3,27,기타,uncategorized,잠실/송파,17,송파한양2차아파트 재건축정비사업 조합,공지사항,2026-02-02,141,「서울특별시 도시 및 주거환경정비 조례」및 관련조례 시행규칙 일부개정 사항 재안내,공개 항목이지만 개발 조건 변화와의 직접 신호는 낮음,다른 단계 변경 신호와 결합될 때 확인,https://cleanup.seoul.go.kr/assc/bbs-use/vscrGnrl.do?cafeId=710900000132y43&bbsSn=3059&cpage=1&searchCode=&searchValue=&streSttusCode=0&nttSn=163772&menuId=100,https://cleanup.seoul.go.kr/assc/bbs-use/execute.do?cafeId=710900000132y43&bbsSn=3059&streSttusCode=0
389,P3,27,기타,uncategorized,잠실/송파,18,송파미성아파트 재건축정비사업조합,공지사항,2026-02-02,141,「서울특별시 도시 및 주거환경정비 조례」및 관련조례 시행규칙 일부개정 사항 재안내,공개 항목이지만 개발 조건 변화와의 직접 신호는 낮음,다른 단계 변경 신호와 결합될 때 확인,https://cleanup.seoul.go.kr/assc/bbs-use/vscrGnrl.do?cafeId=710900000815V40&bbsSn=8399&cpage=1&searchCode=&searchValue=&streSttusCode=0&nttSn=163825&menuId=100,https://cleanup.seoul.go.kr/assc/bbs-use/execute.do?cafeId=710900000815V40&bbsSn=8399&streSttusCode=0
390,P3,27,기타,uncategorized,구의/광진,24,워커힐아파트1단지 재건축정비사업 조합설립추진위원회,조합입찰공고,2025-11-01,234,워커힐아파트1단지 재건축정비사업 조합설립추진위원회,공개 항목이지만 개발 조건 변화와의 직접 신호는 낮음,다른 단계 변경 신호와 결합될 때 확인,https://cleanup.seoul.go.kr/assc/bidpblanc/vscr.do?cafeId=215900001363i54&cpage=1&searchCode=&searchValue=&signguCd=&othbcListSn=979518,https://cleanup.seoul.go.kr/assc/bidpblanc/lscr.do?cafeId=215900001363i54
391,P3,27,일반 행정,low_signal_admin,잠실/송파,3,잠실우성아파트 재건축정비사업조합,공지사항,2025-04-28,421,「추진위/조합 홈페이지」 미가입 조합원 가입 안내,운영 활동 신호이나 개발 조건 변화와의 직접성은 낮음,총회·시공자 선정 등 다른 신호와 결합될 때만 검토,https://cleanup.seoul.go.kr/assc/bbs-use/vscrGnrl.do?cafeId=710100002006X76&bbsSn=1461&cpage=1&searchCode=&searchValue=&streSttusCode=0&nttSn=157960&menuId=100,https://cleanup.seoul.go.kr/assc/bbs-use/execute.do?cafeId=710100002006X76&bbsSn=1461&streSttusCode=0
392,P3,27,총회·협의체,governance,잠실/송파,21,가락삼익맨숀아파트 재건축정비사업 조합,공지사항,2024-11-01,599,2030 서울특별시 도시주거환경정비기본계획 “찾아가는 주민설명회” 자치구별 일정/장소 안내,"조합 의사결정과 동의율, 주민 수용성의 변화를 보여주는 신호",회의/총회 결과가 단계 변경이나 계획 변경으로 이어졌는지 후속 공고 확인,https://cleanup.seoul.go.kr/assc/bbs-use/vscrGnrl.do?cafeId=710900000676r36&bbsSn=5737&cpage=1&searchCode=&searchValue=&streSttusCode=0&nttSn=153410&menuId=100,https://cleanup.seoul.go.kr/assc/bbs-use/execute.do?cafeId=710900000676r36&bbsSn=5737&streSttusCode=0
393,P3,27,총회·협의체,governance,구의/광진,22,중곡아파트 주택재건축정비사업조합,공지사항,2024-11-01,599,2030 서울특별시 도시주거환경정비기본계획 “찾아가는 주민설명회” 자치구별 일정/장소 안내,"조합 의사결정과 동의율, 주민 수용성의 변화를 보여주는 신호",회의/총회 결과가 단계 변경이나 계획 변경으로 이어졌는지 후속 공고 확인,https://cleanup.seoul.go.kr/assc/bbs-use/vscrGnrl.do?cafeId=215900000150z26&bbsSn=3147&cpage=1&searchCode=&searchValue=&streSttusCode=0&nttSn=152884&menuId=100,https://cleanup.seoul.go.kr/assc/bbs-use/execute.do?cafeId=215900000150z26&bbsSn=3147&streSttusCode=0
394,P3,27,총회·협의체,governance,구의/광진,22,중곡아파트 주택재건축정비사업조합,공지사항,2024-11-01,599,2030 서울특별시 도시주거환경정비기본계획 “찾아가는 주민설명회” 자치구별 일정/장소 안내,"조합 의사결정과 동의율, 주민 수용성의 변화를 보여주는 신호",회의/총회 결과가 단계 변경이나 계획 변경으로 이어졌는지 후속 공고 확인,https://cleanup.seoul.go.kr/assc/bbs-use/vscrGnrl.do?cafeId=215900000150z26&bbsSn=3147&cpage=1&searchCode=&searchValue=&streSttusCode=0&nttSn=152029&menuId=100,https://cleanup.seoul.go.kr/assc/bbs-use/execute.do?cafeId=215900000150z26&bbsSn=3147&streSttusCode=0
395,P3,27,일반 행정,low_signal_admin,잠실/송파,19,대림가락아파트 재건축정비사업조합,조합입찰공고,2024-06-18,735,사무장 채용공고,운영 활동 신호이나 개발 조건 변화와의 직접성은 낮음,총회·시공자 선정 등 다른 신호와 결합될 때만 검토,https://cleanup.seoul.go.kr/assc/bidpblanc/vscr.do?cafeId=710900000854k71&cpage=1&searchCode=&searchValue=&signguCd=&othbcListSn=858381,https://cleanup.seoul.go.kr/assc/bidpblanc/lscr.do?cafeId=710900000854k71
396,P3,27,기타,uncategorized,구의/광진,13,자양제7구역 주택재건축정비사업 조합,조합입찰공고,2024-04-23,791,공고공고,공개 항목이지만 개발 조건 변화와의 직접 신호는 낮음,다른 단계 변경 신호와 결합될 때 확인,https://cleanup.seoul.go.kr/assc/bidpblanc/vscr.do?cafeId=215100002002c30&cpage=1&searchCode=&searchValue=&signguCd=&othbcListSn=845072,https://cleanup.seoul.go.kr/assc/bidpblanc/lscr.do?cafeId=215100002002c30
397,P3,27,일반 행정,low_signal_admin,잠실/송파,19,대림가락아파트 재건축정비사업조합,조합입찰공고,2024-01-29,876,사무장 채용공고,운영 활동 신호이나 개발 조건 변화와의 직접성은 낮음,총회·시공자 선정 등 다른 신호와 결합될 때만 검토,https://cleanup.seoul.go.kr/assc/bidpblanc/vscr.do?cafeId=710900000854k71&cpage=1&searchCode=&searchValue=&signguCd=&othbcListSn=825385,https://cleanup.seoul.go.kr/assc/bidpblanc/lscr.do?cafeId=710900000854k71
398,P3,27,일반 행정,low_signal_admin,잠실/송파,3,잠실우성아파트 재건축정비사업조합,공지사항,2023-10-31,966,추진위 / 조합실무자 업무처리 방문교육 안내,운영 활동 신호이나 개발 조건 변화와의 직접성은 낮음,총회·시공자 선정 등 다른 신호와 결합될 때만 검토,https://cleanup.seoul.go.kr/assc/bbs-use/vscrGnrl.do?cafeId=710100002006X76&bbsSn=1461&cpage=1&searchCode=&searchValue=&streSttusCode=0&nttSn=141574&menuId=100,https://cleanup.seoul.go.kr/assc/bbs-use/execute.do?cafeId=710100002006X76&bbsSn=1461&streSttusCode=0
399,P3,27,일반 행정,low_signal_admin,강남,4,은마아파트 재건축정비사업조합,공지사항,2023-10-31,966,추진위 / 조합실무자 업무처리 방문교육 안내,운영 활동 신호이나 개발 조건 변화와의 직접성은 낮음,총회·시공자 선정 등 다른 신호와 결합될 때만 검토,https://cleanup.seoul.go.kr/assc/bbs-use/vscrGnrl.do?cafeId=680100002017E89&bbsSn=1403&cpage=1&searchCode=&searchValue=&streSttusCode=0&nttSn=141711&menuId=100,https://cleanup.seoul.go.kr/assc/bbs-use/execute.do?cafeId=680100002017E89&bbsSn=1403&streSttusCode=0
400,P3,27,총회·협의체,governance,구의/광진,22,중곡아파트 주택재건축정비사업조합,공지사항,2021-10-27,1700,도시정비법 개정에 따른 조합총회 전자의결 등 운영안내,"조합 의사결정과 동의율, 주민 수용성의 변화를 보여주는 신호",회의/총회 결과가 단계 변경이나 계획 변경으로 이어졌는지 후속 공고 확인,https://cleanup.seoul.go.kr/assc/bbs-use/vscrGnrl.do?cafeId=215900000150z26&bbsSn=3147&cpage=1&searchCode=&searchValue=&streSttusCode=0&nttSn=131104&menuId=100,https://cleanup.seoul.go.kr/assc/bbs-use/execute.do?cafeId=215900000150z26&bbsSn=3147&streSttusCode=0
401,P3,27,일반 행정,low_signal_admin,잠실/송파,3,잠실우성아파트 재건축정비사업조합,공지사항,2019-02-11,2689,2019년 제1기 서울시립대학교 연계형 정비사업 아카데미 접수 안내,운영 활동 신호이나 개발 조건 변화와의 직접성은 낮음,총회·시공자 선정 등 다른 신호와 결합될 때만 검토,https://cleanup.seoul.go.kr/assc/bbs-use/vscrGnrl.do?cafeId=710100002006X76&bbsSn=1461&cpage=1&searchCode=&searchValue=&streSttusCode=0&nttSn=104087&menuId=100,https://cleanup.seoul.go.kr/assc/bbs-use/execute.do?cafeId=710100002006X76&bbsSn=1461&streSttusCode=0
402,P3,27,일반 행정,low_signal_admin,강남,4,은마아파트 재건축정비사업조합,공지사항,2019-02-11,2689,2019년 제1기 서울시립대학교 연계형 정비사업 아카데미 접수 안내,운영 활동 신호이나 개발 조건 변화와의 직접성은 낮음,총회·시공자 선정 등 다른 신호와 결합될 때만 검토,https://cleanup.seoul.go.kr/assc/bbs-use/vscrGnrl.do?cafeId=680100002017E89&bbsSn=1403&cpage=1&searchCode=&searchValue=&streSttusCode=0&nttSn=104224&menuId=100,https://cleanup.seoul.go.kr/assc/bbs-use/execute.do?cafeId=680100002017E89&bbsSn=1403&streSttusCode=0
403,P3,27,일반 행정,low_signal_admin,잠실/송파,3,잠실우성아파트 재건축정비사업조합,공지사항,2018-04-03,3003,e-재개발 재건축 정비사업 아카데미 신규 OPEN,운영 활동 신호이나 개발 조건 변화와의 직접성은 낮음,총회·시공자 선정 등 다른 신호와 결합될 때만 검토,https://cleanup.seoul.go.kr/assc/bbs-use/vscrGnrl.do?cafeId=710100002006X76&bbsSn=1461&cpage=1&searchCode=&searchValue=&streSttusCode=0&nttSn=85964&menuId=100,https://cleanup.seoul.go.kr/assc/bbs-use/execute.do?cafeId=710100002006X76&bbsSn=1461&streSttusCode=0
404,P3,26,기타,uncategorized,잠실/송파,19,대림가락아파트 재건축정비사업조합,공지사항,2026-02-02,141,「서울특별시 도시 및 주거환경정비 조례」및 관련조례 시행규칙 일부개정 사항 재안내,공개 항목이지만 개발 조건 변화와의 직접 신호는 낮음,다른 단계 변경 신호와 결합될 때 확인,https://cleanup.seoul.go.kr/assc/bbs-use/vscrGnrl.do?cafeId=710900000854k71&bbsSn=8594&cpage=1&searchCode=&searchValue=&streSttusCode=0&nttSn=163803&menuId=100,https://cleanup.seoul.go.kr/assc/bbs-use/execute.do?cafeId=710900000854k71&bbsSn=8594&streSttusCode=0
405,P3,26,기타,uncategorized,잠실/송파,20,마천1재정비촉진구역 주택재개발정비사업조합,공지사항,2026-02-02,141,「서울특별시 도시 및 주거환경정비 조례」및 관련조례 시행규칙 일부개정 사항 재안내,공개 항목이지만 개발 조건 변화와의 직접 신호는 낮음,다른 단계 변경 신호와 결합될 때 확인,https://cleanup.seoul.go.kr/assc/bbs-use/vscrGnrl.do?cafeId=710900000742i64&bbsSn=7971&cpage=1&searchCode=&searchValue=&streSttusCode=0&nttSn=163824&menuId=100,https://cleanup.seoul.go.kr/assc/bbs-use/execute.do?cafeId=710900000742i64&bbsSn=7971&streSttusCode=0
406,P3,26,일반 행정,low_signal_admin,잠실/송파,5,"장미1,2,3차아파트 주택재건축정비사업 조합",공지사항,2025-04-28,421,「추진위/조합 홈페이지」 미가입 조합원 가입 안내,운영 활동 신호이나 개발 조건 변화와의 직접성은 낮음,총회·시공자 선정 등 다른 신호와 결합될 때만 검토,https://cleanup.seoul.go.kr/assc/bbs-use/vscrGnrl.do?cafeId=710900000615u63&bbsSn=5477&cpage=1&searchCode=&searchValue=&streSttusCode=0&nttSn=158657&menuId=100,https://cleanup.seoul.go.kr/assc/bbs-use/execute.do?cafeId=710900000615u63&bbsSn=5477&streSttusCode=0
407,P3,26,일반 행정,low_signal_admin,잠실/송파,21,가락삼익맨숀아파트 재건축정비사업 조합,조합입찰공고,2024-12-26,544,임시계약직(조합원 분양신청) 채용공고,운영 활동 신호이나 개발 조건 변화와의 직접성은 낮음,총회·시공자 선정 등 다른 신호와 결합될 때만 검토,https://cleanup.seoul.go.kr/assc/bidpblanc/vscr.do?cafeId=710900000676r36&cpage=1&searchCode=&searchValue=&signguCd=&othbcListSn=903173,https://cleanup.seoul.go.kr/assc/bidpblanc/lscr.do?cafeId=710900000676r36
408,P3,26,총회·협의체,governance,구의/광진,23,광장동 삼성1차아파트 소규모재건축정비사업,공지사항,2024-11-01,599,2030 서울특별시 도시주거환경정비기본계획 “찾아가는 주민설명회” 자치구별 일정/장소 안내,"조합 의사결정과 동의율, 주민 수용성의 변화를 보여주는 신호",회의/총회 결과가 단계 변경이나 계획 변경으로 이어졌는지 후속 공고 확인,https://cleanup.seoul.go.kr/assc/bbs-use/vscrGnrl.do?cafeId=215900000929v34&bbsSn=8984&cpage=1&searchCode=&searchValue=&streSttusCode=0&nttSn=152053&menuId=100,https://cleanup.seoul.go.kr/assc/bbs-use/execute.do?cafeId=215900000929v34&bbsSn=8984&streSttusCode=0
409,P3,26,일반 행정,low_signal_admin,잠실/송파,5,"장미1,2,3차아파트 주택재건축정비사업 조합",공지사항,2023-10-31,966,추진위 / 조합실무자 업무처리 방문교육 안내,운영 활동 신호이나 개발 조건 변화와의 직접성은 낮음,총회·시공자 선정 등 다른 신호와 결합될 때만 검토,https://cleanup.seoul.go.kr/assc/bbs-use/vscrGnrl.do?cafeId=710900000615u63&bbsSn=5477&cpage=1&searchCode=&searchValue=&streSttusCode=0&nttSn=142271&menuId=100,https://cleanup.seoul.go.kr/assc/bbs-use/execute.do?cafeId=710900000615u63&bbsSn=5477&streSttusCode=0
410,P3,26,일반 행정,low_signal_admin,강남,6,대치우성1차아파트 재건축정비사업조합,공지사항,2023-10-31,966,추진위 / 조합실무자 업무처리 방문교육 안내,운영 활동 신호이나 개발 조건 변화와의 직접성은 낮음,총회·시공자 선정 등 다른 신호와 결합될 때만 검토,https://cleanup.seoul.go.kr/assc/bbs-use/vscrGnrl.do?cafeId=680900000617J84&bbsSn=5485&cpage=1&searchCode=&searchValue=&streSttusCode=0&nttSn=142272&menuId=100,https://cleanup.seoul.go.kr/assc/bbs-use/execute.do?cafeId=680900000617J84&bbsSn=5485&streSttusCode=0
411,P3,26,일반 행정,low_signal_admin,강남,6,대치우성1차아파트 재건축정비사업조합,공지사항,2023-10-05,992,2023년 제4기 정비사업 아카데미 조합(추진위)임원 역량강화 교육과정 신청안내,운영 활동 신호이나 개발 조건 변화와의 직접성은 낮음,총회·시공자 선정 등 다른 신호와 결합될 때만 검토,https://cleanup.seoul.go.kr/assc/bbs-use/vscrGnrl.do?cafeId=680900000617J84&bbsSn=5485&cpage=1&searchCode=&searchValue=&streSttusCode=0&nttSn=139255&menuId=100,https://cleanup.seoul.go.kr/assc/bbs-use/execute.do?cafeId=680900000617J84&bbsSn=5485&streSttusCode=0
412,P3,26,기타,uncategorized,잠실/송파,20,마천1재정비촉진구역 주택재개발정비사업조합,확정된 사업비 및 분담금 목록,2021-10-22,1705,조합설립을 위한 차수입력,공개 항목이지만 개발 조건 변화와의 직접 신호는 낮음,다른 단계 변경 신호와 결합될 때 확인,,https://cleanup.seoul.go.kr/assc/bbs-use/lscrWctList.do?cafeId=710900000742i64
413,P3,26,일반 행정,low_signal_admin,잠실/송파,5,"장미1,2,3차아파트 주택재건축정비사업 조합",공지사항,2019-02-11,2689,2019년 제1기 서울시립대학교 연계형 정비사업 아카데미 접수 안내,운영 활동 신호이나 개발 조건 변화와의 직접성은 낮음,총회·시공자 선정 등 다른 신호와 결합될 때만 검토,https://cleanup.seoul.go.kr/assc/bbs-use/vscrGnrl.do?cafeId=710900000615u63&bbsSn=5477&cpage=1&searchCode=&searchValue=&streSttusCode=0&nttSn=104784&menuId=100,https://cleanup.seoul.go.kr/assc/bbs-use/execute.do?cafeId=710900000615u63&bbsSn=5477&streSttusCode=0
414,P3,26,일반 행정,low_signal_admin,잠실/송파,5,"장미1,2,3차아파트 주택재건축정비사업 조합",공지사항,2018-04-03,3003,e-재개발 재건축 정비사업 아카데미 신규 OPEN,운영 활동 신호이나 개발 조건 변화와의 직접성은 낮음,총회·시공자 선정 등 다른 신호와 결합될 때만 검토,https://cleanup.seoul.go.kr/assc/bbs-use/vscrGnrl.do?cafeId=710900000615u63&bbsSn=5477&cpage=1&searchCode=&searchValue=&streSttusCode=0&nttSn=85991&menuId=100,https://cleanup.seoul.go.kr/assc/bbs-use/execute.do?cafeId=710900000615u63&bbsSn=5477&streSttusCode=0
415,P3,26,기타,uncategorized,강남,15,압구정한양7차아파트 재건축정비사업조합,조합입찰공고,2000-11-21,9345,행정용역대행업체 모집 공고_2000.11.21,공개 항목이지만 개발 조건 변화와의 직접 신호는 낮음,다른 단계 변경 신호와 결합될 때 확인,https://cleanup.seoul.go.kr/assc/bidpblanc/vscr.do?cafeId=680100003000s45&cpage=1&searchCode=&searchValue=&signguCd=&othbcListSn=88629,https://cleanup.seoul.go.kr/assc/bidpblanc/lscr.do?cafeId=680100003000s45
416,P3,25,기타,uncategorized,잠실/송파,21,가락삼익맨숀아파트 재건축정비사업 조합,공지사항,2026-02-27,116,[26/2/27 마감] 세계유산법 시행령 일부 개정령안 관련 의견제출 안내,공개 항목이지만 개발 조건 변화와의 직접 신호는 낮음,다른 단계 변경 신호와 결합될 때 확인,https://cleanup.seoul.go.kr/assc/bbs-use/vscrGnrl.do?cafeId=710900000676r36&bbsSn=5737&cpage=1&searchCode=&searchValue=&streSttusCode=0&nttSn=175043&menuId=100,https://cleanup.seoul.go.kr/assc/bbs-use/execute.do?cafeId=710900000676r36&bbsSn=5737&streSttusCode=0
417,P3,25,기타,uncategorized,구의/광진,22,중곡아파트 주택재건축정비사업조합,공지사항,2026-02-27,116,[26/2/27 마감] 세계유산법 시행령 일부 개정령안 관련 의견제출 안내,공개 항목이지만 개발 조건 변화와의 직접 신호는 낮음,다른 단계 변경 신호와 결합될 때 확인,https://cleanup.seoul.go.kr/assc/bbs-use/vscrGnrl.do?cafeId=215900000150z26&bbsSn=3147&cpage=1&searchCode=&searchValue=&streSttusCode=0&nttSn=174517&menuId=100,https://cleanup.seoul.go.kr/assc/bbs-use/execute.do?cafeId=215900000150z26&bbsSn=3147&streSttusCode=0
418,P3,25,기타,uncategorized,잠실/송파,21,가락삼익맨숀아파트 재건축정비사업 조합,공지사항,2026-02-02,141,「서울특별시 도시 및 주거환경정비 조례」및 관련조례 시행규칙 일부개정 사항 재안내,공개 항목이지만 개발 조건 변화와의 직접 신호는 낮음,다른 단계 변경 신호와 결합될 때 확인,https://cleanup.seoul.go.kr/assc/bbs-use/vscrGnrl.do?cafeId=710900000676r36&bbsSn=5737&cpage=1&searchCode=&searchValue=&streSttusCode=0&nttSn=163791&menuId=100,https://cleanup.seoul.go.kr/assc/bbs-use/execute.do?cafeId=710900000676r36&bbsSn=5737&streSttusCode=0
419,P3,25,재무·행정,finance_admin,구의/광진,22,중곡아파트 주택재건축정비사업조합,공지사항,2025-04-09,440,"‘정비사업 정보몽땅 활용도’ 평가, 서울시 정비사업 융자금 지원 심사 반영 안내","사업비 조달, 운영 투명성, 재무관리 리스크를 보조적으로 보여주는 신호",분담금/사업비 자료와 같이 보되 단독 신호로 과대해석하지 않음,https://cleanup.seoul.go.kr/assc/bbs-use/vscrGnrl.do?cafeId=215900000150z26&bbsSn=3147&cpage=1&searchCode=&searchValue=&streSttusCode=0&nttSn=157273&menuId=100,https://cleanup.seoul.go.kr/assc/bbs-use/execute.do?cafeId=215900000150z26&bbsSn=3147&streSttusCode=0
420,P3,25,기타,uncategorized,잠실/송파,21,가락삼익맨숀아파트 재건축정비사업 조합,확정된 사업비 및 분담금 목록,2024-12-19,551,조합원분양신청,공개 항목이지만 개발 조건 변화와의 직접 신호는 낮음,다른 단계 변경 신호와 결합될 때 확인,,https://cleanup.seoul.go.kr/assc/bbs-use/lscrWctList.do?cafeId=710900000676r36
421,P3,25,총회·협의체,governance,구의/광진,25,한양연립 일대 가로주택정비사업,공지사항,2024-11-01,599,2030 서울특별시 도시주거환경정비기본계획 “찾아가는 주민설명회” 자치구별 일정/장소 안내,"조합 의사결정과 동의율, 주민 수용성의 변화를 보여주는 신호",회의/총회 결과가 단계 변경이나 계획 변경으로 이어졌는지 후속 공고 확인,https://cleanup.seoul.go.kr/assc/bbs-use/vscrGnrl.do?cafeId=215900001126x73&bbsSn=10034&cpage=1&searchCode=&searchValue=&streSttusCode=0&nttSn=152047&menuId=100,https://cleanup.seoul.go.kr/assc/bbs-use/execute.do?cafeId=215900001126x73&bbsSn=10034&streSttusCode=0
422,P3,25,일반 행정,low_signal_admin,강남,7,대치쌍용2차아파트 주택재건축정비사업조합,공지사항,2023-10-31,966,추진위 / 조합실무자 업무처리 방문교육 안내,운영 활동 신호이나 개발 조건 변화와의 직접성은 낮음,총회·시공자 선정 등 다른 신호와 결합될 때만 검토,https://cleanup.seoul.go.kr/assc/bbs-use/vscrGnrl.do?cafeId=680900000567C51&bbsSn=5277&cpage=1&searchCode=&searchValue=&streSttusCode=0&nttSn=142263&menuId=100,https://cleanup.seoul.go.kr/assc/bbs-use/execute.do?cafeId=680900000567C51&bbsSn=5277&streSttusCode=0
423,P3,25,일반 행정,low_signal_admin,강남,8,대치쌍용1차아파트 주택재건축정비사업조합,공지사항,2023-10-31,966,추진위 / 조합실무자 업무처리 방문교육 안내,운영 활동 신호이나 개발 조건 변화와의 직접성은 낮음,총회·시공자 선정 등 다른 신호와 결합될 때만 검토,https://cleanup.seoul.go.kr/assc/bbs-use/vscrGnrl.do?cafeId=680900000566y01&bbsSn=5273&cpage=1&searchCode=&searchValue=&streSttusCode=0&nttSn=142215&menuId=100,https://cleanup.seoul.go.kr/assc/bbs-use/execute.do?cafeId=680900000566y01&bbsSn=5273&streSttusCode=0
424,P3,25,기타,uncategorized,잠실/송파,18,송파미성아파트 재건축정비사업조합,조합입찰공고,2023-10-06,991,자문변호사 견적서 제출안내 공고,공개 항목이지만 개발 조건 변화와의 직접 신호는 낮음,다른 단계 변경 신호와 결합될 때 확인,https://cleanup.seoul.go.kr/assc/bidpblanc/vscr.do?cafeId=710900000815V40&cpage=1&searchCode=&searchValue=&signguCd=&othbcListSn=797057,https://cleanup.seoul.go.kr/assc/bidpblanc/lscr.do?cafeId=710900000815V40
425,P3,25,일반 행정,low_signal_admin,강남,7,대치쌍용2차아파트 주택재건축정비사업조합,공지사항,2023-10-05,992,2023년 제4기 정비사업 아카데미 조합(추진위)임원 역량강화 교육과정 신청안내,운영 활동 신호이나 개발 조건 변화와의 직접성은 낮음,총회·시공자 선정 등 다른 신호와 결합될 때만 검토,https://cleanup.seoul.go.kr/assc/bbs-use/vscrGnrl.do?cafeId=680900000567C51&bbsSn=5277&cpage=1&searchCode=&searchValue=&streSttusCode=0&nttSn=139254&menuId=100,https://cleanup.seoul.go.kr/assc/bbs-use/execute.do?cafeId=680900000567C51&bbsSn=5277&streSttusCode=0
426,P3,25,일반 행정,low_signal_admin,강남,8,대치쌍용1차아파트 주택재건축정비사업조합,공지사항,2023-10-05,992,2023년 제4기 정비사업 아카데미 조합(추진위)임원 역량강화 교육과정 신청안내,운영 활동 신호이나 개발 조건 변화와의 직접성은 낮음,총회·시공자 선정 등 다른 신호와 결합될 때만 검토,https://cleanup.seoul.go.kr/assc/bbs-use/vscrGnrl.do?cafeId=680900000566y01&bbsSn=5273&cpage=1&searchCode=&searchValue=&streSttusCode=0&nttSn=139252&menuId=100,https://cleanup.seoul.go.kr/assc/bbs-use/execute.do?cafeId=680900000566y01&bbsSn=5273&streSttusCode=0
427,P3,25,기타,uncategorized,구의/광진,22,중곡아파트 주택재건축정비사업조합,확정된 사업비 및 분담금 목록,2021-11-12,1684,조합설립인가,공개 항목이지만 개발 조건 변화와의 직접 신호는 낮음,다른 단계 변경 신호와 결합될 때 확인,,https://cleanup.seoul.go.kr/assc/bbs-use/lscrWctList.do?cafeId=215900000150z26
428,P3,25,기타,uncategorized,잠실/송파,1,잠실5단지아파트 주택재건축정비사업조합,공지사항,2019-04-01,2640,2019년 찾아가는 정비사업 주민학교 운영알림 및 신청안내,공개 항목이지만 개발 조건 변화와의 직접 신호는 낮음,다른 단계 변경 신호와 결합될 때 확인,https://cleanup.seoul.go.kr/assc/bbs-use/vscrGnrl.do?cafeId=710100002002Y42&bbsSn=1568&cpage=1&searchCode=&searchValue=&streSttusCode=0&nttSn=110590&menuId=100,https://cleanup.seoul.go.kr/assc/bbs-use/execute.do?cafeId=710100002002Y42&bbsSn=1568&streSttusCode=0
429,P3,25,기타,uncategorized,잠실/송파,21,가락삼익맨숀아파트 재건축정비사업 조합,확정된 사업비 및 분담금 목록,2019-01-24,2707,소유자변경 등,공개 항목이지만 개발 조건 변화와의 직접 신호는 낮음,다른 단계 변경 신호와 결합될 때 확인,,https://cleanup.seoul.go.kr/assc/bbs-use/lscrWctList.do?cafeId=710900000676r36
430,P3,25,기타,uncategorized,잠실/송파,21,가락삼익맨숀아파트 재건축정비사업 조합,확정된 사업비 및 분담금 목록,2019-01-18,2713,조합설립추진위원회 검토,공개 항목이지만 개발 조건 변화와의 직접 신호는 낮음,다른 단계 변경 신호와 결합될 때 확인,,https://cleanup.seoul.go.kr/assc/bbs-use/lscrWctList.do?cafeId=710900000676r36
431,P3,24,기타,uncategorized,구의/광진,23,광장동 삼성1차아파트 소규모재건축정비사업,공지사항,2026-02-27,116,[26/2/27 마감] 세계유산법 시행령 일부 개정령안 관련 의견제출 안내,공개 항목이지만 개발 조건 변화와의 직접 신호는 낮음,다른 단계 변경 신호와 결합될 때 확인,https://cleanup.seoul.go.kr/assc/bbs-use/vscrGnrl.do?cafeId=215900000929v34&bbsSn=8984&cpage=1&searchCode=&searchValue=&streSttusCode=0&nttSn=175327&menuId=100,https://cleanup.seoul.go.kr/assc/bbs-use/execute.do?cafeId=215900000929v34&bbsSn=8984&streSttusCode=0
432,P3,24,기타,uncategorized,구의/광진,24,워커힐아파트1단지 재건축정비사업 조합설립추진위원회,공지사항,2026-02-27,116,[26/2/27 마감] 세계유산법 시행령 일부 개정령안 관련 의견제출 안내,공개 항목이지만 개발 조건 변화와의 직접 신호는 낮음,다른 단계 변경 신호와 결합될 때 확인,https://cleanup.seoul.go.kr/assc/bbs-use/vscrGnrl.do?cafeId=215900001363i54&bbsSn=11440&cpage=1&searchCode=&searchValue=&streSttusCode=0&nttSn=175332&menuId=100,https://cleanup.seoul.go.kr/assc/bbs-use/execute.do?cafeId=215900001363i54&bbsSn=11440&streSttusCode=0
433,P3,24,일반 행정,low_signal_admin,잠실/송파,9,잠실우성4차 주택재건축정비사업조합,공지사항,2025-04-28,421,「추진위/조합 홈페이지」 미가입 조합원 가입 안내,운영 활동 신호이나 개발 조건 변화와의 직접성은 낮음,총회·시공자 선정 등 다른 신호와 결합될 때만 검토,https://cleanup.seoul.go.kr/assc/bbs-use/vscrGnrl.do?cafeId=710900000108s28&bbsSn=1555&cpage=1&searchCode=&searchValue=&streSttusCode=0&nttSn=157907&menuId=100,https://cleanup.seoul.go.kr/assc/bbs-use/execute.do?cafeId=710900000108s28&bbsSn=1555&streSttusCode=0
434,P3,24,재무·행정,finance_admin,구의/광진,23,광장동 삼성1차아파트 소규모재건축정비사업,공지사항,2025-04-09,440,"‘정비사업 정보몽땅 활용도’ 평가, 서울시 정비사업 융자금 지원 심사 반영 안내","사업비 조달, 운영 투명성, 재무관리 리스크를 보조적으로 보여주는 신호",분담금/사업비 자료와 같이 보되 단독 신호로 과대해석하지 않음,https://cleanup.seoul.go.kr/assc/bbs-use/vscrGnrl.do?cafeId=215900000929v34&bbsSn=8984&cpage=1&searchCode=&searchValue=&streSttusCode=0&nttSn=157298&menuId=100,https://cleanup.seoul.go.kr/assc/bbs-use/execute.do?cafeId=215900000929v34&bbsSn=8984&streSttusCode=0
435,P3,24,총회·협의체,governance,구의/광진,28,자양번영로3나길 일대 가로주택정비사업,공지사항,2024-11-01,599,2030 서울특별시 도시주거환경정비기본계획 “찾아가는 주민설명회” 자치구별 일정/장소 안내,"조합 의사결정과 동의율, 주민 수용성의 변화를 보여주는 신호",회의/총회 결과가 단계 변경이나 계획 변경으로 이어졌는지 후속 공고 확인,https://cleanup.seoul.go.kr/assc/bbs-use/vscrGnrl.do?cafeId=215900001146M77&bbsSn=10134&cpage=1&searchCode=&searchValue=&streSttusCode=0&nttSn=152051&menuId=100,https://cleanup.seoul.go.kr/assc/bbs-use/execute.do?cafeId=215900001146M77&bbsSn=10134&streSttusCode=0
436,P3,24,기타,uncategorized,강남,4,은마아파트 재건축정비사업조합,공지사항,2024-09-02,659,2024년 서울시 정비사업 전자투표 활성화 시범사업 참여조합 공개모집(오늘부터 신청가능~ 9.9.),공개 항목이지만 개발 조건 변화와의 직접 신호는 낮음,다른 단계 변경 신호와 결합될 때 확인,https://cleanup.seoul.go.kr/assc/bbs-use/vscrGnrl.do?cafeId=680100002017E89&bbsSn=1403&cpage=1&searchCode=&searchValue=&streSttusCode=0&nttSn=147069&menuId=100,https://cleanup.seoul.go.kr/assc/bbs-use/execute.do?cafeId=680100002017E89&bbsSn=1403&streSttusCode=0
437,P3,24,일반 행정,low_signal_admin,잠실/송파,9,잠실우성4차 주택재건축정비사업조합,공지사항,2023-10-31,966,추진위 / 조합실무자 업무처리 방문교육 안내,운영 활동 신호이나 개발 조건 변화와의 직접성은 낮음,총회·시공자 선정 등 다른 신호와 결합될 때만 검토,https://cleanup.seoul.go.kr/assc/bbs-use/vscrGnrl.do?cafeId=710900000108s28&bbsSn=1555&cpage=1&searchCode=&searchValue=&streSttusCode=0&nttSn=141521&menuId=100,https://cleanup.seoul.go.kr/assc/bbs-use/execute.do?cafeId=710900000108s28&bbsSn=1555&streSttusCode=0
438,P3,24,일반 행정,low_signal_admin,강남,10,압구정아파트지구 특별계획구역③ 재건축정비사업 조합,공지사항,2023-10-31,966,추진위 / 조합실무자 업무처리 방문교육 안내,운영 활동 신호이나 개발 조건 변화와의 직접성은 낮음,총회·시공자 선정 등 다른 신호와 결합될 때만 검토,https://cleanup.seoul.go.kr/assc/bbs-use/vscrGnrl.do?cafeId=680900000675S91&bbsSn=5733&cpage=1&searchCode=&searchValue=&streSttusCode=0&nttSn=142321&menuId=100,https://cleanup.seoul.go.kr/assc/bbs-use/execute.do?cafeId=680900000675S91&bbsSn=5733&streSttusCode=0
439,P3,24,일반 행정,low_signal_admin,강남,10,압구정아파트지구 특별계획구역③ 재건축정비사업 조합,공지사항,2023-10-05,992,2023년 제4기 정비사업 아카데미 조합(추진위)임원 역량강화 교육과정 신청안내,운영 활동 신호이나 개발 조건 변화와의 직접성은 낮음,총회·시공자 선정 등 다른 신호와 결합될 때만 검토,https://cleanup.seoul.go.kr/assc/bbs-use/vscrGnrl.do?cafeId=680900000675S91&bbsSn=5733&cpage=1&searchCode=&searchValue=&streSttusCode=0&nttSn=139258&menuId=100,https://cleanup.seoul.go.kr/assc/bbs-use/execute.do?cafeId=680900000675S91&bbsSn=5733&streSttusCode=0
440,P3,24,기타,uncategorized,잠실/송파,3,잠실우성아파트 재건축정비사업조합,공지사항,2019-04-01,2640,2019년 찾아가는 정비사업 주민학교 운영알림 및 신청안내,공개 항목이지만 개발 조건 변화와의 직접 신호는 낮음,다른 단계 변경 신호와 결합될 때 확인,https://cleanup.seoul.go.kr/assc/bbs-use/vscrGnrl.do?cafeId=710100002006X76&bbsSn=1461&cpage=1&searchCode=&searchValue=&streSttusCode=0&nttSn=110648&menuId=100,https://cleanup.seoul.go.kr/assc/bbs-use/execute.do?cafeId=710100002006X76&bbsSn=1461&streSttusCode=0
441,P3,24,기타,uncategorized,강남,4,은마아파트 재건축정비사업조합,공지사항,2019-04-01,2640,2019년 찾아가는 정비사업 주민학교 운영알림 및 신청안내,공개 항목이지만 개발 조건 변화와의 직접 신호는 낮음,다른 단계 변경 신호와 결합될 때 확인,https://cleanup.seoul.go.kr/assc/bbs-use/vscrGnrl.do?cafeId=680100002017E89&bbsSn=1403&cpage=1&searchCode=&searchValue=&streSttusCode=0&nttSn=110785&menuId=100,https://cleanup.seoul.go.kr/assc/bbs-use/execute.do?cafeId=680100002017E89&bbsSn=1403&streSttusCode=0
442,P3,24,일반 행정,low_signal_admin,잠실/송파,9,잠실우성4차 주택재건축정비사업조합,공지사항,2019-02-11,2689,2019년 제1기 서울시립대학교 연계형 정비사업 아카데미 접수 안내,운영 활동 신호이나 개발 조건 변화와의 직접성은 낮음,총회·시공자 선정 등 다른 신호와 결합될 때만 검토,https://cleanup.seoul.go.kr/assc/bbs-use/vscrGnrl.do?cafeId=710900000108s28&bbsSn=1555&cpage=1&searchCode=&searchValue=&streSttusCode=0&nttSn=104034&menuId=100,https://cleanup.seoul.go.kr/assc/bbs-use/execute.do?cafeId=710900000108s28&bbsSn=1555&streSttusCode=0
443,P3,24,일반 행정,low_signal_admin,잠실/송파,9,잠실우성4차 주택재건축정비사업조합,공지사항,2019-02-07,2693,직원채용공고,운영 활동 신호이나 개발 조건 변화와의 직접성은 낮음,총회·시공자 선정 등 다른 신호와 결합될 때만 검토,https://cleanup.seoul.go.kr/assc/bbs-use/vscrGnrl.do?cafeId=710900000108s28&bbsSn=1555&cpage=1&searchCode=&searchValue=&streSttusCode=0&nttSn=103477&menuId=100,https://cleanup.seoul.go.kr/assc/bbs-use/execute.do?cafeId=710900000108s28&bbsSn=1555&streSttusCode=0
444,P3,23,기타,uncategorized,구의/광진,25,한양연립 일대 가로주택정비사업,공지사항,2026-02-27,116,[26/2/27 마감] 세계유산법 시행령 일부 개정령안 관련 의견제출 안내,공개 항목이지만 개발 조건 변화와의 직접 신호는 낮음,다른 단계 변경 신호와 결합될 때 확인,https://cleanup.seoul.go.kr/assc/bbs-use/vscrGnrl.do?cafeId=215900001126x73&bbsSn=10034&cpage=1&searchCode=&searchValue=&streSttusCode=0&nttSn=175321&menuId=100,https://cleanup.seoul.go.kr/assc/bbs-use/execute.do?cafeId=215900001126x73&bbsSn=10034&streSttusCode=0
445,P3,23,기타,uncategorized,구의/광진,26,자양한양아파트 재건축정비사업,공지사항,2026-02-27,116,[26/2/27 마감] 세계유산법 시행령 일부 개정령안 관련 의견제출 안내,공개 항목이지만 개발 조건 변화와의 직접 신호는 낮음,다른 단계 변경 신호와 결합될 때 확인,https://cleanup.seoul.go.kr/assc/bbs-use/vscrGnrl.do?cafeId=215900001270s44&bbsSn=10834&cpage=1&searchCode=&searchValue=&streSttusCode=0&nttSn=175189&menuId=100,https://cleanup.seoul.go.kr/assc/bbs-use/execute.do?cafeId=215900001270s44&bbsSn=10834&streSttusCode=0
446,P3,23,재무·행정,finance_admin,구의/광진,25,한양연립 일대 가로주택정비사업,공지사항,2025-04-09,440,"‘정비사업 정보몽땅 활용도’ 평가, 서울시 정비사업 융자금 지원 심사 반영 안내","사업비 조달, 운영 투명성, 재무관리 리스크를 보조적으로 보여주는 신호",분담금/사업비 자료와 같이 보되 단독 신호로 과대해석하지 않음,https://cleanup.seoul.go.kr/assc/bbs-use/vscrGnrl.do?cafeId=215900001126x73&bbsSn=10034&cpage=1&searchCode=&searchValue=&streSttusCode=0&nttSn=157292&menuId=100,https://cleanup.seoul.go.kr/assc/bbs-use/execute.do?cafeId=215900001126x73&bbsSn=10034&streSttusCode=0
447,P3,23,재무·행정,finance_admin,구의/광진,26,자양한양아파트 재건축정비사업,공지사항,2025-04-09,440,"‘정비사업 정보몽땅 활용도’ 평가, 서울시 정비사업 융자금 지원 심사 반영 안내","사업비 조달, 운영 투명성, 재무관리 리스크를 보조적으로 보여주는 신호",분담금/사업비 자료와 같이 보되 단독 신호로 과대해석하지 않음,https://cleanup.seoul.go.kr/assc/bbs-use/vscrGnrl.do?cafeId=215900001270s44&bbsSn=10834&cpage=1&searchCode=&searchValue=&streSttusCode=0&nttSn=157291&menuId=100,https://cleanup.seoul.go.kr/assc/bbs-use/execute.do?cafeId=215900001270s44&bbsSn=10834&streSttusCode=0
448,P3,23,일반 행정,low_signal_admin,강남,12,압구정아파트지구 특별계획구역5 재건축정비사업조합,공지사항,2025-01-14,525,정비사업 교육 의무 이수제 시행 관련 안내,운영 활동 신호이나 개발 조건 변화와의 직접성은 낮음,총회·시공자 선정 등 다른 신호와 결합될 때만 검토,https://cleanup.seoul.go.kr/assc/bbs-use/vscrGnrl.do?cafeId=680900000670W75&bbsSn=5713&cpage=1&searchCode=&searchValue=&streSttusCode=0&nttSn=153766&menuId=100,https://cleanup.seoul.go.kr/assc/bbs-use/execute.do?cafeId=680900000670W75&bbsSn=5713&streSttusCode=0
449,P3,23,총회·협의체,governance,구의/광진,29,자양1의4구역 가로주택정비사업,공지사항,2024-11-01,599,2030 서울특별시 도시주거환경정비기본계획 “찾아가는 주민설명회” 자치구별 일정/장소 안내,"조합 의사결정과 동의율, 주민 수용성의 변화를 보여주는 신호",회의/총회 결과가 단계 변경이나 계획 변경으로 이어졌는지 후속 공고 확인,https://cleanup.seoul.go.kr/assc/bbs-use/vscrGnrl.do?cafeId=215900001250P45&bbsSn=10734&cpage=1&searchCode=&searchValue=&streSttusCode=0&nttSn=152054&menuId=100,https://cleanup.seoul.go.kr/assc/bbs-use/execute.do?cafeId=215900001250P45&bbsSn=10734&streSttusCode=0
450,P3,23,총회·협의체,governance,구의/광진,30,자양4동 A구역 주택재개발사업,공지사항,2024-11-01,599,2030 서울특별시 도시주거환경정비기본계획 “찾아가는 주민설명회” 자치구별 일정/장소 안내,"조합 의사결정과 동의율, 주민 수용성의 변화를 보여주는 신호",회의/총회 결과가 단계 변경이나 계획 변경으로 이어졌는지 후속 공고 확인,https://cleanup.seoul.go.kr/assc/bbs-use/vscrGnrl.do?cafeId=215900001184O96&bbsSn=10324&cpage=1&searchCode=&searchValue=&streSttusCode=0&nttSn=152049&menuId=100,https://cleanup.seoul.go.kr/assc/bbs-use/execute.do?cafeId=215900001184O96&bbsSn=10324&streSttusCode=0
451,P3,23,기타,uncategorized,강남,6,대치우성1차아파트 재건축정비사업조합,공지사항,2024-09-02,659,2024년 서울시 정비사업 전자투표 활성화 시범사업 참여조합 공개모집(오늘부터 신청가능~ 9.9.),공개 항목이지만 개발 조건 변화와의 직접 신호는 낮음,다른 단계 변경 신호와 결합될 때 확인,https://cleanup.seoul.go.kr/assc/bbs-use/vscrGnrl.do?cafeId=680900000617J84&bbsSn=5485&cpage=1&searchCode=&searchValue=&streSttusCode=0&nttSn=147111&menuId=100,https://cleanup.seoul.go.kr/assc/bbs-use/execute.do?cafeId=680900000617J84&bbsSn=5485&streSttusCode=0
452,P3,23,일반 행정,low_signal_admin,강남,11,압구정아파트지구 특별계획구역4,공지사항,2023-10-31,966,추진위 / 조합실무자 업무처리 방문교육 안내,운영 활동 신호이나 개발 조건 변화와의 직접성은 낮음,총회·시공자 선정 등 다른 신호와 결합될 때만 검토,https://cleanup.seoul.go.kr/assc/bbs-use/vscrGnrl.do?cafeId=680900000684g10&bbsSn=5773&cpage=1&searchCode=&searchValue=&streSttusCode=0&nttSn=142320&menuId=100,https://cleanup.seoul.go.kr/assc/bbs-use/execute.do?cafeId=680900000684g10&bbsSn=5773&streSttusCode=0
453,P3,23,일반 행정,low_signal_admin,강남,12,압구정아파트지구 특별계획구역5 재건축정비사업조합,공지사항,2023-10-31,966,추진위 / 조합실무자 업무처리 방문교육 안내,운영 활동 신호이나 개발 조건 변화와의 직접성은 낮음,총회·시공자 선정 등 다른 신호와 결합될 때만 검토,https://cleanup.seoul.go.kr/assc/bbs-use/vscrGnrl.do?cafeId=680900000670W75&bbsSn=5713&cpage=1&searchCode=&searchValue=&streSttusCode=0&nttSn=142331&menuId=100,https://cleanup.seoul.go.kr/assc/bbs-use/execute.do?cafeId=680900000670W75&bbsSn=5713&streSttusCode=0
454,P3,23,일반 행정,low_signal_admin,강남,11,압구정아파트지구 특별계획구역4,공지사항,2023-10-05,992,2023년 제4기 정비사업 아카데미 조합(추진위)임원 역량강화 교육과정 신청안내,운영 활동 신호이나 개발 조건 변화와의 직접성은 낮음,총회·시공자 선정 등 다른 신호와 결합될 때만 검토,https://cleanup.seoul.go.kr/assc/bbs-use/vscrGnrl.do?cafeId=680900000684g10&bbsSn=5773&cpage=1&searchCode=&searchValue=&streSttusCode=0&nttSn=139257&menuId=100,https://cleanup.seoul.go.kr/assc/bbs-use/execute.do?cafeId=680900000684g10&bbsSn=5773&streSttusCode=0
455,P3,23,일반 행정,low_signal_admin,강남,12,압구정아파트지구 특별계획구역5 재건축정비사업조합,공지사항,2023-10-05,992,2023년 제4기 정비사업 아카데미 조합(추진위)임원 역량강화 교육과정 신청안내,운영 활동 신호이나 개발 조건 변화와의 직접성은 낮음,총회·시공자 선정 등 다른 신호와 결합될 때만 검토,https://cleanup.seoul.go.kr/assc/bbs-use/vscrGnrl.do?cafeId=680900000670W75&bbsSn=5713&cpage=1&searchCode=&searchValue=&streSttusCode=0&nttSn=139262&menuId=100,https://cleanup.seoul.go.kr/assc/bbs-use/execute.do?cafeId=680900000670W75&bbsSn=5713&streSttusCode=0
456,P3,23,기타,uncategorized,잠실/송파,5,"장미1,2,3차아파트 주택재건축정비사업 조합",공지사항,2019-04-01,2640,2019년 찾아가는 정비사업 주민학교 운영알림 및 신청안내,공개 항목이지만 개발 조건 변화와의 직접 신호는 낮음,다른 단계 변경 신호와 결합될 때 확인,https://cleanup.seoul.go.kr/assc/bbs-use/vscrGnrl.do?cafeId=710900000615u63&bbsSn=5477&cpage=1&searchCode=&searchValue=&streSttusCode=0&nttSn=111407&menuId=100,https://cleanup.seoul.go.kr/assc/bbs-use/execute.do?cafeId=710900000615u63&bbsSn=5477&streSttusCode=0
457,P3,23,기타,uncategorized,강남,6,대치우성1차아파트 재건축정비사업조합,공지사항,2019-04-01,2640,2019년 찾아가는 정비사업 주민학교 운영알림 및 신청안내,공개 항목이지만 개발 조건 변화와의 직접 신호는 낮음,다른 단계 변경 신호와 결합될 때 확인,https://cleanup.seoul.go.kr/assc/bbs-use/vscrGnrl.do?cafeId=680900000617J84&bbsSn=5485&cpage=1&searchCode=&searchValue=&streSttusCode=0&nttSn=111339&menuId=100,https://cleanup.seoul.go.kr/assc/bbs-use/execute.do?cafeId=680900000617J84&bbsSn=5485&streSttusCode=0
458,P3,23,기타,uncategorized,잠실/송파,5,"장미1,2,3차아파트 주택재건축정비사업 조합",공지사항,2018-02-07,3058,재건축초과이익 환수제도 위헌소송 공동 청구인단 모집(안내),공개 항목이지만 개발 조건 변화와의 직접 신호는 낮음,다른 단계 변경 신호와 결합될 때 확인,https://cleanup.seoul.go.kr/assc/bbs-use/vscrGnrl.do?cafeId=710900000615u63&bbsSn=5477&cpage=1&searchCode=&searchValue=&streSttusCode=0&nttSn=77814&menuId=100,https://cleanup.seoul.go.kr/assc/bbs-use/execute.do?cafeId=710900000615u63&bbsSn=5477&streSttusCode=0
459,P3,22,기타,uncategorized,구의/광진,28,자양번영로3나길 일대 가로주택정비사업,공지사항,2026-02-27,116,[26/2/27 마감] 세계유산법 시행령 일부 개정령안 관련 의견제출 안내,공개 항목이지만 개발 조건 변화와의 직접 신호는 낮음,다른 단계 변경 신호와 결합될 때 확인,https://cleanup.seoul.go.kr/assc/bbs-use/vscrGnrl.do?cafeId=215900001146M77&bbsSn=10134&cpage=1&searchCode=&searchValue=&streSttusCode=0&nttSn=175325&menuId=100,https://cleanup.seoul.go.kr/assc/bbs-use/execute.do?cafeId=215900001146M77&bbsSn=10134&streSttusCode=0
460,P3,22,재무·행정,finance_admin,구의/광진,28,자양번영로3나길 일대 가로주택정비사업,공지사항,2025-04-09,440,"‘정비사업 정보몽땅 활용도’ 평가, 서울시 정비사업 융자금 지원 심사 반영 안내","사업비 조달, 운영 투명성, 재무관리 리스크를 보조적으로 보여주는 신호",분담금/사업비 자료와 같이 보되 단독 신호로 과대해석하지 않음,https://cleanup.seoul.go.kr/assc/bbs-use/vscrGnrl.do?cafeId=215900001146M77&bbsSn=10134&cpage=1&searchCode=&searchValue=&streSttusCode=0&nttSn=157296&menuId=100,https://cleanup.seoul.go.kr/assc/bbs-use/execute.do?cafeId=215900001146M77&bbsSn=10134&streSttusCode=0
461,P3,22,기타,uncategorized,강남,7,대치쌍용2차아파트 주택재건축정비사업조합,공지사항,2024-09-02,659,2024년 서울시 정비사업 전자투표 활성화 시범사업 참여조합 공개모집(오늘부터 신청가능~ 9.9.),공개 항목이지만 개발 조건 변화와의 직접 신호는 낮음,다른 단계 변경 신호와 결합될 때 확인,https://cleanup.seoul.go.kr/assc/bbs-use/vscrGnrl.do?cafeId=680900000567C51&bbsSn=5277&cpage=1&searchCode=&searchValue=&streSttusCode=0&nttSn=147110&menuId=100,https://cleanup.seoul.go.kr/assc/bbs-use/execute.do?cafeId=680900000567C51&bbsSn=5277&streSttusCode=0
462,P3,22,기타,uncategorized,강남,8,대치쌍용1차아파트 주택재건축정비사업조합,공지사항,2024-09-02,659,2024년 서울시 정비사업 전자투표 활성화 시범사업 참여조합 공개모집(오늘부터 신청가능~ 9.9.),공개 항목이지만 개발 조건 변화와의 직접 신호는 낮음,다른 단계 변경 신호와 결합될 때 확인,https://cleanup.seoul.go.kr/assc/bbs-use/vscrGnrl.do?cafeId=680900000566y01&bbsSn=5273&cpage=1&searchCode=&searchValue=&streSttusCode=0&nttSn=147108&menuId=100,https://cleanup.seoul.go.kr/assc/bbs-use/execute.do?cafeId=680900000566y01&bbsSn=5273&streSttusCode=0
463,P3,22,일반 행정,low_signal_admin,구의/광진,13,자양제7구역 주택재건축정비사업 조합,공지사항,2023-10-31,966,추진위 / 조합실무자 업무처리 방문교육 안내,운영 활동 신호이나 개발 조건 변화와의 직접성은 낮음,총회·시공자 선정 등 다른 신호와 결합될 때만 검토,https://cleanup.seoul.go.kr/assc/bbs-use/vscrGnrl.do?cafeId=215100002002c30&bbsSn=461&cpage=1&searchCode=&searchValue=&streSttusCode=0&nttSn=141320&menuId=100,https://cleanup.seoul.go.kr/assc/bbs-use/execute.do?cafeId=215100002002c30&bbsSn=461&streSttusCode=0
464,P3,22,일반 행정,low_signal_admin,강남,14,"개포주공6,7단지아파트 재건축정비사업조합",공지사항,2023-10-31,966,추진위 / 조합실무자 업무처리 방문교육 안내,운영 활동 신호이나 개발 조건 변화와의 직접성은 낮음,총회·시공자 선정 등 다른 신호와 결합될 때만 검토,https://cleanup.seoul.go.kr/assc/bbs-use/vscrGnrl.do?cafeId=680900000688Q62&bbsSn=5789&cpage=1&searchCode=&searchValue=&streSttusCode=0&nttSn=142334&menuId=100,https://cleanup.seoul.go.kr/assc/bbs-use/execute.do?cafeId=680900000688Q62&bbsSn=5789&streSttusCode=0
465,P3,22,일반 행정,low_signal_admin,구의/광진,13,자양제7구역 주택재건축정비사업 조합,공지사항,2023-10-05,992,2023년 제4기 정비사업 아카데미 조합(추진위)임원 역량강화 교육과정 신청안내,운영 활동 신호이나 개발 조건 변화와의 직접성은 낮음,총회·시공자 선정 등 다른 신호와 결합될 때만 검토,https://cleanup.seoul.go.kr/assc/bbs-use/vscrGnrl.do?cafeId=215100002002c30&bbsSn=461&cpage=1&searchCode=&searchValue=&streSttusCode=0&nttSn=139509&menuId=100,https://cleanup.seoul.go.kr/assc/bbs-use/execute.do?cafeId=215100002002c30&bbsSn=461&streSttusCode=0
466,P3,22,일반 행정,low_signal_admin,강남,14,"개포주공6,7단지아파트 재건축정비사업조합",공지사항,2023-10-05,992,2023년 제4기 정비사업 아카데미 조합(추진위)임원 역량강화 교육과정 신청안내,운영 활동 신호이나 개발 조건 변화와의 직접성은 낮음,총회·시공자 선정 등 다른 신호와 결합될 때만 검토,https://cleanup.seoul.go.kr/assc/bbs-use/vscrGnrl.do?cafeId=680900000688Q62&bbsSn=5789&cpage=1&searchCode=&searchValue=&streSttusCode=0&nttSn=139264&menuId=100,https://cleanup.seoul.go.kr/assc/bbs-use/execute.do?cafeId=680900000688Q62&bbsSn=5789&streSttusCode=0
467,P3,22,기타,uncategorized,강남,7,대치쌍용2차아파트 주택재건축정비사업조합,공지사항,2019-04-01,2640,2019년 찾아가는 정비사업 주민학교 운영알림 및 신청안내,공개 항목이지만 개발 조건 변화와의 직접 신호는 낮음,다른 단계 변경 신호와 결합될 때 확인,https://cleanup.seoul.go.kr/assc/bbs-use/vscrGnrl.do?cafeId=680900000567C51&bbsSn=5277&cpage=1&searchCode=&searchValue=&streSttusCode=0&nttSn=111338&menuId=100,https://cleanup.seoul.go.kr/assc/bbs-use/execute.do?cafeId=680900000567C51&bbsSn=5277&streSttusCode=0
468,P3,22,기타,uncategorized,강남,8,대치쌍용1차아파트 주택재건축정비사업조합,공지사항,2019-04-01,2640,2019년 찾아가는 정비사업 주민학교 운영알림 및 신청안내,공개 항목이지만 개발 조건 변화와의 직접 신호는 낮음,다른 단계 변경 신호와 결합될 때 확인,https://cleanup.seoul.go.kr/assc/bbs-use/vscrGnrl.do?cafeId=680900000566y01&bbsSn=5273&cpage=1&searchCode=&searchValue=&streSttusCode=0&nttSn=111289&menuId=100,https://cleanup.seoul.go.kr/assc/bbs-use/execute.do?cafeId=680900000566y01&bbsSn=5273&streSttusCode=0
469,P3,22,일반 행정,low_signal_admin,구의/광진,13,자양제7구역 주택재건축정비사업 조합,공지사항,2019-02-11,2689,2019년 제1기 서울시립대학교 연계형 정비사업 아카데미 접수 안내,운영 활동 신호이나 개발 조건 변화와의 직접성은 낮음,총회·시공자 선정 등 다른 신호와 결합될 때만 검토,https://cleanup.seoul.go.kr/assc/bbs-use/vscrGnrl.do?cafeId=215100002002c30&bbsSn=461&cpage=1&searchCode=&searchValue=&streSttusCode=0&nttSn=103833&menuId=100,https://cleanup.seoul.go.kr/assc/bbs-use/execute.do?cafeId=215100002002c30&bbsSn=461&streSttusCode=0
470,P3,21,기타,uncategorized,구의/광진,29,자양1의4구역 가로주택정비사업,공지사항,2026-02-27,116,[26/2/27 마감] 세계유산법 시행령 일부 개정령안 관련 의견제출 안내,공개 항목이지만 개발 조건 변화와의 직접 신호는 낮음,다른 단계 변경 신호와 결합될 때 확인,https://cleanup.seoul.go.kr/assc/bbs-use/vscrGnrl.do?cafeId=215900001250P45&bbsSn=10734&cpage=1&searchCode=&searchValue=&streSttusCode=0&nttSn=175328&menuId=100,https://cleanup.seoul.go.kr/assc/bbs-use/execute.do?cafeId=215900001250P45&bbsSn=10734&streSttusCode=0
471,P3,21,기타,uncategorized,구의/광진,30,자양4동 A구역 주택재개발사업,공지사항,2026-02-27,116,[26/2/27 마감] 세계유산법 시행령 일부 개정령안 관련 의견제출 안내,공개 항목이지만 개발 조건 변화와의 직접 신호는 낮음,다른 단계 변경 신호와 결합될 때 확인,https://cleanup.seoul.go.kr/assc/bbs-use/vscrGnrl.do?cafeId=215900001184O96&bbsSn=10324&cpage=1&searchCode=&searchValue=&streSttusCode=0&nttSn=175323&menuId=100,https://cleanup.seoul.go.kr/assc/bbs-use/execute.do?cafeId=215900001184O96&bbsSn=10324&streSttusCode=0
472,P3,21,일반 행정,low_signal_admin,잠실/송파,16,가락1차현대아파트 재건축정비사업 조합,공지사항,2025-04-28,421,「추진위/조합 홈페이지」 미가입 조합원 가입 안내,운영 활동 신호이나 개발 조건 변화와의 직접성은 낮음,총회·시공자 선정 등 다른 신호와 결합될 때만 검토,https://cleanup.seoul.go.kr/assc/bbs-use/vscrGnrl.do?cafeId=710900000689x43&bbsSn=5793&cpage=1&searchCode=&searchValue=&streSttusCode=0&nttSn=158734&menuId=100,https://cleanup.seoul.go.kr/assc/bbs-use/execute.do?cafeId=710900000689x43&bbsSn=5793&streSttusCode=0
473,P3,21,기타,uncategorized,잠실/송파,9,잠실우성4차 주택재건축정비사업조합,공지사항,2025-04-18,431,주택재건축정비사업 일조 관련 안내,공개 항목이지만 개발 조건 변화와의 직접 신호는 낮음,다른 단계 변경 신호와 결합될 때 확인,https://cleanup.seoul.go.kr/assc/bbs-use/vscrGnrl.do?cafeId=710900000108s28&bbsSn=1555&cpage=1&searchCode=&searchValue=&streSttusCode=0&nttSn=157442&menuId=100,https://cleanup.seoul.go.kr/assc/bbs-use/execute.do?cafeId=710900000108s28&bbsSn=1555&streSttusCode=0
474,P3,21,재무·행정,finance_admin,구의/광진,29,자양1의4구역 가로주택정비사업,공지사항,2025-04-09,440,"‘정비사업 정보몽땅 활용도’ 평가, 서울시 정비사업 융자금 지원 심사 반영 안내","사업비 조달, 운영 투명성, 재무관리 리스크를 보조적으로 보여주는 신호",분담금/사업비 자료와 같이 보되 단독 신호로 과대해석하지 않음,https://cleanup.seoul.go.kr/assc/bbs-use/vscrGnrl.do?cafeId=215900001250P45&bbsSn=10734&cpage=1&searchCode=&searchValue=&streSttusCode=0&nttSn=157299&menuId=100,https://cleanup.seoul.go.kr/assc/bbs-use/execute.do?cafeId=215900001250P45&bbsSn=10734&streSttusCode=0
475,P3,21,재무·행정,finance_admin,구의/광진,30,자양4동 A구역 주택재개발사업,공지사항,2025-04-09,440,"‘정비사업 정보몽땅 활용도’ 평가, 서울시 정비사업 융자금 지원 심사 반영 안내","사업비 조달, 운영 투명성, 재무관리 리스크를 보조적으로 보여주는 신호",분담금/사업비 자료와 같이 보되 단독 신호로 과대해석하지 않음,https://cleanup.seoul.go.kr/assc/bbs-use/vscrGnrl.do?cafeId=215900001184O96&bbsSn=10324&cpage=1&searchCode=&searchValue=&streSttusCode=0&nttSn=157294&menuId=100,https://cleanup.seoul.go.kr/assc/bbs-use/execute.do?cafeId=215900001184O96&bbsSn=10324&streSttusCode=0
476,P3,21,기타,uncategorized,강남,10,압구정아파트지구 특별계획구역③ 재건축정비사업 조합,공지사항,2024-09-02,659,2024년 서울시 정비사업 전자투표 활성화 시범사업 참여조합 공개모집(오늘부터 신청가능~ 9.9.),공개 항목이지만 개발 조건 변화와의 직접 신호는 낮음,다른 단계 변경 신호와 결합될 때 확인,https://cleanup.seoul.go.kr/assc/bbs-use/vscrGnrl.do?cafeId=680900000675S91&bbsSn=5733&cpage=1&searchCode=&searchValue=&streSttusCode=0&nttSn=147114&menuId=100,https://cleanup.seoul.go.kr/assc/bbs-use/execute.do?cafeId=680900000675S91&bbsSn=5733&streSttusCode=0
477,P3,21,기타,uncategorized,구의/광진,25,한양연립 일대 가로주택정비사업,조합입찰공고,2024-01-25,880,전기통신소방감리용역 선정 공고,공개 항목이지만 개발 조건 변화와의 직접 신호는 낮음,다른 단계 변경 신호와 결합될 때 확인,https://cleanup.seoul.go.kr/assc/bidpblanc/vscr.do?cafeId=215900001126x73&cpage=1&searchCode=&searchValue=&signguCd=&othbcListSn=827882,https://cleanup.seoul.go.kr/assc/bidpblanc/lscr.do?cafeId=215900001126x73
478,P3,21,일반 행정,low_signal_admin,강남,15,압구정한양7차아파트 재건축정비사업조합,공지사항,2023-10-31,966,추진위 / 조합실무자 업무처리 방문교육 안내,운영 활동 신호이나 개발 조건 변화와의 직접성은 낮음,총회·시공자 선정 등 다른 신호와 결합될 때만 검토,https://cleanup.seoul.go.kr/assc/bbs-use/vscrGnrl.do?cafeId=680100003000s45&bbsSn=3081&cpage=1&searchCode=&searchValue=&streSttusCode=0&nttSn=141744&menuId=100,https://cleanup.seoul.go.kr/assc/bbs-use/execute.do?cafeId=680100003000s45&bbsSn=3081&streSttusCode=0
479,P3,21,일반 행정,low_signal_admin,잠실/송파,16,가락1차현대아파트 재건축정비사업 조합,공지사항,2023-10-31,966,추진위 / 조합실무자 업무처리 방문교육 안내,운영 활동 신호이나 개발 조건 변화와의 직접성은 낮음,총회·시공자 선정 등 다른 신호와 결합될 때만 검토,https://cleanup.seoul.go.kr/assc/bbs-use/vscrGnrl.do?cafeId=710900000689x43&bbsSn=5793&cpage=1&searchCode=&searchValue=&streSttusCode=0&nttSn=142348&menuId=100,https://cleanup.seoul.go.kr/assc/bbs-use/execute.do?cafeId=710900000689x43&bbsSn=5793&streSttusCode=0
480,P3,21,일반 행정,low_signal_admin,강남,15,압구정한양7차아파트 재건축정비사업조합,공지사항,2023-10-05,992,2023년 제4기 정비사업 아카데미 조합(추진위)임원 역량강화 교육과정 신청안내,운영 활동 신호이나 개발 조건 변화와의 직접성은 낮음,총회·시공자 선정 등 다른 신호와 결합될 때만 검토,https://cleanup.seoul.go.kr/assc/bbs-use/vscrGnrl.do?cafeId=680100003000s45&bbsSn=3081&cpage=1&searchCode=&searchValue=&streSttusCode=0&nttSn=139238&menuId=100,https://cleanup.seoul.go.kr/assc/bbs-use/execute.do?cafeId=680100003000s45&bbsSn=3081&streSttusCode=0
481,P3,21,기타,uncategorized,잠실/송파,9,잠실우성4차 주택재건축정비사업조합,공지사항,2019-04-01,2640,2019년 찾아가는 정비사업 주민학교 운영알림 및 신청안내,공개 항목이지만 개발 조건 변화와의 직접 신호는 낮음,다른 단계 변경 신호와 결합될 때 확인,https://cleanup.seoul.go.kr/assc/bbs-use/vscrGnrl.do?cafeId=710900000108s28&bbsSn=1555&cpage=1&searchCode=&searchValue=&streSttusCode=0&nttSn=110595&menuId=100,https://cleanup.seoul.go.kr/assc/bbs-use/execute.do?cafeId=710900000108s28&bbsSn=1555&streSttusCode=0
482,P3,21,기타,uncategorized,강남,10,압구정아파트지구 특별계획구역③ 재건축정비사업 조합,공지사항,2019-04-01,2640,2019년 찾아가는 정비사업 주민학교 운영알림 및 신청안내,공개 항목이지만 개발 조건 변화와의 직접 신호는 낮음,다른 단계 변경 신호와 결합될 때 확인,https://cleanup.seoul.go.kr/assc/bbs-use/vscrGnrl.do?cafeId=680900000675S91&bbsSn=5733&cpage=1&searchCode=&searchValue=&streSttusCode=0&nttSn=111342&menuId=100,https://cleanup.seoul.go.kr/assc/bbs-use/execute.do?cafeId=680900000675S91&bbsSn=5733&streSttusCode=0
483,P3,21,일반 행정,low_signal_admin,잠실/송파,16,가락1차현대아파트 재건축정비사업 조합,공지사항,2019-02-11,2689,2019년 제1기 서울시립대학교 연계형 정비사업 아카데미 접수 안내,운영 활동 신호이나 개발 조건 변화와의 직접성은 낮음,총회·시공자 선정 등 다른 신호와 결합될 때만 검토,https://cleanup.seoul.go.kr/assc/bbs-use/vscrGnrl.do?cafeId=710900000689x43&bbsSn=5793&cpage=1&searchCode=&searchValue=&streSttusCode=0&nttSn=104859&menuId=100,https://cleanup.seoul.go.kr/assc/bbs-use/execute.do?cafeId=710900000689x43&bbsSn=5793&streSttusCode=0
484,P3,21,일반 행정,low_signal_admin,잠실/송파,16,가락1차현대아파트 재건축정비사업 조합,공지사항,2018-04-03,3003,e-재개발 재건축 정비사업 아카데미 신규 OPEN,운영 활동 신호이나 개발 조건 변화와의 직접성은 낮음,총회·시공자 선정 등 다른 신호와 결합될 때만 검토,https://cleanup.seoul.go.kr/assc/bbs-use/vscrGnrl.do?cafeId=710900000689x43&bbsSn=5793&cpage=1&searchCode=&searchValue=&streSttusCode=0&nttSn=85995&menuId=100,https://cleanup.seoul.go.kr/assc/bbs-use/execute.do?cafeId=710900000689x43&bbsSn=5793&streSttusCode=0
485,P3,20,일반 행정,low_signal_admin,잠실/송파,17,송파한양2차아파트 재건축정비사업 조합,공지사항,2025-04-28,421,「추진위/조합 홈페이지」 미가입 조합원 가입 안내,운영 활동 신호이나 개발 조건 변화와의 직접성은 낮음,총회·시공자 선정 등 다른 신호와 결합될 때만 검토,https://cleanup.seoul.go.kr/assc/bbs-use/vscrGnrl.do?cafeId=710900000132y43&bbsSn=3059&cpage=1&searchCode=&searchValue=&streSttusCode=0&nttSn=158161&menuId=100,https://cleanup.seoul.go.kr/assc/bbs-use/execute.do?cafeId=710900000132y43&bbsSn=3059&streSttusCode=0
486,P3,20,기타,uncategorized,강남,11,압구정아파트지구 특별계획구역4,공지사항,2024-09-02,659,2024년 서울시 정비사업 전자투표 활성화 시범사업 참여조합 공개모집(오늘부터 신청가능~ 9.9.),공개 항목이지만 개발 조건 변화와의 직접 신호는 낮음,다른 단계 변경 신호와 결합될 때 확인,https://cleanup.seoul.go.kr/assc/bbs-use/vscrGnrl.do?cafeId=680900000684g10&bbsSn=5773&cpage=1&searchCode=&searchValue=&streSttusCode=0&nttSn=147113&menuId=100,https://cleanup.seoul.go.kr/assc/bbs-use/execute.do?cafeId=680900000684g10&bbsSn=5773&streSttusCode=0
487,P3,20,일반 행정,low_signal_admin,잠실/송파,17,송파한양2차아파트 재건축정비사업 조합,공지사항,2023-10-31,966,추진위 / 조합실무자 업무처리 방문교육 안내,운영 활동 신호이나 개발 조건 변화와의 직접성은 낮음,총회·시공자 선정 등 다른 신호와 결합될 때만 검토,https://cleanup.seoul.go.kr/assc/bbs-use/vscrGnrl.do?cafeId=710900000132y43&bbsSn=3059&cpage=1&searchCode=&searchValue=&streSttusCode=0&nttSn=141775&menuId=100,https://cleanup.seoul.go.kr/assc/bbs-use/execute.do?cafeId=710900000132y43&bbsSn=3059&streSttusCode=0
488,P3,20,기타,uncategorized,강남,11,압구정아파트지구 특별계획구역4,공지사항,2019-04-01,2640,2019년 찾아가는 정비사업 주민학교 운영알림 및 신청안내,공개 항목이지만 개발 조건 변화와의 직접 신호는 낮음,다른 단계 변경 신호와 결합될 때 확인,https://cleanup.seoul.go.kr/assc/bbs-use/vscrGnrl.do?cafeId=680900000684g10&bbsSn=5773&cpage=1&searchCode=&searchValue=&streSttusCode=0&nttSn=111341&menuId=100,https://cleanup.seoul.go.kr/assc/bbs-use/execute.do?cafeId=680900000684g10&bbsSn=5773&streSttusCode=0
489,P3,20,기타,uncategorized,강남,12,압구정아파트지구 특별계획구역5 재건축정비사업조합,공지사항,2019-04-01,2640,2019년 찾아가는 정비사업 주민학교 운영알림 및 신청안내,공개 항목이지만 개발 조건 변화와의 직접 신호는 낮음,다른 단계 변경 신호와 결합될 때 확인,https://cleanup.seoul.go.kr/assc/bbs-use/vscrGnrl.do?cafeId=680900000670W75&bbsSn=5713&cpage=1&searchCode=&searchValue=&streSttusCode=0&nttSn=111346&menuId=100,https://cleanup.seoul.go.kr/assc/bbs-use/execute.do?cafeId=680900000670W75&bbsSn=5713&streSttusCode=0
490,P3,20,일반 행정,low_signal_admin,잠실/송파,17,송파한양2차아파트 재건축정비사업 조합,공지사항,2019-02-11,2689,2019년 제1기 서울시립대학교 연계형 정비사업 아카데미 접수 안내,운영 활동 신호이나 개발 조건 변화와의 직접성은 낮음,총회·시공자 선정 등 다른 신호와 결합될 때만 검토,https://cleanup.seoul.go.kr/assc/bbs-use/vscrGnrl.do?cafeId=710900000132y43&bbsSn=3059&cpage=1&searchCode=&searchValue=&streSttusCode=0&nttSn=104288&menuId=100,https://cleanup.seoul.go.kr/assc/bbs-use/execute.do?cafeId=710900000132y43&bbsSn=3059&streSttusCode=0
491,P3,20,일반 행정,low_signal_admin,잠실/송파,17,송파한양2차아파트 재건축정비사업 조합,공지사항,2018-04-03,3003,e-재개발 재건축 정비사업 아카데미 신규 OPEN,운영 활동 신호이나 개발 조건 변화와의 직접성은 낮음,총회·시공자 선정 등 다른 신호와 결합될 때만 검토,https://cleanup.seoul.go.kr/assc/bbs-use/vscrGnrl.do?cafeId=710900000132y43&bbsSn=3059&cpage=1&searchCode=&searchValue=&streSttusCode=0&nttSn=85973&menuId=100,https://cleanup.seoul.go.kr/assc/bbs-use/execute.do?cafeId=710900000132y43&bbsSn=3059&streSttusCode=0
492,P3,20,일반 행정,low_signal_admin,잠실/송파,17,송파한양2차아파트 재건축정비사업 조합,공지사항,2016-04-01,3735,2016년 제2기 정비사업 아카데미 전문교육이 마감되었습니다,운영 활동 신호이나 개발 조건 변화와의 직접성은 낮음,총회·시공자 선정 등 다른 신호와 결합될 때만 검토,https://cleanup.seoul.go.kr/assc/bbs-use/vscrGnrl.do?cafeId=710900000132y43&bbsSn=3059&cpage=1&searchCode=&searchValue=&streSttusCode=0&nttSn=53593&menuId=100,https://cleanup.seoul.go.kr/assc/bbs-use/execute.do?cafeId=710900000132y43&bbsSn=3059&streSttusCode=0
493,P3,19,기타,uncategorized,강남,14,"개포주공6,7단지아파트 재건축정비사업조합",공지사항,2020-06-08,2206,● 추진위원회 주간업무 현황 (20200608),공개 항목이지만 개발 조건 변화와의 직접 신호는 낮음,다른 단계 변경 신호와 결합될 때 확인,https://cleanup.seoul.go.kr/assc/bbs-use/vscrGnrl.do?cafeId=680900000688Q62&bbsSn=5789&cpage=1&searchCode=&searchValue=&streSttusCode=0&nttSn=125348&menuId=100,https://cleanup.seoul.go.kr/assc/bbs-use/execute.do?cafeId=680900000688Q62&bbsSn=5789&streSttusCode=0
494,P3,19,기타,uncategorized,강남,14,"개포주공6,7단지아파트 재건축정비사업조합",공지사항,2020-06-05,2209,● 피닉스씨엠씨 용역비 청구소송 진행사항 공지합니다(20200605),공개 항목이지만 개발 조건 변화와의 직접 신호는 낮음,다른 단계 변경 신호와 결합될 때 확인,https://cleanup.seoul.go.kr/assc/bbs-use/vscrGnrl.do?cafeId=680900000688Q62&bbsSn=5789&cpage=1&searchCode=&searchValue=&streSttusCode=0&nttSn=125338&menuId=100,https://cleanup.seoul.go.kr/assc/bbs-use/execute.do?cafeId=680900000688Q62&bbsSn=5789&streSttusCode=0
495,P3,19,기타,uncategorized,구의/광진,13,자양제7구역 주택재건축정비사업 조합,공지사항,2019-04-01,2640,2019년 찾아가는 정비사업 주민학교 운영알림 및 신청안내,공개 항목이지만 개발 조건 변화와의 직접 신호는 낮음,다른 단계 변경 신호와 결합될 때 확인,https://cleanup.seoul.go.kr/assc/bbs-use/vscrGnrl.do?cafeId=215100002002c30&bbsSn=461&cpage=1&searchCode=&searchValue=&streSttusCode=0&nttSn=110394&menuId=100,https://cleanup.seoul.go.kr/assc/bbs-use/execute.do?cafeId=215100002002c30&bbsSn=461&streSttusCode=0
496,P3,18,일반 행정,low_signal_admin,잠실/송파,21,가락삼익맨숀아파트 재건축정비사업 조합,공지사항,2025-04-28,421,「추진위/조합 홈페이지」 미가입 조합원 가입 안내,운영 활동 신호이나 개발 조건 변화와의 직접성은 낮음,총회·시공자 선정 등 다른 신호와 결합될 때만 검토,https://cleanup.seoul.go.kr/assc/bbs-use/vscrGnrl.do?cafeId=710900000676r36&bbsSn=5737&cpage=1&searchCode=&searchValue=&streSttusCode=0&nttSn=158705&menuId=100,https://cleanup.seoul.go.kr/assc/bbs-use/execute.do?cafeId=710900000676r36&bbsSn=5737&streSttusCode=0
497,P3,18,기타,uncategorized,강남,15,압구정한양7차아파트 재건축정비사업조합,공지사항,2024-09-02,659,2024년 서울시 정비사업 전자투표 활성화 시범사업 참여조합 공개모집(오늘부터 신청가능~ 9.9.),공개 항목이지만 개발 조건 변화와의 직접 신호는 낮음,다른 단계 변경 신호와 결합될 때 확인,https://cleanup.seoul.go.kr/assc/bbs-use/vscrGnrl.do?cafeId=680100003000s45&bbsSn=3081&cpage=1&searchCode=&searchValue=&streSttusCode=0&nttSn=147094&menuId=100,https://cleanup.seoul.go.kr/assc/bbs-use/execute.do?cafeId=680100003000s45&bbsSn=3081&streSttusCode=0
498,P3,18,일반 행정,low_signal_admin,잠실/송파,21,가락삼익맨숀아파트 재건축정비사업 조합,공지사항,2023-10-31,966,추진위 / 조합실무자 업무처리 방문교육 안내,운영 활동 신호이나 개발 조건 변화와의 직접성은 낮음,총회·시공자 선정 등 다른 신호와 결합될 때만 검토,https://cleanup.seoul.go.kr/assc/bbs-use/vscrGnrl.do?cafeId=710900000676r36&bbsSn=5737&cpage=1&searchCode=&searchValue=&streSttusCode=0&nttSn=142319&menuId=100,https://cleanup.seoul.go.kr/assc/bbs-use/execute.do?cafeId=710900000676r36&bbsSn=5737&streSttusCode=0
499,P3,18,일반 행정,low_signal_admin,구의/광진,22,중곡아파트 주택재건축정비사업조합,공지사항,2023-10-31,966,추진위 / 조합실무자 업무처리 방문교육 안내,운영 활동 신호이나 개발 조건 변화와의 직접성은 낮음,총회·시공자 선정 등 다른 신호와 결합될 때만 검토,https://cleanup.seoul.go.kr/assc/bbs-use/vscrGnrl.do?cafeId=215900000150z26&bbsSn=3147&cpage=1&searchCode=&searchValue=&streSttusCode=0&nttSn=141793&menuId=100,https://cleanup.seoul.go.kr/assc/bbs-use/execute.do?cafeId=215900000150z26&bbsSn=3147&streSttusCode=0
500,P3,18,일반 행정,low_signal_admin,구의/광진,22,중곡아파트 주택재건축정비사업조합,공지사항,2023-10-05,992,2023년 제4기 정비사업 아카데미 조합(추진위)임원 역량강화 교육과정 신청안내,운영 활동 신호이나 개발 조건 변화와의 직접성은 낮음,총회·시공자 선정 등 다른 신호와 결합될 때만 검토,https://cleanup.seoul.go.kr/assc/bbs-use/vscrGnrl.do?cafeId=215900000150z26&bbsSn=3147&cpage=1&searchCode=&searchValue=&streSttusCode=0&nttSn=139518&menuId=100,https://cleanup.seoul.go.kr/assc/bbs-use/execute.do?cafeId=215900000150z26&bbsSn=3147&streSttusCode=0
501,P3,18,기타,uncategorized,강남,15,압구정한양7차아파트 재건축정비사업조합,공지사항,2019-04-01,2640,2019년 찾아가는 정비사업 주민학교 운영알림 및 신청안내,공개 항목이지만 개발 조건 변화와의 직접 신호는 낮음,다른 단계 변경 신호와 결합될 때 확인,https://cleanup.seoul.go.kr/assc/bbs-use/vscrGnrl.do?cafeId=680100003000s45&bbsSn=3081&cpage=1&searchCode=&searchValue=&streSttusCode=0&nttSn=110818&menuId=100,https://cleanup.seoul.go.kr/assc/bbs-use/execute.do?cafeId=680100003000s45&bbsSn=3081&streSttusCode=0
502,P3,18,기타,uncategorized,잠실/송파,16,가락1차현대아파트 재건축정비사업 조합,공지사항,2019-04-01,2640,2019년 찾아가는 정비사업 주민학교 운영알림 및 신청안내,공개 항목이지만 개발 조건 변화와의 직접 신호는 낮음,다른 단계 변경 신호와 결합될 때 확인,https://cleanup.seoul.go.kr/assc/bbs-use/vscrGnrl.do?cafeId=710900000689x43&bbsSn=5793&cpage=1&searchCode=&searchValue=&streSttusCode=0&nttSn=111411&menuId=100,https://cleanup.seoul.go.kr/assc/bbs-use/execute.do?cafeId=710900000689x43&bbsSn=5793&streSttusCode=0
503,P3,18,일반 행정,low_signal_admin,잠실/송파,21,가락삼익맨숀아파트 재건축정비사업 조합,공지사항,2019-02-11,2689,2019년 제1기 서울시립대학교 연계형 정비사업 아카데미 접수 안내,운영 활동 신호이나 개발 조건 변화와의 직접성은 낮음,총회·시공자 선정 등 다른 신호와 결합될 때만 검토,https://cleanup.seoul.go.kr/assc/bbs-use/vscrGnrl.do?cafeId=710900000676r36&bbsSn=5737&cpage=1&searchCode=&searchValue=&streSttusCode=0&nttSn=104832&menuId=100,https://cleanup.seoul.go.kr/assc/bbs-use/execute.do?cafeId=710900000676r36&bbsSn=5737&streSttusCode=0
504,P3,18,일반 행정,low_signal_admin,구의/광진,22,중곡아파트 주택재건축정비사업조합,공지사항,2019-02-11,2689,2019년 제1기 서울시립대학교 연계형 정비사업 아카데미 접수 안내,운영 활동 신호이나 개발 조건 변화와의 직접성은 낮음,총회·시공자 선정 등 다른 신호와 결합될 때만 검토,https://cleanup.seoul.go.kr/assc/bbs-use/vscrGnrl.do?cafeId=215900000150z26&bbsSn=3147&cpage=1&searchCode=&searchValue=&streSttusCode=0&nttSn=104306&menuId=100,https://cleanup.seoul.go.kr/assc/bbs-use/execute.do?cafeId=215900000150z26&bbsSn=3147&streSttusCode=0
505,P3,17,일반 행정,low_signal_admin,구의/광진,23,광장동 삼성1차아파트 소규모재건축정비사업,공지사항,2023-10-05,992,2023년 제4기 정비사업 아카데미 조합(추진위)임원 역량강화 교육과정 신청안내,운영 활동 신호이나 개발 조건 변화와의 직접성은 낮음,총회·시공자 선정 등 다른 신호와 결합될 때만 검토,https://cleanup.seoul.go.kr/assc/bbs-use/vscrGnrl.do?cafeId=215900000929v34&bbsSn=8984&cpage=1&searchCode=&searchValue=&streSttusCode=0&nttSn=139540&menuId=100,https://cleanup.seoul.go.kr/assc/bbs-use/execute.do?cafeId=215900000929v34&bbsSn=8984&streSttusCode=0
506,P3,17,기타,uncategorized,잠실/송파,18,송파미성아파트 재건축정비사업조합,공지사항,2021-09-14,1743,"송파미성아파트 예비임원(추진위원장, 감사) 선거 후보자 등록 공고",공개 항목이지만 개발 조건 변화와의 직접 신호는 낮음,다른 단계 변경 신호와 결합될 때 확인,https://cleanup.seoul.go.kr/assc/bbs-use/vscrGnrl.do?cafeId=710900000815V40&bbsSn=8399&cpage=1&searchCode=&searchValue=&streSttusCode=0&nttSn=130648&menuId=100,https://cleanup.seoul.go.kr/assc/bbs-use/execute.do?cafeId=710900000815V40&bbsSn=8399&streSttusCode=0
507,P3,17,기타,uncategorized,잠실/송파,18,송파미성아파트 재건축정비사업조합,공지사항,2021-09-14,1743,송파미성아파트 추진위원회 예비임원 선거인명부 열람공고,공개 항목이지만 개발 조건 변화와의 직접 신호는 낮음,다른 단계 변경 신호와 결합될 때 확인,https://cleanup.seoul.go.kr/assc/bbs-use/vscrGnrl.do?cafeId=710900000815V40&bbsSn=8399&cpage=1&searchCode=&searchValue=&streSttusCode=0&nttSn=130647&menuId=100,https://cleanup.seoul.go.kr/assc/bbs-use/execute.do?cafeId=710900000815V40&bbsSn=8399&streSttusCode=0
508,P3,17,기타,uncategorized,잠실/송파,17,송파한양2차아파트 재건축정비사업 조합,공지사항,2019-04-01,2640,2019년 찾아가는 정비사업 주민학교 운영알림 및 신청안내,공개 항목이지만 개발 조건 변화와의 직접 신호는 낮음,다른 단계 변경 신호와 결합될 때 확인,https://cleanup.seoul.go.kr/assc/bbs-use/vscrGnrl.do?cafeId=710900000132y43&bbsSn=3059&cpage=1&searchCode=&searchValue=&streSttusCode=0&nttSn=110849&menuId=100,https://cleanup.seoul.go.kr/assc/bbs-use/execute.do?cafeId=710900000132y43&bbsSn=3059&streSttusCode=0
509,P3,16,일반 행정,low_signal_admin,구의/광진,25,한양연립 일대 가로주택정비사업,공지사항,2023-10-05,992,2023년 제4기 정비사업 아카데미 조합(추진위)임원 역량강화 교육과정 신청안내,운영 활동 신호이나 개발 조건 변화와의 직접성은 낮음,총회·시공자 선정 등 다른 신호와 결합될 때만 검토,https://cleanup.seoul.go.kr/assc/bbs-use/vscrGnrl.do?cafeId=215900001126x73&bbsSn=10034&cpage=1&searchCode=&searchValue=&streSttusCode=0&nttSn=139536&menuId=100,https://cleanup.seoul.go.kr/assc/bbs-use/execute.do?cafeId=215900001126x73&bbsSn=10034&streSttusCode=0
510,P3,15,기타,uncategorized,잠실/송파,21,가락삼익맨숀아파트 재건축정비사업 조합,공지사항,2019-04-01,2640,2019년 찾아가는 정비사업 주민학교 운영알림 및 신청안내,공개 항목이지만 개발 조건 변화와의 직접 신호는 낮음,다른 단계 변경 신호와 결합될 때 확인,https://cleanup.seoul.go.kr/assc/bbs-use/vscrGnrl.do?cafeId=710900000676r36&bbsSn=5737&cpage=1&searchCode=&searchValue=&streSttusCode=0&nttSn=111408&menuId=100,https://cleanup.seoul.go.kr/assc/bbs-use/execute.do?cafeId=710900000676r36&bbsSn=5737&streSttusCode=0
511,P3,15,기타,uncategorized,구의/광진,22,중곡아파트 주택재건축정비사업조합,공지사항,2019-04-01,2640,2019년 찾아가는 정비사업 주민학교 운영알림 및 신청안내,공개 항목이지만 개발 조건 변화와의 직접 신호는 낮음,다른 단계 변경 신호와 결합될 때 확인,https://cleanup.seoul.go.kr/assc/bbs-use/vscrGnrl.do?cafeId=215900000150z26&bbsSn=3147&cpage=1&searchCode=&searchValue=&streSttusCode=0&nttSn=110867&menuId=100,https://cleanup.seoul.go.kr/assc/bbs-use/execute.do?cafeId=215900000150z26&bbsSn=3147&streSttusCode=0
512,P3,15,기타,uncategorized,잠실/송파,21,가락삼익맨숀아파트 재건축정비사업 조합,공지사항,2018-06-30,2915,매주 목요일은 아파트 재건축 소통의 날,공개 항목이지만 개발 조건 변화와의 직접 신호는 낮음,다른 단계 변경 신호와 결합될 때 확인,https://cleanup.seoul.go.kr/assc/bbs-use/vscrGnrl.do?cafeId=710900000676r36&bbsSn=5737&cpage=1&searchCode=&searchValue=&streSttusCode=0&nttSn=93193&menuId=100,https://cleanup.seoul.go.kr/assc/bbs-use/execute.do?cafeId=710900000676r36&bbsSn=5737&streSttusCode=0
