ledger_rank,rank,focus_area,district,project_name,current_stage,risk_signal_level,evidence_grade,field_id,field_label,current_value,value_source_basis,verification_status,songpa_notice_review_status,songpa_notice_action_group,songpa_notice_source_value,songpa_notice_confidence,songpa_notice_recommended_action,songpa_notice_evidence_basis,management_resolution_status,management_recommended_recording,management_next_source_to_check,ocr_review_status,ocr_confidence_bucket,ocr_value_match_level,ocr_packet_ranks,ocr_triage_ranks,ocr_alternate_numbers,ocr_image_paths,manual_ocr_review_status,manual_ocr_source_value,manual_ocr_confirmed_components,manual_ocr_unconfirmed_components,manual_ocr_decision_note,next_value_action,related_task_priority,related_task_type,related_queue_rank,text_extraction_methods,source_to_open,source_link_candidate_status,source_link_candidate_source,source_link_candidate_value,source_link_candidate_match,source_link_candidate_url,source_link_candidate_path,source_link_candidate_note,interim_official_corroboration,project_note
1,20,잠실/송파,송파구,마천1재정비촉진구역 주택재개발정비사업조합,조합설립인가,very_high,B,total_households,총 세대수,"3,113",비교 매트릭스 공식 수치,ocr_review_required,,,,,,,,,,poor_ocr_direct_image_required,poor_ocr,none,1,1,,data/urban/text/ocr/images/20-11000NTC197312011134-20-11000NTC197312011134-notice_file-건설부470/page-1.png,,,,,,OCR 매칭 실패. 원문 이미지를 직접 확대 확인하거나 재OCR/원본 PDF 재처리,P0,verify_ocr_numbers,13,pdf_ocr; pdf_text_layer,analysis/ocr-source-review-triage.md; data/urban/text/ocr/images/20-11000NTC197312011134-20-11000NTC197312011134-notice_file-건설부470/page-1.png; data/urban/text/files/20-11000NTC202606080004-20-11000NTC202606080004-notice_file-서울특별시_제2026-298호_고시문.txt,,,,,,,,,project-notes/20-macheon-1.md
2,16,잠실/송파,송파구,가락1차현대아파트 재건축정비사업 조합,사업시행인가,very_high,B,floor_area_ratio_pct,용적률,299,비교 매트릭스 공식 수치,ocr_source_value_update_required,,,,,,,,,,,,,,,,,source_value_precision_mismatch,법적상한용적률 299.20% 이하 / 정비계획 234.09% 이하,원문 이미지의 용적률 열과 심의완화사항에서 법적상한용적률 299.20% 이하 확인,장부 current_value 299는 원문 299.20%의 소수점 정밀도를 잃은 값,현재 비교 매트릭스의 299는 법적상한용적률 299.20%를 반올림 또는 절삭한 값으로 보인다. 원문 판독값을 별도 보정 후보로 둔다.,floor_area_ratio_pct_official은 299.20으로 정밀도 보정하거나 정비계획 234.09%와 법적상한 299.20%를 별도 필드로 분리,P0,crosscheck_cost_infrastructure,6,pdf_ocr,analysis/ocr-image-review-decisions.md; data/urban/text/files/16-11000NTC202105100001-16-11000NTC202105100001-notice_file-송파구_2021-88호_고시.txt,,,,,,,,,project-notes/16-hyundai.md
3,16,잠실/송파,송파구,가락1차현대아파트 재건축정비사업 조합,사업시행인가,very_high,B,max_height_m,최고높이,104,비교 매트릭스 공식 수치,ocr_source_value_update_required,,,,,,,,,,,,,,,,,source_value_precision_mismatch,해발고도 104.5m 이하 / 최고22층 이하,원문 이미지의 높이(m)/최고층수 열에서 해발고도 104.5m 이하 및 최고22층 이하 확인,장부 current_value 104는 원문 104.5m의 정밀도를 잃은 값,OCR은 104를 포함하지만 원문 이미지는 104.5m 이하로 읽힌다. 현재 104는 확정 처리하지 않고 정밀도 보정 대상으로 둔다.,max_height_m_official은 104.5로 정밀도 보정하거나 별도 source_value_precise에 104.5m 이하를 기록,P0,crosscheck_cost_infrastructure,6,pdf_ocr,analysis/ocr-image-review-decisions.md; data/urban/text/files/16-11000NTC202105100001-16-11000NTC202105100001-notice_file-송파구_2021-88호_고시.txt,,,,,,,,,project-notes/16-hyundai.md
4,16,잠실/송파,송파구,가락1차현대아파트 재건축정비사업 조합,사업시행인가,very_high,B,building_coverage_ratio_pct,건폐율,24,비교 매트릭스 공식 수치,ocr_partial_confirmation_pending,,,,,,,,,,,,,,,,,source_value_basis_mismatch_needs_secondary_source,건폐율 50% 이하,원문 이미지의 건폐율 열에서 50% 이하 확인,"장부 current_value 24는 같은 이미지에서 확인되지 않으며, 계획상한 50% 이하와 실제/사업개요 건폐율 24%의 기준 차이일 수 있음","OCR 트리아지는 장부값 24를 image_confirmation_candidate로 분류했지만, 직접 확인한 원문 이미지는 50% 이하만 보여 준다. 장부값 24는 2차 출처가 필요하다.",building_coverage_ratio_pct_official 24는 바로 확정하지 말고 계획상 건폐율 50% 이하와 사업개요/인가 기준 건폐율을 분리 확인,P0,verify_ocr_numbers,12,pdf_ocr,analysis/ocr-image-review-decisions.md; data/urban/text/files/16-11000NTC202105100001-16-11000NTC202105100001-notice_file-송파구_2021-88호_고시.txt,,,,,,,,,project-notes/16-hyundai.md
5,16,잠실/송파,송파구,가락1차현대아파트 재건축정비사업 조합,사업시행인가,very_high,B,floors,층수,지상:21/지하:미확인,비교 매트릭스 공식 수치,ocr_partial_confirmation_pending,,,,,,,,,,,,,,,,,partial_confirmation_needs_secondary_source,해발고도 104.5m 이하 / 최고22층 이하,원문 이미지의 높이(m)/최고층수 열에서 최고22층 이하 확인,같은 이미지에서는 지하층 수를 확인하지 못함,비교 매트릭스의 층수 필드는 비어 있으나 원문 이미지에서 지상 최고층은 확인된다. 지하층은 별도 출처 확인 전까지 부분확정 상태로 둔다.,floors_official은 지상 최고22층 확인으로 표시하고 지하층은 사업시행계획서 또는 다른 원문에서 2차 확인,P0,verify_ocr_numbers,12,pdf_ocr,analysis/ocr-image-review-decisions.md; data/urban/text/files/16-11000NTC202105100001-16-11000NTC202105100001-notice_file-송파구_2021-88호_고시.txt,,,,,,,,,project-notes/16-hyundai.md
6,16,잠실/송파,송파구,가락1차현대아파트 재건축정비사업 조합,사업시행인가,very_high,B,total_households,총 세대수,842,비교 매트릭스 공식 수치,source_value_fill_missing_required,,,,,,,,,,,,,,,,,source_value_fills_missing_matrix_value,총 942세대,주택공급계획 계 항목에서 변경 세대수 942세대 확인,비교 매트릭스 total_households_official은 아직 공란이므로 자동 덮어쓰기 전 2차 출처 확인 필요,"원문 이미지는 총세대수 942세대를 명확히 보여 주지만, 현재 비교 매트릭스에는 공란이므로 보강 후보로 분리한다.",total_households_official 공란 보강 후보로 942세대를 기록하고 사업시행인가 또는 정보몽땅 사업개요와 2차 대조,P0,verify_ocr_numbers,12,pdf_ocr,analysis/ocr-image-review-decisions.md; data/urban/text/files/16-11000NTC202105100001-16-11000NTC202105100001-notice_file-송파구_2021-88호_고시.txt,,,,,,,,,project-notes/16-hyundai.md
7,7,강남,강남구,대치쌍용2차아파트 주택재건축정비사업조합,사업시행인가,high,B,floor_area_ratio_pct,용적률,299,비교 매트릭스 공식 수치,ocr_source_value_update_required,,,,,,,,,,,,,,,,,source_value_precision_mismatch,정비계획용적률 250.0% 이하 / 예정 법적상한용적률 299.82% 이하,원문 이미지의 건축시설계획 표에서 정비계획용적률 250.0% 이하 및 예정 법적상한용적률 299.82% 이하 확인,장부 current_value 299는 원문 299.82%의 정밀도를 잃은 값,"현재 장부값은 법적상한을 정수로 둔 것으로 보이며, 계획용적률과 법적상한을 분리 기록하는 것이 안전하다.",floor_area_ratio_pct_official은 법적상한 299.82% 이하로 정밀도 보정하거나 기준용적률 250.0%와 병기,P1,verify_ocr_numbers,33,pdf_ocr,analysis/ocr-image-review-decisions.md; data/urban/text/files/07-11000NTC201707138200-07-11000NTC201707138200-notice_file-강남구2017-99.txt,,,,,,,,,project-notes/07-ssang2.md
8,19,잠실/송파,송파구,대림가락아파트 재건축정비사업조합,조합설립인가,high,B,floor_area_ratio_pct,용적률,300,비교 매트릭스 공식 수치,ocr_source_value_update_required,,,,,,,,,,,,,,,,,source_value_precision_mismatch,법적상한용적률 299.98% 이하 / 정비계획 234.36% 이하,원문 이미지의 건축시설계획 표에서 정비계획용적률 234.36% 이하 및 법적상한용적률 299.98% 이하 확인,장부 current_value 300은 299.98%의 정밀도를 잃은 반올림값으로 보임,"지구단위계획 결정사항에는 법적상한 300% 이하도 보이나, 건축시설계획의 구체 값은 299.98% 이하로 판독된다.",floor_area_ratio_pct_official은 법적상한 299.98% 이하로 정밀도 보정하거나 정비계획 234.36%와 법적상한을 별도 필드로 분리,P1,verify_ocr_numbers,36,pdf_ocr,analysis/ocr-image-review-decisions.md; data/urban/text/files/19-11000NTC202111260001-19-11000NTC202111260001-notice_file-서울특별시_2021-551호_고시.txt,,,,,,,,,project-notes/19-daelim.md
9,7,강남,강남구,대치쌍용2차아파트 주택재건축정비사업조합,사업시행인가,high,B,building_coverage_ratio_pct,건폐율,21,비교 매트릭스 공식 수치,ocr_partial_confirmation_pending,,,,,,,,,,,,,,,,,source_value_basis_mismatch_needs_secondary_source,건폐율 30% 이하,원문 이미지의 건축시설계획 표에서 건폐율 30% 이하 확인,장부 current_value 21%는 같은 이미지에서 확인되지 않음,"page-1은 고시 도입부/공원조성사업 표라서 21%의 근거가 아니며, page-4 정비계획 표는 30% 이하를 보여준다.","building_coverage_ratio_pct 21은 실제 건축계획 또는 사업시행계획 원문에서 2차 확인하고, 정비계획 허용 건폐율 30% 이하와 병기",P1,verify_ocr_numbers,33,pdf_ocr,analysis/ocr-image-review-decisions.md; data/urban/text/files/07-11000NTC201707138200-07-11000NTC201707138200-notice_file-강남구2017-99.txt,,,,,,,,,project-notes/07-ssang2.md
10,7,강남,강남구,대치쌍용2차아파트 주택재건축정비사업조합,사업시행인가,high,B,floors,층수,지상:35/지하:3,비교 매트릭스 공식 수치,ocr_partial_confirmation_pending,,,,,,,,,,,,,,,,,partial_confirmation_needs_secondary_source,최고35층 / 110m 이하,원문 이미지의 높이(층/m) 열에서 최고35층 및 110m 이하 확인,같은 이미지에서는 지하3층을 확인하지 못함,"OCR 트리아지는 current_value 전체를 all match로 분류했지만, 원문 이미지는 지상 최고층만 확인해 준다. 지하층 수는 별도 출처 확인 전까지 부분확정 상태로 둔다.",floors_official은 지상 최고35층 확인으로 표시하고 지하3층은 사업시행계획서 또는 다른 원문에서 2차 확인,P1,verify_ocr_numbers,33,pdf_ocr,analysis/ocr-image-review-decisions.md; data/urban/text/files/07-11000NTC201707138200-07-11000NTC201707138200-notice_file-강남구2017-99.txt,,,,,,,,,project-notes/07-ssang2.md
11,7,강남,강남구,대치쌍용2차아파트 주택재건축정비사업조합,사업시행인가,high,B,max_height_m,최고높이,111,비교 매트릭스 공식 수치,ocr_partial_confirmation_pending,,,,,,,,,,,,,,,,,source_value_basis_mismatch_needs_secondary_source,최고35층 / 110m 이하,원문 이미지의 높이 열에서 최고35층 및 110m 이하 확인,장부 current_value 111m는 같은 이미지에서 확인되지 않음,현재 장부값 111m는 원문 이미지와 1m 차이가 있어 단순 OCR 확인으로 확정하지 않는다.,"max_height_m 111은 별도 건축심의/사업시행계획 원문에서 2차 확인하고, 2017 정비계획 원문값 110m 이하와 병기",P1,verify_ocr_numbers,33,pdf_ocr,analysis/ocr-image-review-decisions.md; data/urban/text/files/07-11000NTC201707138200-07-11000NTC201707138200-notice_file-강남구2017-99.txt,,,,,,,,,project-notes/07-ssang2.md
12,7,강남,강남구,대치쌍용2차아파트 주택재건축정비사업조합,사업시행인가,high,B,total_households,총 세대수,490,비교 매트릭스 공식 수치,ocr_partial_confirmation_pending,,,,,,,,,,,,,,,,,source_value_basis_mismatch_needs_secondary_source,주택공급계획 변경 합계 560세대,원문 이미지의 주택공급계획 및 사업시행에 관한 사항에서 계획 560세대 확인,장부 current_value 490세대는 같은 이미지에서 확인되지 않음,"2017 정비계획 변경 고시 기준으로는 560세대가 직접 확인되며, 현재 장부 490세대는 기준 시점이 다른 값일 가능성이 있다.","total_households 490은 이후 사업시행계획/분양승인 등 다른 원문에서 2차 확인하고, 2017 정비계획 원문값 560세대와 병기",P1,verify_ocr_numbers,33,pdf_ocr,analysis/ocr-image-review-decisions.md; data/urban/text/files/07-11000NTC201707138200-07-11000NTC201707138200-notice_file-강남구2017-99.txt,,,,,,,,,project-notes/07-ssang2.md
13,17,잠실/송파,송파구,송파한양2차아파트 재건축정비사업 조합,조합설립인가,high,B,building_coverage_ratio_pct,건폐율,30,비교 매트릭스 공식 수치,ocr_partial_confirmation_pending,,,,,,,,,,,,,,,,,source_value_basis_mismatch_needs_secondary_source,제3종일반주거지역 50% 이하,원문 이미지의 건폐율 계획 표에서 제3종일반주거지역 주택용지 50% 이하 확인,장부 current_value 30%는 같은 이미지에서 확인되지 않음,"해당 이미지는 계획상 허용 건폐율 50% 이하를 보여주며, 장부값 30%와 산식/기준이 달라 보인다.",building_coverage_ratio_pct 30%는 사업시행계획 또는 별도 정비계획 원문에서 2차 확인,P1,verify_ocr_numbers,35,pdf_ocr; pdf_ocr,analysis/ocr-image-review-decisions.md; data/urban/text/files/17-11000NTC202506170006-17-11000NTC202506170006-business-notice_file-서울특별시_제2025-239호_고시.txt,,,,,,,,,project-notes/17-songpa2.md
14,17,잠실/송파,송파구,송파한양2차아파트 재건축정비사업 조합,조합설립인가,high,B,floors,층수,지상:29/지하:미확인,비교 매트릭스 공식 수치,ocr_partial_confirmation_pending,,,,,,,,,,,,,,,,,partial_confirmation_needs_secondary_source,96m 이하 / 29층 이하,직접 고시 건축계획 표에서 지상 최고 29층 이하 확인,같은 이미지에서는 지하층 수를 확인하지 못함,직접 고시에서 지상 최고층은 확인되지만 지하층수는 별도 자료가 필요하므로 부분확정으로 둔다.,floors_official은 지상 최고29층 확인으로 표시하고 지하층은 사업시행계획서 또는 후속 인가 원문에서 2차 확인,P1,verify_ocr_numbers,35,pdf_ocr; pdf_ocr,analysis/ocr-image-review-decisions.md; data/urban/text/files/17-11000NTC202506170006-17-11000NTC202506170006-business-notice_file-서울특별시_제2025-239호_고시.txt,,,,,,,,,project-notes/17-songpa2.md
15,19,잠실/송파,송파구,대림가락아파트 재건축정비사업조합,조합설립인가,high,B,building_coverage_ratio_pct,건폐율,21,비교 매트릭스 공식 수치,ocr_partial_confirmation_pending,,,,,,,,,,,,,,,,,source_value_basis_mismatch_needs_secondary_source,건폐율 50% 이하,원문 이미지의 건축시설계획 및 지구단위계획 결정사항에서 건폐율 50% 이하 확인,장부 current_value 21%는 같은 이미지에서 확인되지 않음,"원문 이미지는 계획상 허용 건폐율을 보여주며, 장부값 21%는 실제 설계 건폐율 등 다른 기준일 가능성이 있다.","building_coverage_ratio_pct 21은 실제 건축계획 또는 사업시행계획 원문에서 2차 확인하고, 정비계획 허용 건폐율 50% 이하와 병기",P1,verify_ocr_numbers,36,pdf_ocr,analysis/ocr-image-review-decisions.md; data/urban/text/files/19-11000NTC202111260001-19-11000NTC202111260001-notice_file-서울특별시_2021-551호_고시.txt,,,,,,,,,project-notes/19-daelim.md
16,19,잠실/송파,송파구,대림가락아파트 재건축정비사업조합,조합설립인가,high,B,district_area_sqm,정비구역 면적,"34,284.1",비교 매트릭스 공식 수치,ocr_partial_confirmation_pending,,,,,,,,,,,,,,,,,source_value_basis_mismatch_needs_secondary_source,"정비구역 35,241.0㎡ / 획지1 34,043.8㎡","원문 이미지의 정비구역 지정 조서에서 35,241.0㎡, 토지이용계획 및 획지 표에서 획지1 34,043.8㎡ 확인","장부 current_value 34,284.1㎡는 같은 이미지에서 확인되지 않음",원문 이미지의 정비구역/획지 기준과 장부값의 기준이 달라 보인다.,"district_area_sqm 34,284.1은 별도 사업개요 또는 후속 인가 원문에서 2차 확인하고, 2021 정비계획 원문값과 분리",P1,verify_ocr_numbers,36,pdf_ocr,analysis/ocr-image-review-decisions.md; data/urban/text/files/19-11000NTC202111260001-19-11000NTC202111260001-notice_file-서울특별시_2021-551호_고시.txt,,,,,,,,,project-notes/19-daelim.md
17,19,잠실/송파,송파구,대림가락아파트 재건축정비사업조합,조합설립인가,high,B,floors,층수,지상:35/지하:2,비교 매트릭스 공식 수치,ocr_partial_confirmation_pending,,,,,,,,,,,,,,,,,partial_confirmation_needs_secondary_source,해발고도 129m 이하 / 최고35층 이하,원문 이미지의 높이 열에서 해발고도 129m 이하 및 최고35층 이하 확인,같은 이미지에서는 지하2층을 확인하지 못함,"원문 이미지는 지상 최고층만 확인해 주며, 지하층 수는 별도 원문 확인 전까지 부분확정 상태로 둔다.",floors_official은 지상 최고35층 확인으로 표시하고 지하2층은 사업시행계획서 또는 건축심의 원문에서 2차 확인,P1,verify_ocr_numbers,36,pdf_ocr,analysis/ocr-image-review-decisions.md; data/urban/text/files/19-11000NTC202111260001-19-11000NTC202111260001-notice_file-서울특별시_2021-551호_고시.txt,,,,,,,,,project-notes/19-daelim.md
18,19,잠실/송파,송파구,대림가락아파트 재건축정비사업조합,조합설립인가,high,B,total_households,총 세대수,786,비교 매트릭스 공식 수치,ocr_partial_confirmation_pending,,,,,,,,,,,,,,,,,source_value_basis_mismatch_needs_secondary_source,주택공급계획 925세대,원문 이미지의 주택공급계획에서 925세대 및 규모별 세대수 402/224/299 확인,장부 current_value 786세대는 같은 이미지에서 확인되지 않음,"OCR 트리아지의 page-03 연결은 공동이용시설 표와 기존 건축물 표로, 세대수 786의 직접 근거가 아니다.","total_households 786은 후속 사업시행계획 또는 정보몽땅 사업개요에서 2차 확인하고, 2021 정비계획 원문값 925세대와 병기",P1,verify_ocr_numbers,36,pdf_ocr,analysis/ocr-image-review-decisions.md; data/urban/text/files/19-11000NTC202111260001-19-11000NTC202111260001-notice_file-서울특별시_2021-551호_고시.txt,,,,,,,,,project-notes/19-daelim.md
19,20,잠실/송파,송파구,마천1재정비촉진구역 주택재개발정비사업조합,조합설립인가,very_high,B,building_coverage_ratio_pct,건폐율,50,비교 매트릭스 공식 수치,source_link_required,,,,,,,,,,,,,,,,,source_image_not_suitable_for_current_value,1982년 건설부 도시계획 입안 고시 이미지,이미지는 광역 도시계획 입안 구역 표로 확인됨,마천1 장부 건폐율 26%는 해당 이미지에서 확인되지 않음,현재 OCR 이미지가 장부 건폐율의 직접 근거가 아니므로 OCR 검수 대상이 아니라 원문 연결 병목으로 재분류한다.,마천1의 건폐율은 별도 재정비촉진계획/정비계획 변경 원문에서 다시 연결,P0,verify_ocr_numbers,13,pdf_ocr; pdf_text_layer,analysis/ocr-image-review-decisions.md; data/urban/text/files/20-11000NTC202606080004-20-11000NTC202606080004-notice_file-서울특별시_제2026-298호_고시문.txt,candidate_value_mismatch,정보몽땅 사업개요,26,mismatch,https://cleanup.seoul.go.kr/cafe/mastr-cleanup-bsnsSumry/execute.do?cafeId=710900000742i64&stepSeCode=102&div=sumry,data/cleanup/project-summaries-priority-candidates.json,정보몽땅 사업개요 값이 현재값과 다르다. 기준일 또는 필드 정의 확인 필요.,,project-notes/20-macheon-1.md
20,20,잠실/송파,송파구,마천1재정비촉진구역 주택재개발정비사업조합,조합설립인가,very_high,B,district_area_sqm,정비구역 면적,"159,816.7",비교 매트릭스 공식 수치,source_link_required,,,,,,,,,,,,,,,,,source_image_not_suitable_for_current_value,1982년 건설부 도시계획 입안 고시의 광역 구역 면적,이미지는 서울·안양·광명 도시계획 입안 고시의 광역 구역 표로 확인됨,"마천1 재정비촉진구역 장부 면적 148,498㎡는 해당 이미지에서 확인되지 않음",현재 OCR 이미지가 장부값의 직접 근거가 아니므로 OCR 검수 대상이 아니라 원문 연결 병목으로 재분류한다.,마천1의 현 정비구역 면적은 별도 재정비촉진계획/정비계획 변경 원문에서 다시 연결,P0,verify_ocr_numbers,13,pdf_ocr; pdf_text_layer,analysis/ocr-image-review-decisions.md; data/urban/text/files/20-11000NTC202606080004-20-11000NTC202606080004-notice_file-서울특별시_제2026-298호_고시문.txt,candidate_value_mismatch,정보몽땅 사업개요,"148,498",mismatch,https://cleanup.seoul.go.kr/cafe/mastr-cleanup-bsnsSumry/execute.do?cafeId=710900000742i64&stepSeCode=102&div=sumry,data/cleanup/project-summaries-priority-candidates.json,정보몽땅 사업개요 값이 현재값과 다르다. 기준일 또는 필드 정의 확인 필요.,,project-notes/20-macheon-1.md
21,20,잠실/송파,송파구,마천1재정비촉진구역 주택재개발정비사업조합,조합설립인가,very_high,B,floor_area_ratio_pct,용적률,277.88,비교 매트릭스 공식 수치,source_link_required,,,,,,,,,,,,,,,,,source_image_not_suitable_for_current_value,1982년 건설부 도시계획 입안 고시 이미지,이미지는 광역 도시계획 입안 구역 표로 확인됨,마천1 장부 용적률 218%는 해당 이미지에서 확인되지 않음,현재 OCR 이미지가 장부 용적률의 직접 근거가 아니므로 OCR 검수 대상이 아니라 원문 연결 병목으로 재분류한다.,마천1의 용적률은 별도 재정비촉진계획/정비계획 변경 원문에서 다시 연결,P0,verify_ocr_numbers,13,pdf_ocr; pdf_text_layer,analysis/ocr-image-review-decisions.md; data/urban/text/files/20-11000NTC202606080004-20-11000NTC202606080004-notice_file-서울특별시_제2026-298호_고시문.txt,candidate_value_mismatch,정보몽땅 사업개요,218,mismatch,https://cleanup.seoul.go.kr/cafe/mastr-cleanup-bsnsSumry/execute.do?cafeId=710900000742i64&stepSeCode=102&div=sumry,data/cleanup/project-summaries-priority-candidates.json,정보몽땅 사업개요 값이 현재값과 다르다. 기준일 또는 필드 정의 확인 필요.,,project-notes/20-macheon-1.md
22,20,잠실/송파,송파구,마천1재정비촉진구역 주택재개발정비사업조합,조합설립인가,very_high,B,floors,층수,지상:49/지하:미확인,비교 매트릭스 공식 수치,source_link_required,,,,,,,,,,,,,,,,,source_image_not_suitable_for_current_value,1982년 건설부 도시계획 입안 고시 이미지,이미지는 광역 도시계획 입안 구역 표로 확인됨,마천1 장부 층수 지상25/지하3은 해당 이미지에서 확인되지 않음,현재 OCR 이미지가 장부 층수의 직접 근거가 아니므로 OCR 검수 대상이 아니라 원문 연결 병목으로 재분류한다.,마천1의 층수는 별도 재정비촉진계획/정비계획 변경 원문에서 다시 연결,P0,verify_ocr_numbers,13,pdf_ocr; pdf_text_layer,analysis/ocr-image-review-decisions.md; data/urban/text/files/20-11000NTC202606080004-20-11000NTC202606080004-notice_file-서울특별시_제2026-298호_고시문.txt,candidate_value_mismatch,정보몽땅 사업개요,지상:25/지하:3,mismatch,https://cleanup.seoul.go.kr/cafe/mastr-cleanup-bsnsSumry/execute.do?cafeId=710900000742i64&stepSeCode=102&div=sumry,data/cleanup/project-summaries-priority-candidates.json,정보몽땅 사업개요 값이 현재값과 다르다. 기준일 또는 필드 정의 확인 필요.,,project-notes/20-macheon-1.md
23,20,잠실/송파,송파구,마천1재정비촉진구역 주택재개발정비사업조합,조합설립인가,very_high,B,max_height_m,최고높이,160,비교 매트릭스 공식 수치,source_link_required,,,,,,,,,,,,,,,,,source_image_not_suitable_for_current_value,1982년 건설부 도시계획 입안 고시 이미지,이미지는 광역 도시계획 입안 구역 표로 확인됨,마천1 장부 최고높이 100m는 해당 이미지에서 확인되지 않음,현재 OCR 이미지가 장부 높이의 직접 근거가 아니므로 OCR 검수 대상이 아니라 원문 연결 병목으로 재분류한다.,마천1의 높이 기준은 별도 재정비촉진계획/정비계획 변경 원문에서 다시 연결,P0,verify_ocr_numbers,13,pdf_ocr; pdf_text_layer,analysis/ocr-image-review-decisions.md; data/urban/text/files/20-11000NTC202606080004-20-11000NTC202606080004-notice_file-서울특별시_제2026-298호_고시문.txt,candidate_value_mismatch,정보몽땅 사업개요,100,mismatch,https://cleanup.seoul.go.kr/cafe/mastr-cleanup-bsnsSumry/execute.do?cafeId=710900000742i64&stepSeCode=102&div=sumry,data/cleanup/project-summaries-priority-candidates.json,정보몽땅 사업개요 값이 현재값과 다르다. 기준일 또는 필드 정의 확인 필요.,,project-notes/20-macheon-1.md
24,29,구의/광진,광진구,자양1의4구역 가로주택정비사업,조합설립인가,high,C,district_area_sqm,정비구역 면적,"8,419.91",비교 매트릭스 공식 수치,ocr_partial_confirmation_pending,,,,,,,,,,,,,,,,,source_value_basis_mismatch_needs_secondary_source,"조합설립 변경인가 공고 구역면적 8,473.82㎡","원문 이미지의 조합설립 변경인가 사항에서 구역면적 8,473.82㎡ 확인","장부 current_value 8,419.91㎡는 같은 이미지에서 확인되지 않음","공람공고와 변경인가 공고 모두 8,473.82㎡를 보여주며, 현재 장부값은 기준 시점이 다른 값일 가능성이 있다.","district_area_sqm 8,419.91은 이전 사업개요 또는 다른 원문에서 2차 확인하고, 2025 변경인가 공고 원문값 8,473.82㎡와 병기",P1,verify_ocr_numbers,37,pdf_ocr; pdf_ocr; hwpx_zip_xml,analysis/ocr-image-review-decisions.md; data/urban/text/gwangjin-gu/files/29-B0000003-6357990-1-29-B0000003-6357990-gwangjin-gu-1-직인날인-조합설립-변경-인가-공고문.txt; data/urban/text/gwangjin-gu/files/29-B0000003-6353195-1-29-B0000003-6353195-gwangjin-gu-1-공람공고문-안.txt; data/urban/text/gwangjin-gu/files/29-B0000003-6353195-2-29-B0000003-6353195-gwangjin-gu-2-공람의견서.txt,,,,,,,,,project-notes/29-jayang104.md
25,17,잠실/송파,송파구,송파한양2차아파트 재건축정비사업 조합,조합설립인가,high,B,total_households,총 세대수,"1,346",비교 매트릭스 공식 수치,source_value_fill_missing_required,,,,,,,,,,,,,,,,,source_value_fills_missing_matrix_value,"총 1,346세대(공공주택 254세대 포함)","건립규모 및 비율 표와 인구 및 주택의 수용계획 표에서 총 1,346세대 확인",현재 비교 매트릭스 total_households_official은 공란,"직접 고시 본문 표와 수용계획 표가 1,346세대를 일관되게 보여 주므로 공란 보강 근거로 충분하다.","total_households_official 공란을 직접 고시 1,346세대로 보강하고, 공공주택 254세대 포함 문구를 display_values에 병기",P1,verify_ocr_numbers,35,pdf_ocr; pdf_ocr,analysis/ocr-image-review-decisions.md; data/urban/text/files/17-11000NTC202506170006-17-11000NTC202506170006-business-notice_file-서울특별시_제2025-239호_고시.txt,,,,,,,,,project-notes/17-songpa2.md
26,23,구의/광진,광진구,광장동 삼성1차아파트 소규모재건축정비사업,조합설립인가,high,D,district_area_sqm,정비구역 면적,"7,653",비교 매트릭스 공식 수치,source_link_required,,,,,,,,,,,,,,,,,,,,,,"recordCode, noticeCode, 고시번호, 원문 파일 연결을 먼저 확정",P0,connect_recordcode_original_notice,17,,analysis/source-link-repair-candidates.md; data/cleanup/project-summaries-priority-candidates.json; https://cleanup.seoul.go.kr/cafe/mastr-cleanup-bsnsSumry/execute.do?cafeId=215900000929v34&stepSeCode=102&div=sumry,direct_value_match,정보몽땅 사업개요,"7,653",exact,https://cleanup.seoul.go.kr/cafe/mastr-cleanup-bsnsSumry/execute.do?cafeId=215900000929v34&stepSeCode=102&div=sumry,data/cleanup/project-summaries-priority-candidates.json,정보몽땅 사업개요의 구조화 값이 현재값과 일치한다.,official_summary_exact_match_pending_original_notice,project-notes/23-j15171517.md
27,23,구의/광진,광진구,광장동 삼성1차아파트 소규모재건축정비사업,조합설립인가,high,D,floor_area_ratio_pct,용적률,300,비교 매트릭스 공식 수치,source_link_required,,,,,,,,,,,,,,,,,,,,,,"recordCode, noticeCode, 고시번호, 원문 파일 연결을 먼저 확정",P0,connect_recordcode_original_notice,17,,analysis/source-link-repair-candidates.md; data/cleanup/project-summaries-priority-candidates.json; https://cleanup.seoul.go.kr/cafe/mastr-cleanup-bsnsSumry/execute.do?cafeId=215900000929v34&stepSeCode=102&div=sumry,direct_value_match,정보몽땅 사업개요,300,exact,https://cleanup.seoul.go.kr/cafe/mastr-cleanup-bsnsSumry/execute.do?cafeId=215900000929v34&stepSeCode=102&div=sumry,data/cleanup/project-summaries-priority-candidates.json,정보몽땅 사업개요의 구조화 값이 현재값과 일치한다.,official_summary_exact_match_pending_original_notice,project-notes/23-j15171517.md
28,28,구의/광진,광진구,자양번영로3나길 일대 가로주택정비사업,조합설립인가,high,D,district_area_sqm,정비구역 면적,"2,307.5",비교 매트릭스 공식 수치,source_link_required,,,,,,,,,,,,,,,,,,,,,,"recordCode, noticeCode, 고시번호, 원문 파일 연결을 먼저 확정",P0,connect_recordcode_original_notice,18,,analysis/source-link-repair-candidates.md; data/cleanup/project-summaries-priority-candidates.json; https://cleanup.seoul.go.kr/cafe/mastr-cleanup-bsnsSumry/execute.do?cafeId=215900001146M77&stepSeCode=102&div=sumry,direct_value_match,정보몽땅 사업개요,"2,307.5",exact,https://cleanup.seoul.go.kr/cafe/mastr-cleanup-bsnsSumry/execute.do?cafeId=215900001146M77&stepSeCode=102&div=sumry,data/cleanup/project-summaries-priority-candidates.json,정보몽땅 사업개요의 구조화 값이 현재값과 일치한다.,official_summary_exact_match_pending_original_notice,project-notes/28-jayang588-22.md
29,28,구의/광진,광진구,자양번영로3나길 일대 가로주택정비사업,조합설립인가,high,D,floor_area_ratio_pct,용적률,295,비교 매트릭스 공식 수치,source_link_required,,,,,,,,,,,,,,,,,,,,,,"recordCode, noticeCode, 고시번호, 원문 파일 연결을 먼저 확정",P0,connect_recordcode_original_notice,18,,analysis/source-link-repair-candidates.md; data/cleanup/project-summaries-priority-candidates.json; https://cleanup.seoul.go.kr/cafe/mastr-cleanup-bsnsSumry/execute.do?cafeId=215900001146M77&stepSeCode=102&div=sumry,direct_value_match,정보몽땅 사업개요,295,exact,https://cleanup.seoul.go.kr/cafe/mastr-cleanup-bsnsSumry/execute.do?cafeId=215900001146M77&stepSeCode=102&div=sumry,data/cleanup/project-summaries-priority-candidates.json,정보몽땅 사업개요의 구조화 값이 현재값과 일치한다.,official_summary_exact_match_pending_original_notice,project-notes/28-jayang588-22.md
30,15,강남,강남구,압구정한양7차아파트 재건축정비사업조합,조합설립인가,high,B,district_area_sqm,정비구역 면적,"16,437.1",비교 매트릭스 공식 수치,source_link_required,,,,,,,,,,,,,,,,,,,,,,"recordCode, noticeCode, 고시번호, 원문 파일 연결을 먼저 확정",P1,connect_recordcode_original_notice,41,pdf_text_layer,analysis/source-link-repair-candidates.md; data/cleanup/project-summaries-priority-candidates.json; https://cleanup.seoul.go.kr/cafe/mastr-cleanup-bsnsSumry/execute.do?cafeId=680100003000s45&stepSeCode=102&div=sumry; data/urban/text/files/15-11000NTC202312010004-15-11000NTC202312010004-notice_file-서울특별시_제2023-516호_고시.txt,direct_value_match,정보몽땅 사업개요,"16,437.1",exact,https://cleanup.seoul.go.kr/cafe/mastr-cleanup-bsnsSumry/execute.do?cafeId=680100003000s45&stepSeCode=102&div=sumry,data/cleanup/project-summaries-priority-candidates.json,정보몽땅 사업개요의 구조화 값이 현재값과 일치한다.,official_summary_exact_match_pending_original_notice,project-notes/15-hanyang7.md
31,15,강남,강남구,압구정한양7차아파트 재건축정비사업조합,조합설립인가,high,B,notice_no,고시번호,2023-516,고시 상세 구조화 필드,source_link_required,,,,,,,,,,,,,,,,,,,,,,"recordCode, noticeCode, 고시번호, 원문 파일 연결을 먼저 확정",P1,connect_recordcode_original_notice,41,pdf_text_layer,analysis/source-link-repair-candidates.md; data/urban/text/files/15-11000NTC202312010004-15-11000NTC202312010004-notice_file-서울특별시_제2023-516호_고시.txt,direct_value_match,로컬 고시 텍스트,2023-516,exact,,data/urban/text/files/15-11000NTC202312010004-15-11000NTC202312010004-notice_file-서울특별시_제2023-516호_고시.txt,현재 큐에 연결된 로컬 고시 텍스트의 파일명 또는 본문에서 고시번호/고시일이 현재값과 일치한다. recordCode 또는 원문 URL 보강은 계속 필요하다.,official_summary_exact_match_pending_original_notice,project-notes/15-hanyang7.md
32,17,잠실/송파,송파구,송파한양2차아파트 재건축정비사업 조합,조합설립인가,high,B,max_height_m,최고높이,96,비교 매트릭스 공식 수치,source_link_required,,,,,,,,,,,,,,,,,source_image_not_suitable_for_current_value,가락아파트지구 용도지구 및 개발기본계획 변경 고시 이미지,이미지는 가락아파트지구 용도지구 변경 및 일반 높이 계획을 보여줌,송파한양2차 장부 최고높이 130m는 해당 이미지에서 직접 확인되지 않음,OCR 스니펫의 숫자 근접 매칭만으로 장부 높이를 확정할 수 없어 원문 연결 병목으로 재분류한다.,송파한양2차 최고높이 130m는 별도 건축심의/정비계획 원문에서 다시 연결,P1,verify_ocr_numbers,35,pdf_ocr; pdf_ocr,analysis/ocr-image-review-decisions.md; data/urban/text/files/17-11000NTC202506170006-17-11000NTC202506170006-business-notice_file-서울특별시_제2025-239호_고시.txt,candidate_value_mismatch,정보몽땅 사업개요,130,mismatch,https://cleanup.seoul.go.kr/cafe/mastr-cleanup-bsnsSumry/execute.do?cafeId=710900000132y43&stepSeCode=102&div=sumry,data/cleanup/project-summaries-priority-candidates.json,정보몽땅 사업개요 값이 현재값과 다르다. 기준일 또는 필드 정의 확인 필요.,,project-notes/17-songpa2.md
33,24,구의/광진,광진구,워커힐아파트1단지 재건축정비사업 조합설립추진위원회,추진위원회승인,high,C,district_area_sqm,정비구역 면적,"89,878",비교 매트릭스 공식 수치,source_link_required,,,,,,,,,,,,,,,,,,,,,,"recordCode, noticeCode, 고시번호, 원문 파일 연결을 먼저 확정",P1,connect_recordcode_original_notice,42,pdf_text_layer; pdf_text_layer; pdf_text_layer; hwpx_zip_xml; hwp5_body_stream,analysis/source-link-repair-candidates.md; data/cleanup/project-summaries-priority-candidates.json; https://cleanup.seoul.go.kr/cafe/mastr-cleanup-bsnsSumry/execute.do?cafeId=215900001363i54&stepSeCode=101&div=sumry; data/urban/text/gwangjin-gu/files/24-B0000378-16413-1-24-B0000378-16413-gwangjin-gu-1-붙임2-주민의견제출서.txt; data/urban/text/gwangjin-gu/files/24-B0000378-16413-2-24-B0000378-16413-gwangjin-gu-2-붙임1-워커힐아파트-일대-도시관리계획수립-전략환경영향평가-항목-범위-등의-결정내용.txt; data/urban/text/gwangjin-gu/files/24-B0000378-16413-3-24-B0000378-16413-gwangjin-gu-3-공고문.txt; data/urban/text/gwangjin-gu/files/24-B0000378-16096-1-24-B0000378-16096-gwangjin-gu-1-공고문.txt; data/urban/text/gwangjin-gu/files/24-B0000378-16096-2-24-B0000378-16096-gwangjin-gu-2-공람의견서-서식.txt,direct_value_match,정보몽땅 사업개요,"89,878",exact,https://cleanup.seoul.go.kr/cafe/mastr-cleanup-bsnsSumry/execute.do?cafeId=215900001363i54&stepSeCode=101&div=sumry,data/cleanup/project-summaries-priority-candidates.json,정보몽땅 사업개요의 구조화 값이 현재값과 일치한다.,official_summary_exact_match_pending_original_notice,project-notes/24-walkerhill1.md
34,18,잠실/송파,송파구,송파미성아파트 재건축정비사업조합,조합설립인가,watch,B,total_households,총 세대수,810,비교 매트릭스 공식 수치,source_value_fill_missing_required,fills_missing_matrix_value,promote_or_confirm,810세대,high,현재 공란인 총 세대수의 원문 확인 후보로 기록하되 건축위원회 최종 결정 가능성 주석 유지,"주택공급계획에 810세대가 표시되며, 세대수는 건축위원회 심의에서 최종 결정된다는 단서가 붙어 있다.",,,,,,,,,,,,,,,,현재 공란인 총 세대수의 원문 확인 후보로 기록하되 건축위원회 최종 결정 가능성 주석 유지,,,,pdf_text_layer; pdf_text_layer,analysis/songpa-notice-value-corroboration.md; data/urban/text/files/18-11710NTC202104230008-18-11710NTC202104230008-notice_file-서울특별시_2021-146호_고시.txt,,,,,,,,,project-notes/18-songpams.md
35,9,잠실/송파,송파구,잠실우성4차 주택재건축정비사업조합,관리처분인가,very_high,B,management_construction_cost,관리처분 공사비,,원문 텍스트 추출 결과,management_stage_followup_needed,,,,,,,public_stage_value_missing,관리처분 별첨 또는 조합 공개표에서 공사비 보강,"정보몽땅 공개항목의 별첨 원문, 최신 변경고시, 관리처분 인가 고시 원문",,,,,,,,,,,,,"관리처분 별첨 또는 조합 공개표에서 공사비 보강 / 정보몽땅 공개항목의 별첨 원문, 최신 변경고시, 관리처분 인가 고시 원문",P0,resolve_stage_value_conflict,8,pdf_text_layer; pdf_text_layer; pdf_text_layer,analysis/management-stage-value-resolution.md; analysis/management-stage-fact-check.md; data/urban/text/files/09-11000NTC201707068193-09-11000NTC201707068193-notice_file-서울특별시2017-239.txt,,,,,,,,,project-notes/09-tw2w7iwv.md
36,5,잠실/송파,송파구,"장미1,2,3차아파트 주택재건축정비사업 조합",조합설립인가,very_high,B,notice_date,고시일,,원문 텍스트 추출 결과,value_missing,,,,,,,,,,,,,,,,,,,,,,공식 원문 또는 정보몽땅 공개항목에서 값을 보강하거나 미공개 사유를 기록,P0,connect_recordcode_original_notice,15,pdf_text_layer,data/urban/text/files/05-11000NTC202505290003-05-11000NTC202505290003-notice_file-서울특별시_제2025-278호_고시.txt,,,,,,,,,project-notes/05-jmapt1.md
37,3,잠실/송파,송파구,잠실우성아파트 재건축정비사업조합,조합설립인가,very_high,B,total_households,총 세대수,,원문 텍스트 추출 결과,value_missing,,,,,,,,,,,,,,,,,,,,,,공식 원문 또는 정보몽땅 공개항목에서 값을 보강하거나 미공개 사유를 기록,P1,fill_missing_core_fields,38,hwp5_body_stream,data/urban/text/files/03-11000NTC201512177681-03-11000NTC201512177681-notice_file-서울특별시2015-401.txt,,,,,,,,,project-notes/03-q1qk5nf6.md
38,5,잠실/송파,송파구,"장미1,2,3차아파트 주택재건축정비사업 조합",조합설립인가,very_high,B,building_coverage_ratio_pct,건폐율,,원문 텍스트 추출 결과,value_missing,,,,,,,,,,,,,,,,,,,,,,공식 원문 또는 정보몽땅 공개항목에서 값을 보강하거나 미공개 사유를 기록,P1,fill_missing_core_fields,23,pdf_text_layer,data/urban/text/files/05-11000NTC202505290003-05-11000NTC202505290003-notice_file-서울특별시_제2025-278호_고시.txt,,,,,,,,,project-notes/05-jmapt1.md
39,5,잠실/송파,송파구,"장미1,2,3차아파트 주택재건축정비사업 조합",조합설립인가,very_high,B,floors,층수,,원문 텍스트 추출 결과,value_missing,,,,,,,,,,,,,,,,,,,,,,공식 원문 또는 정보몽땅 공개항목에서 값을 보강하거나 미공개 사유를 기록,P1,fill_missing_core_fields,23,pdf_text_layer,data/urban/text/files/05-11000NTC202505290003-05-11000NTC202505290003-notice_file-서울특별시_제2025-278호_고시.txt,,,,,,,,,project-notes/05-jmapt1.md
40,5,잠실/송파,송파구,"장미1,2,3차아파트 주택재건축정비사업 조합",조합설립인가,very_high,B,max_height_m,최고높이,,원문 텍스트 추출 결과,value_missing,,,,,,,,,,,,,,,,,,,,,,공식 원문 또는 정보몽땅 공개항목에서 값을 보강하거나 미공개 사유를 기록,P1,fill_missing_core_fields,23,pdf_text_layer,data/urban/text/files/05-11000NTC202505290003-05-11000NTC202505290003-notice_file-서울특별시_제2025-278호_고시.txt,,,,,,,,,project-notes/05-jmapt1.md
41,5,잠실/송파,송파구,"장미1,2,3차아파트 주택재건축정비사업 조합",조합설립인가,very_high,B,total_households,총 세대수,,원문 텍스트 추출 결과,value_missing,,,,,,,,,,,,,,,,,,,,,,공식 원문 또는 정보몽땅 공개항목에서 값을 보강하거나 미공개 사유를 기록,P1,fill_missing_core_fields,23,pdf_text_layer,data/urban/text/files/05-11000NTC202505290003-05-11000NTC202505290003-notice_file-서울특별시_제2025-278호_고시.txt,,,,,,,,,project-notes/05-jmapt1.md
42,23,구의/광진,광진구,광장동 삼성1차아파트 소규모재건축정비사업,조합설립인가,high,D,notice_date,고시일,,서울도시공간포털 고시 상세,value_missing,,,,,,,,,,,,,,,,,,,,,,공식 원문 또는 정보몽땅 공개항목에서 값을 보강하거나 미공개 사유를 기록,P0,connect_recordcode_original_notice,17,,,,,,,,,,,project-notes/23-j15171517.md
43,23,구의/광진,광진구,광장동 삼성1차아파트 소규모재건축정비사업,조합설립인가,high,D,notice_no,고시번호,,서울도시공간포털 고시 상세,value_missing,,,,,,,,,,,,,,,,,,,,,,공식 원문 또는 정보몽땅 공개항목에서 값을 보강하거나 미공개 사유를 기록,P0,connect_recordcode_original_notice,17,,,,,,,,,,,project-notes/23-j15171517.md
44,28,구의/광진,광진구,자양번영로3나길 일대 가로주택정비사업,조합설립인가,high,D,notice_date,고시일,,서울도시공간포털 고시 상세,value_missing,,,,,,,,,,,,,,,,,,,,,,공식 원문 또는 정보몽땅 공개항목에서 값을 보강하거나 미공개 사유를 기록,P0,connect_recordcode_original_notice,18,,,,,,,,,,,project-notes/28-jayang588-22.md
45,28,구의/광진,광진구,자양번영로3나길 일대 가로주택정비사업,조합설립인가,high,D,notice_no,고시번호,,서울도시공간포털 고시 상세,value_missing,,,,,,,,,,,,,,,,,,,,,,공식 원문 또는 정보몽땅 공개항목에서 값을 보강하거나 미공개 사유를 기록,P0,connect_recordcode_original_notice,18,,,,,,,,,,,project-notes/28-jayang588-22.md
46,9,잠실/송파,송파구,잠실우성4차 주택재건축정비사업조합,관리처분인가,very_high,B,promotion_committee_approval_date,추진위원회 승인일,,원문 텍스트 추출 결과,value_missing,,,,,,,,,,,,,,,,,,,,,,공식 원문 또는 정보몽땅 공개항목에서 값을 보강하거나 미공개 사유를 기록,,,,pdf_text_layer; pdf_text_layer; pdf_text_layer,data/urban/text/files/09-11000NTC201707068193-09-11000NTC201707068193-notice_file-서울특별시2017-239.txt,,,,,,,,,project-notes/09-tw2w7iwv.md
47,9,잠실/송파,송파구,잠실우성4차 주택재건축정비사업조합,관리처분인가,very_high,B,stage_consent_rate_pct,단계 공개 동의율,,원문 텍스트 추출 결과,value_missing,,,,,,,,,,,,,,,,,,,,,,공식 원문 또는 정보몽땅 공개항목에서 값을 보강하거나 미공개 사유를 기록,,,,pdf_text_layer; pdf_text_layer; pdf_text_layer,data/urban/text/files/09-11000NTC201707068193-09-11000NTC201707068193-notice_file-서울특별시2017-239.txt,,,,,,,,,project-notes/09-tw2w7iwv.md
48,13,구의/광진,광진구,자양제7구역 주택재건축정비사업 조합,조합설립인가,very_high,A,promotion_committee_approval_date,추진위원회 승인일,,원문 텍스트 추출 결과,value_missing,,,,,,,,,,,,,,,,,,,,,,공식 원문 또는 정보몽땅 공개항목에서 값을 보강하거나 미공개 사유를 기록,,,,hwp5_body_stream,data/urban/text/files/13-11000NTC201808300002-13-11000NTC201808300002-notice_file-서울특별시2018-268.txt,,,,,,,,,project-notes/13-jayang7.md
49,13,구의/광진,광진구,자양제7구역 주택재건축정비사업 조합,조합설립인가,very_high,A,stage_consent_rate_pct,단계 공개 동의율,,원문 텍스트 추출 결과,value_missing,,,,,,,,,,,,,,,,,,,,,,공식 원문 또는 정보몽땅 공개항목에서 값을 보강하거나 미공개 사유를 기록,,,,hwp5_body_stream,data/urban/text/files/13-11000NTC201808300002-13-11000NTC201808300002-notice_file-서울특별시2018-268.txt,,,,,,,,,project-notes/13-jayang7.md
50,13,구의/광진,광진구,자양제7구역 주택재건축정비사업 조합,조합설립인가,very_high,A,union_approval_date,조합설립인가일,,원문 텍스트 추출 결과,value_missing,,,,,,,,,,,,,,,,,,,,,,공식 원문 또는 정보몽땅 공개항목에서 값을 보강하거나 미공개 사유를 기록,,,,hwp5_body_stream,data/urban/text/files/13-11000NTC201808300002-13-11000NTC201808300002-notice_file-서울특별시2018-268.txt,,,,,,,,,project-notes/13-jayang7.md
51,15,강남,강남구,압구정한양7차아파트 재건축정비사업조합,조합설립인가,high,B,notice_date,고시일,,원문 텍스트 추출 결과,value_missing,,,,,,,,,,,,,,,,,,,,,,공식 원문 또는 정보몽땅 공개항목에서 값을 보강하거나 미공개 사유를 기록,P1,connect_recordcode_original_notice,41,pdf_text_layer,data/urban/text/files/15-11000NTC202312010004-15-11000NTC202312010004-notice_file-서울특별시_제2023-516호_고시.txt,,,,,,,,,project-notes/15-hanyang7.md
52,16,잠실/송파,송파구,가락1차현대아파트 재건축정비사업 조합,사업시행인가,very_high,B,stage_consent_rate_pct,단계 공개 동의율,,원문 텍스트 추출 결과,value_missing,,,,,,,,,,,,,,,,,,,,,,공식 원문 또는 정보몽땅 공개항목에서 값을 보강하거나 미공개 사유를 기록,,,,pdf_ocr,data/urban/text/files/16-11000NTC202105100001-16-11000NTC202105100001-notice_file-송파구_2021-88호_고시.txt,,,,,,,,,project-notes/16-hyundai.md
53,24,구의/광진,광진구,워커힐아파트1단지 재건축정비사업 조합설립추진위원회,추진위원회승인,high,C,notice_date,고시일,,원문 텍스트 추출 결과,value_missing,,,,,,,,,,,,,,,,,,,,,,공식 원문 또는 정보몽땅 공개항목에서 값을 보강하거나 미공개 사유를 기록,P1,connect_recordcode_original_notice,42,pdf_text_layer; pdf_text_layer; pdf_text_layer; hwpx_zip_xml; hwp5_body_stream,data/urban/text/gwangjin-gu/files/24-B0000378-16413-1-24-B0000378-16413-gwangjin-gu-1-붙임2-주민의견제출서.txt; data/urban/text/gwangjin-gu/files/24-B0000378-16413-2-24-B0000378-16413-gwangjin-gu-2-붙임1-워커힐아파트-일대-도시관리계획수립-전략환경영향평가-항목-범위-등의-결정내용.txt; data/urban/text/gwangjin-gu/files/24-B0000378-16413-3-24-B0000378-16413-gwangjin-gu-3-공고문.txt; data/urban/text/gwangjin-gu/files/24-B0000378-16096-1-24-B0000378-16096-gwangjin-gu-1-공고문.txt; data/urban/text/gwangjin-gu/files/24-B0000378-16096-2-24-B0000378-16096-gwangjin-gu-2-공람의견서-서식.txt,,,,,,,,,project-notes/24-walkerhill1.md
54,24,구의/광진,광진구,워커힐아파트1단지 재건축정비사업 조합설립추진위원회,추진위원회승인,high,C,notice_no,고시번호,,원문 텍스트 추출 결과,value_missing,,,,,,,,,,,,,,,,,,,,,,공식 원문 또는 정보몽땅 공개항목에서 값을 보강하거나 미공개 사유를 기록,P1,connect_recordcode_original_notice,42,pdf_text_layer; pdf_text_layer; pdf_text_layer; hwpx_zip_xml; hwp5_body_stream,data/urban/text/gwangjin-gu/files/24-B0000378-16413-1-24-B0000378-16413-gwangjin-gu-1-붙임2-주민의견제출서.txt; data/urban/text/gwangjin-gu/files/24-B0000378-16413-2-24-B0000378-16413-gwangjin-gu-2-붙임1-워커힐아파트-일대-도시관리계획수립-전략환경영향평가-항목-범위-등의-결정내용.txt; data/urban/text/gwangjin-gu/files/24-B0000378-16413-3-24-B0000378-16413-gwangjin-gu-3-공고문.txt; data/urban/text/gwangjin-gu/files/24-B0000378-16096-1-24-B0000378-16096-gwangjin-gu-1-공고문.txt; data/urban/text/gwangjin-gu/files/24-B0000378-16096-2-24-B0000378-16096-gwangjin-gu-2-공람의견서-서식.txt,,,,,,,,,project-notes/24-walkerhill1.md
55,26,구의/광진,광진구,자양한양아파트 재건축정비사업,추진위원회승인,very_high,B,promotion_committee_approval_date,추진위원회 승인일,,원문 텍스트 추출 결과,value_missing,,,,,,,,,,,,,,,,,,,,,,공식 원문 또는 정보몽땅 공개항목에서 값을 보강하거나 미공개 사유를 기록,,,,pdf_text_layer,data/urban/text/files/26-11215NTC202406040002-26-11215NTC202406040002-notice_file-서울특별시_제2024-267호_고시.txt,,,,,,,,,project-notes/26-jyhy2024.md
56,26,구의/광진,광진구,자양한양아파트 재건축정비사업,추진위원회승인,very_high,B,stage_consent_rate_pct,단계 공개 동의율,,원문 텍스트 추출 결과,value_missing,,,,,,,,,,,,,,,,,,,,,,공식 원문 또는 정보몽땅 공개항목에서 값을 보강하거나 미공개 사유를 기록,,,,pdf_text_layer,data/urban/text/files/26-11215NTC202406040002-26-11215NTC202406040002-notice_file-서울특별시_제2024-267호_고시.txt,,,,,,,,,project-notes/26-jyhy2024.md
57,29,구의/광진,광진구,자양1의4구역 가로주택정비사업,조합설립인가,high,C,notice_date,고시일,,원문 텍스트 추출 결과,value_missing,,,,,,,,,,,,,,,,,,,,,,공식 원문 또는 정보몽땅 공개항목에서 값을 보강하거나 미공개 사유를 기록,P1,connect_recordcode_original_notice,43,pdf_ocr; pdf_ocr; hwpx_zip_xml,data/urban/text/gwangjin-gu/files/29-B0000003-6357990-1-29-B0000003-6357990-gwangjin-gu-1-직인날인-조합설립-변경-인가-공고문.txt; data/urban/text/gwangjin-gu/files/29-B0000003-6353195-1-29-B0000003-6353195-gwangjin-gu-1-공람공고문-안.txt; data/urban/text/gwangjin-gu/files/29-B0000003-6353195-2-29-B0000003-6353195-gwangjin-gu-2-공람의견서.txt,,,,,,,,,project-notes/29-jayang104.md
58,29,구의/광진,광진구,자양1의4구역 가로주택정비사업,조합설립인가,high,C,notice_no,고시번호,,원문 텍스트 추출 결과,value_missing,,,,,,,,,,,,,,,,,,,,,,공식 원문 또는 정보몽땅 공개항목에서 값을 보강하거나 미공개 사유를 기록,P1,connect_recordcode_original_notice,43,pdf_ocr; pdf_ocr; hwpx_zip_xml,data/urban/text/gwangjin-gu/files/29-B0000003-6357990-1-29-B0000003-6357990-gwangjin-gu-1-직인날인-조합설립-변경-인가-공고문.txt; data/urban/text/gwangjin-gu/files/29-B0000003-6353195-1-29-B0000003-6353195-gwangjin-gu-1-공람공고문-안.txt; data/urban/text/gwangjin-gu/files/29-B0000003-6353195-2-29-B0000003-6353195-gwangjin-gu-2-공람의견서.txt,,,,,,,,,project-notes/29-jayang104.md
59,7,강남,강남구,대치쌍용2차아파트 주택재건축정비사업조합,사업시행인가,high,B,project_approval_date,사업시행인가일,,원문 텍스트 추출 결과,value_missing,,,,,,,,,,,,,,,,,,,,,,공식 원문 또는 정보몽땅 공개항목에서 값을 보강하거나 미공개 사유를 기록,,,,pdf_ocr,data/urban/text/files/07-11000NTC201707138200-07-11000NTC201707138200-notice_file-강남구2017-99.txt,,,,,,,,,project-notes/07-ssang2.md
60,7,강남,강남구,대치쌍용2차아파트 주택재건축정비사업조합,사업시행인가,high,B,promotion_committee_approval_date,추진위원회 승인일,,원문 텍스트 추출 결과,value_missing,,,,,,,,,,,,,,,,,,,,,,공식 원문 또는 정보몽땅 공개항목에서 값을 보강하거나 미공개 사유를 기록,,,,pdf_ocr,data/urban/text/files/07-11000NTC201707138200-07-11000NTC201707138200-notice_file-강남구2017-99.txt,,,,,,,,,project-notes/07-ssang2.md
61,7,강남,강남구,대치쌍용2차아파트 주택재건축정비사업조합,사업시행인가,high,B,stage_consent_rate_pct,단계 공개 동의율,,원문 텍스트 추출 결과,value_missing,,,,,,,,,,,,,,,,,,,,,,공식 원문 또는 정보몽땅 공개항목에서 값을 보강하거나 미공개 사유를 기록,,,,pdf_ocr,data/urban/text/files/07-11000NTC201707138200-07-11000NTC201707138200-notice_file-강남구2017-99.txt,,,,,,,,,project-notes/07-ssang2.md
62,7,강남,강남구,대치쌍용2차아파트 주택재건축정비사업조합,사업시행인가,high,B,union_approval_date,조합설립인가일,,원문 텍스트 추출 결과,value_missing,,,,,,,,,,,,,,,,,,,,,,공식 원문 또는 정보몽땅 공개항목에서 값을 보강하거나 미공개 사유를 기록,,,,pdf_ocr,data/urban/text/files/07-11000NTC201707138200-07-11000NTC201707138200-notice_file-강남구2017-99.txt,,,,,,,,,project-notes/07-ssang2.md
63,8,강남,강남구,대치쌍용1차아파트 주택재건축정비사업조합,사업시행인가,high,B,project_approval_date,사업시행인가일,,원문 텍스트 추출 결과,value_missing,,,,,,,,,,,,,,,,,,,,,,공식 원문 또는 정보몽땅 공개항목에서 값을 보강하거나 미공개 사유를 기록,,,,pdf_text_layer; pdf_text_layer; pdf_text_layer,data/urban/text/files/08-11680NTC202112010001-08-11680NTC202112010001-business-notice_file-강남구_2021-203호_고시.txt,,,,,,,,,project-notes/08-ssang1.md
64,8,강남,강남구,대치쌍용1차아파트 주택재건축정비사업조합,사업시행인가,high,B,promotion_committee_approval_date,추진위원회 승인일,,원문 텍스트 추출 결과,value_missing,,,,,,,,,,,,,,,,,,,,,,공식 원문 또는 정보몽땅 공개항목에서 값을 보강하거나 미공개 사유를 기록,,,,pdf_text_layer; pdf_text_layer; pdf_text_layer,data/urban/text/files/08-11680NTC202112010001-08-11680NTC202112010001-business-notice_file-강남구_2021-203호_고시.txt,,,,,,,,,project-notes/08-ssang1.md
65,8,강남,강남구,대치쌍용1차아파트 주택재건축정비사업조합,사업시행인가,high,B,stage_consent_rate_pct,단계 공개 동의율,,원문 텍스트 추출 결과,value_missing,,,,,,,,,,,,,,,,,,,,,,공식 원문 또는 정보몽땅 공개항목에서 값을 보강하거나 미공개 사유를 기록,,,,pdf_text_layer; pdf_text_layer; pdf_text_layer,data/urban/text/files/08-11680NTC202112010001-08-11680NTC202112010001-business-notice_file-강남구_2021-203호_고시.txt,,,,,,,,,project-notes/08-ssang1.md
66,8,강남,강남구,대치쌍용1차아파트 주택재건축정비사업조합,사업시행인가,high,B,total_households,총 세대수,,원문 텍스트 추출 결과,value_missing,,,,,,,,,,,,,,,,,,,,,,공식 원문 또는 정보몽땅 공개항목에서 값을 보강하거나 미공개 사유를 기록,P3,fill_missing_core_fields,53,pdf_text_layer; pdf_text_layer; pdf_text_layer,data/urban/text/files/08-11680NTC202112010001-08-11680NTC202112010001-business-notice_file-강남구_2021-203호_고시.txt,,,,,,,,,project-notes/08-ssang1.md
67,8,강남,강남구,대치쌍용1차아파트 주택재건축정비사업조합,사업시행인가,high,B,union_approval_date,조합설립인가일,,원문 텍스트 추출 결과,value_missing,,,,,,,,,,,,,,,,,,,,,,공식 원문 또는 정보몽땅 공개항목에서 값을 보강하거나 미공개 사유를 기록,,,,pdf_text_layer; pdf_text_layer; pdf_text_layer,data/urban/text/files/08-11680NTC202112010001-08-11680NTC202112010001-business-notice_file-강남구_2021-203호_고시.txt,,,,,,,,,project-notes/08-ssang1.md
68,11,강남,강남구,압구정아파트지구 특별계획구역4,조합설립인가,high,B,promotion_committee_approval_date,추진위원회 승인일,,원문 텍스트 추출 결과,value_missing,,,,,,,,,,,,,,,,,,,,,,공식 원문 또는 정보몽땅 공개항목에서 값을 보강하거나 미공개 사유를 기록,,,,pdf_text_layer,data/urban/text/files/11-11000NTC202312010004-11-11000NTC202312010004-notice_file-서울특별시_제2023-516호_고시.txt,,,,,,,,,project-notes/11-apgujeong4.md
69,11,강남,강남구,압구정아파트지구 특별계획구역4,조합설립인가,high,B,stage_consent_rate_pct,단계 공개 동의율,,원문 텍스트 추출 결과,value_missing,,,,,,,,,,,,,,,,,,,,,,공식 원문 또는 정보몽땅 공개항목에서 값을 보강하거나 미공개 사유를 기록,,,,pdf_text_layer,data/urban/text/files/11-11000NTC202312010004-11-11000NTC202312010004-notice_file-서울특별시_제2023-516호_고시.txt,,,,,,,,,project-notes/11-apgujeong4.md
70,11,강남,강남구,압구정아파트지구 특별계획구역4,조합설립인가,high,B,total_households,총 세대수,,원문 텍스트 추출 결과,value_missing,,,,,,,,,,,,,,,,,,,,,,공식 원문 또는 정보몽땅 공개항목에서 값을 보강하거나 미공개 사유를 기록,P3,fill_missing_core_fields,54,pdf_text_layer,data/urban/text/files/11-11000NTC202312010004-11-11000NTC202312010004-notice_file-서울특별시_제2023-516호_고시.txt,,,,,,,,,project-notes/11-apgujeong4.md
71,11,강남,강남구,압구정아파트지구 특별계획구역4,조합설립인가,high,B,union_approval_date,조합설립인가일,,원문 텍스트 추출 결과,value_missing,,,,,,,,,,,,,,,,,,,,,,공식 원문 또는 정보몽땅 공개항목에서 값을 보강하거나 미공개 사유를 기록,,,,pdf_text_layer,data/urban/text/files/11-11000NTC202312010004-11-11000NTC202312010004-notice_file-서울특별시_제2023-516호_고시.txt,,,,,,,,,project-notes/11-apgujeong4.md
72,12,강남,강남구,압구정아파트지구 특별계획구역5 재건축정비사업조합,조합설립인가,high,B,building_coverage_ratio_pct,건폐율,,원문 텍스트 추출 결과,value_missing,,,,,,,,,,,,,,,,,,,,,,공식 원문 또는 정보몽땅 공개항목에서 값을 보강하거나 미공개 사유를 기록,P3,fill_missing_core_fields,48,pdf_text_layer,data/urban/text/files/12-11000NTC202312010004-12-11000NTC202312010004-notice_file-서울특별시_제2023-516호_고시.txt,,,,,,,,,project-notes/12-apgujeong5.md
73,12,강남,강남구,압구정아파트지구 특별계획구역5 재건축정비사업조합,조합설립인가,high,B,floor_area_ratio_pct,용적률,,원문 텍스트 추출 결과,value_missing,,,,,,,,,,,,,,,,,,,,,,공식 원문 또는 정보몽땅 공개항목에서 값을 보강하거나 미공개 사유를 기록,P3,fill_missing_core_fields,48,pdf_text_layer,data/urban/text/files/12-11000NTC202312010004-12-11000NTC202312010004-notice_file-서울특별시_제2023-516호_고시.txt,,,,,,,,,project-notes/12-apgujeong5.md
74,12,강남,강남구,압구정아파트지구 특별계획구역5 재건축정비사업조합,조합설립인가,high,B,floors,층수,,원문 텍스트 추출 결과,value_missing,,,,,,,,,,,,,,,,,,,,,,공식 원문 또는 정보몽땅 공개항목에서 값을 보강하거나 미공개 사유를 기록,P3,fill_missing_core_fields,48,pdf_text_layer,data/urban/text/files/12-11000NTC202312010004-12-11000NTC202312010004-notice_file-서울특별시_제2023-516호_고시.txt,,,,,,,,,project-notes/12-apgujeong5.md
75,12,강남,강남구,압구정아파트지구 특별계획구역5 재건축정비사업조합,조합설립인가,high,B,max_height_m,최고높이,,원문 텍스트 추출 결과,value_missing,,,,,,,,,,,,,,,,,,,,,,공식 원문 또는 정보몽땅 공개항목에서 값을 보강하거나 미공개 사유를 기록,P3,fill_missing_core_fields,48,pdf_text_layer,data/urban/text/files/12-11000NTC202312010004-12-11000NTC202312010004-notice_file-서울특별시_제2023-516호_고시.txt,,,,,,,,,project-notes/12-apgujeong5.md
76,12,강남,강남구,압구정아파트지구 특별계획구역5 재건축정비사업조합,조합설립인가,high,B,promotion_committee_approval_date,추진위원회 승인일,,원문 텍스트 추출 결과,value_missing,,,,,,,,,,,,,,,,,,,,,,공식 원문 또는 정보몽땅 공개항목에서 값을 보강하거나 미공개 사유를 기록,,,,pdf_text_layer,data/urban/text/files/12-11000NTC202312010004-12-11000NTC202312010004-notice_file-서울특별시_제2023-516호_고시.txt,,,,,,,,,project-notes/12-apgujeong5.md
77,12,강남,강남구,압구정아파트지구 특별계획구역5 재건축정비사업조합,조합설립인가,high,B,stage_consent_rate_pct,단계 공개 동의율,,원문 텍스트 추출 결과,value_missing,,,,,,,,,,,,,,,,,,,,,,공식 원문 또는 정보몽땅 공개항목에서 값을 보강하거나 미공개 사유를 기록,,,,pdf_text_layer,data/urban/text/files/12-11000NTC202312010004-12-11000NTC202312010004-notice_file-서울특별시_제2023-516호_고시.txt,,,,,,,,,project-notes/12-apgujeong5.md
78,12,강남,강남구,압구정아파트지구 특별계획구역5 재건축정비사업조합,조합설립인가,high,B,total_households,총 세대수,,원문 텍스트 추출 결과,value_missing,,,,,,,,,,,,,,,,,,,,,,공식 원문 또는 정보몽땅 공개항목에서 값을 보강하거나 미공개 사유를 기록,P3,fill_missing_core_fields,48,pdf_text_layer,data/urban/text/files/12-11000NTC202312010004-12-11000NTC202312010004-notice_file-서울특별시_제2023-516호_고시.txt,,,,,,,,,project-notes/12-apgujeong5.md
79,12,강남,강남구,압구정아파트지구 특별계획구역5 재건축정비사업조합,조합설립인가,high,B,union_approval_date,조합설립인가일,,원문 텍스트 추출 결과,value_missing,,,,,,,,,,,,,,,,,,,,,,공식 원문 또는 정보몽땅 공개항목에서 값을 보강하거나 미공개 사유를 기록,,,,pdf_text_layer,data/urban/text/files/12-11000NTC202312010004-12-11000NTC202312010004-notice_file-서울특별시_제2023-516호_고시.txt,,,,,,,,,project-notes/12-apgujeong5.md
80,15,강남,강남구,압구정한양7차아파트 재건축정비사업조합,조합설립인가,high,B,building_coverage_ratio_pct,건폐율,,원문 텍스트 추출 결과,value_missing,,,,,,,,,,,,,,,,,,,,,,공식 원문 또는 정보몽땅 공개항목에서 값을 보강하거나 미공개 사유를 기록,P3,fill_missing_core_fields,49,pdf_text_layer,data/urban/text/files/15-11000NTC202312010004-15-11000NTC202312010004-notice_file-서울특별시_제2023-516호_고시.txt,,,,,,,,,project-notes/15-hanyang7.md
81,15,강남,강남구,압구정한양7차아파트 재건축정비사업조합,조합설립인가,high,B,floor_area_ratio_pct,용적률,,원문 텍스트 추출 결과,value_missing,,,,,,,,,,,,,,,,,,,,,,공식 원문 또는 정보몽땅 공개항목에서 값을 보강하거나 미공개 사유를 기록,P3,fill_missing_core_fields,49,pdf_text_layer,data/urban/text/files/15-11000NTC202312010004-15-11000NTC202312010004-notice_file-서울특별시_제2023-516호_고시.txt,,,,,,,,,project-notes/15-hanyang7.md
82,15,강남,강남구,압구정한양7차아파트 재건축정비사업조합,조합설립인가,high,B,floors,층수,,원문 텍스트 추출 결과,value_missing,,,,,,,,,,,,,,,,,,,,,,공식 원문 또는 정보몽땅 공개항목에서 값을 보강하거나 미공개 사유를 기록,P3,fill_missing_core_fields,49,pdf_text_layer,data/urban/text/files/15-11000NTC202312010004-15-11000NTC202312010004-notice_file-서울특별시_제2023-516호_고시.txt,,,,,,,,,project-notes/15-hanyang7.md
83,15,강남,강남구,압구정한양7차아파트 재건축정비사업조합,조합설립인가,high,B,max_height_m,최고높이,,원문 텍스트 추출 결과,value_missing,,,,,,,,,,,,,,,,,,,,,,공식 원문 또는 정보몽땅 공개항목에서 값을 보강하거나 미공개 사유를 기록,P3,fill_missing_core_fields,49,pdf_text_layer,data/urban/text/files/15-11000NTC202312010004-15-11000NTC202312010004-notice_file-서울특별시_제2023-516호_고시.txt,,,,,,,,,project-notes/15-hanyang7.md
84,15,강남,강남구,압구정한양7차아파트 재건축정비사업조합,조합설립인가,high,B,promotion_committee_approval_date,추진위원회 승인일,,원문 텍스트 추출 결과,value_missing,,,,,,,,,,,,,,,,,,,,,,공식 원문 또는 정보몽땅 공개항목에서 값을 보강하거나 미공개 사유를 기록,,,,pdf_text_layer,data/urban/text/files/15-11000NTC202312010004-15-11000NTC202312010004-notice_file-서울특별시_제2023-516호_고시.txt,,,,,,,,,project-notes/15-hanyang7.md
85,15,강남,강남구,압구정한양7차아파트 재건축정비사업조합,조합설립인가,high,B,stage_consent_rate_pct,단계 공개 동의율,,원문 텍스트 추출 결과,value_missing,,,,,,,,,,,,,,,,,,,,,,공식 원문 또는 정보몽땅 공개항목에서 값을 보강하거나 미공개 사유를 기록,,,,pdf_text_layer,data/urban/text/files/15-11000NTC202312010004-15-11000NTC202312010004-notice_file-서울특별시_제2023-516호_고시.txt,,,,,,,,,project-notes/15-hanyang7.md
86,15,강남,강남구,압구정한양7차아파트 재건축정비사업조합,조합설립인가,high,B,total_households,총 세대수,,원문 텍스트 추출 결과,value_missing,,,,,,,,,,,,,,,,,,,,,,공식 원문 또는 정보몽땅 공개항목에서 값을 보강하거나 미공개 사유를 기록,P3,fill_missing_core_fields,49,pdf_text_layer,data/urban/text/files/15-11000NTC202312010004-15-11000NTC202312010004-notice_file-서울특별시_제2023-516호_고시.txt,,,,,,,,,project-notes/15-hanyang7.md
87,15,강남,강남구,압구정한양7차아파트 재건축정비사업조합,조합설립인가,high,B,union_approval_date,조합설립인가일,,원문 텍스트 추출 결과,value_missing,,,,,,,,,,,,,,,,,,,,,,공식 원문 또는 정보몽땅 공개항목에서 값을 보강하거나 미공개 사유를 기록,,,,pdf_text_layer,data/urban/text/files/15-11000NTC202312010004-15-11000NTC202312010004-notice_file-서울특별시_제2023-516호_고시.txt,,,,,,,,,project-notes/15-hanyang7.md
88,17,잠실/송파,송파구,송파한양2차아파트 재건축정비사업 조합,조합설립인가,high,B,promotion_committee_approval_date,추진위원회 승인일,,원문 텍스트 추출 결과,value_missing,,,,,,,,,,,,,,,,,,,,,,공식 원문 또는 정보몽땅 공개항목에서 값을 보강하거나 미공개 사유를 기록,,,,pdf_ocr; pdf_ocr,data/urban/text/files/17-11000NTC202506170006-17-11000NTC202506170006-business-notice_file-서울특별시_제2025-239호_고시.txt,,,,,,,,,project-notes/17-songpa2.md
89,17,잠실/송파,송파구,송파한양2차아파트 재건축정비사업 조합,조합설립인가,high,B,stage_consent_rate_pct,단계 공개 동의율,,원문 텍스트 추출 결과,value_missing,,,,,,,,,,,,,,,,,,,,,,공식 원문 또는 정보몽땅 공개항목에서 값을 보강하거나 미공개 사유를 기록,,,,pdf_ocr; pdf_ocr,data/urban/text/files/17-11000NTC202506170006-17-11000NTC202506170006-business-notice_file-서울특별시_제2025-239호_고시.txt,,,,,,,,,project-notes/17-songpa2.md
90,17,잠실/송파,송파구,송파한양2차아파트 재건축정비사업 조합,조합설립인가,high,B,union_approval_date,조합설립인가일,,원문 텍스트 추출 결과,value_missing,,,,,,,,,,,,,,,,,,,,,,공식 원문 또는 정보몽땅 공개항목에서 값을 보강하거나 미공개 사유를 기록,,,,pdf_ocr; pdf_ocr,data/urban/text/files/17-11000NTC202506170006-17-11000NTC202506170006-business-notice_file-서울특별시_제2025-239호_고시.txt,,,,,,,,,project-notes/17-songpa2.md
91,19,잠실/송파,송파구,대림가락아파트 재건축정비사업조합,조합설립인가,high,B,promotion_committee_approval_date,추진위원회 승인일,,원문 텍스트 추출 결과,value_missing,,,,,,,,,,,,,,,,,,,,,,공식 원문 또는 정보몽땅 공개항목에서 값을 보강하거나 미공개 사유를 기록,,,,pdf_ocr,data/urban/text/files/19-11000NTC202111260001-19-11000NTC202111260001-notice_file-서울특별시_2021-551호_고시.txt,,,,,,,,,project-notes/19-daelim.md
92,19,잠실/송파,송파구,대림가락아파트 재건축정비사업조합,조합설립인가,high,B,stage_consent_rate_pct,단계 공개 동의율,,원문 텍스트 추출 결과,value_missing,,,,,,,,,,,,,,,,,,,,,,공식 원문 또는 정보몽땅 공개항목에서 값을 보강하거나 미공개 사유를 기록,,,,pdf_ocr,data/urban/text/files/19-11000NTC202111260001-19-11000NTC202111260001-notice_file-서울특별시_2021-551호_고시.txt,,,,,,,,,project-notes/19-daelim.md
93,19,잠실/송파,송파구,대림가락아파트 재건축정비사업조합,조합설립인가,high,B,union_approval_date,조합설립인가일,,원문 텍스트 추출 결과,value_missing,,,,,,,,,,,,,,,,,,,,,,공식 원문 또는 정보몽땅 공개항목에서 값을 보강하거나 미공개 사유를 기록,,,,pdf_ocr,data/urban/text/files/19-11000NTC202111260001-19-11000NTC202111260001-notice_file-서울특별시_2021-551호_고시.txt,,,,,,,,,project-notes/19-daelim.md
94,22,구의/광진,광진구,중곡아파트 주택재건축정비사업조합,조합설립인가,high,B,promotion_committee_approval_date,추진위원회 승인일,,원문 텍스트 추출 결과,value_missing,,,,,,,,,,,,,,,,,,,,,,공식 원문 또는 정보몽땅 공개항목에서 값을 보강하거나 미공개 사유를 기록,,,,hwp5_body_stream,data/urban/text/files/22-11000NTC201411137333-22-11000NTC201411137333-notice_file-서울특별시2014-382.txt,,,,,,,,,project-notes/22-junggokapt.md
95,22,구의/광진,광진구,중곡아파트 주택재건축정비사업조합,조합설립인가,high,B,stage_consent_rate_pct,단계 공개 동의율,,원문 텍스트 추출 결과,value_missing,,,,,,,,,,,,,,,,,,,,,,공식 원문 또는 정보몽땅 공개항목에서 값을 보강하거나 미공개 사유를 기록,,,,hwp5_body_stream,data/urban/text/files/22-11000NTC201411137333-22-11000NTC201411137333-notice_file-서울특별시2014-382.txt,,,,,,,,,project-notes/22-junggokapt.md
96,22,구의/광진,광진구,중곡아파트 주택재건축정비사업조합,조합설립인가,high,B,total_households,총 세대수,,원문 텍스트 추출 결과,value_missing,,,,,,,,,,,,,,,,,,,,,,공식 원문 또는 정보몽땅 공개항목에서 값을 보강하거나 미공개 사유를 기록,P3,fill_missing_core_fields,55,hwp5_body_stream,data/urban/text/files/22-11000NTC201411137333-22-11000NTC201411137333-notice_file-서울특별시2014-382.txt,,,,,,,,,project-notes/22-junggokapt.md
97,22,구의/광진,광진구,중곡아파트 주택재건축정비사업조합,조합설립인가,high,B,union_approval_date,조합설립인가일,,원문 텍스트 추출 결과,value_missing,,,,,,,,,,,,,,,,,,,,,,공식 원문 또는 정보몽땅 공개항목에서 값을 보강하거나 미공개 사유를 기록,,,,hwp5_body_stream,data/urban/text/files/22-11000NTC201411137333-22-11000NTC201411137333-notice_file-서울특별시2014-382.txt,,,,,,,,,project-notes/22-junggokapt.md
98,23,구의/광진,광진구,광장동 삼성1차아파트 소규모재건축정비사업,조합설립인가,high,D,promotion_committee_approval_date,추진위원회 승인일,,정보몽땅 추진위원회 승인 공개항목,value_missing,,,,,,,,,,,,,,,,,,,,,,공식 원문 또는 정보몽땅 공개항목에서 값을 보강하거나 미공개 사유를 기록,,,,,,,,,,,,,,project-notes/23-j15171517.md
99,24,구의/광진,광진구,워커힐아파트1단지 재건축정비사업 조합설립추진위원회,추진위원회승인,high,C,building_coverage_ratio_pct,건폐율,,원문 텍스트 추출 결과,value_missing,,,,,,,,,,,,,,,,,,,,,,공식 원문 또는 정보몽땅 공개항목에서 값을 보강하거나 미공개 사유를 기록,P3,fill_missing_core_fields,50,pdf_text_layer; pdf_text_layer; pdf_text_layer; hwpx_zip_xml; hwp5_body_stream,data/urban/text/gwangjin-gu/files/24-B0000378-16413-1-24-B0000378-16413-gwangjin-gu-1-붙임2-주민의견제출서.txt; data/urban/text/gwangjin-gu/files/24-B0000378-16413-2-24-B0000378-16413-gwangjin-gu-2-붙임1-워커힐아파트-일대-도시관리계획수립-전략환경영향평가-항목-범위-등의-결정내용.txt; data/urban/text/gwangjin-gu/files/24-B0000378-16413-3-24-B0000378-16413-gwangjin-gu-3-공고문.txt; data/urban/text/gwangjin-gu/files/24-B0000378-16096-1-24-B0000378-16096-gwangjin-gu-1-공고문.txt; data/urban/text/gwangjin-gu/files/24-B0000378-16096-2-24-B0000378-16096-gwangjin-gu-2-공람의견서-서식.txt,,,,,,,,,project-notes/24-walkerhill1.md
100,24,구의/광진,광진구,워커힐아파트1단지 재건축정비사업 조합설립추진위원회,추진위원회승인,high,C,floor_area_ratio_pct,용적률,,원문 텍스트 추출 결과,value_missing,,,,,,,,,,,,,,,,,,,,,,공식 원문 또는 정보몽땅 공개항목에서 값을 보강하거나 미공개 사유를 기록,P3,fill_missing_core_fields,50,pdf_text_layer; pdf_text_layer; pdf_text_layer; hwpx_zip_xml; hwp5_body_stream,data/urban/text/gwangjin-gu/files/24-B0000378-16413-1-24-B0000378-16413-gwangjin-gu-1-붙임2-주민의견제출서.txt; data/urban/text/gwangjin-gu/files/24-B0000378-16413-2-24-B0000378-16413-gwangjin-gu-2-붙임1-워커힐아파트-일대-도시관리계획수립-전략환경영향평가-항목-범위-등의-결정내용.txt; data/urban/text/gwangjin-gu/files/24-B0000378-16413-3-24-B0000378-16413-gwangjin-gu-3-공고문.txt; data/urban/text/gwangjin-gu/files/24-B0000378-16096-1-24-B0000378-16096-gwangjin-gu-1-공고문.txt; data/urban/text/gwangjin-gu/files/24-B0000378-16096-2-24-B0000378-16096-gwangjin-gu-2-공람의견서-서식.txt,,,,,,,,,project-notes/24-walkerhill1.md
101,24,구의/광진,광진구,워커힐아파트1단지 재건축정비사업 조합설립추진위원회,추진위원회승인,high,C,floors,층수,,원문 텍스트 추출 결과,value_missing,,,,,,,,,,,,,,,,,,,,,,공식 원문 또는 정보몽땅 공개항목에서 값을 보강하거나 미공개 사유를 기록,P3,fill_missing_core_fields,50,pdf_text_layer; pdf_text_layer; pdf_text_layer; hwpx_zip_xml; hwp5_body_stream,data/urban/text/gwangjin-gu/files/24-B0000378-16413-1-24-B0000378-16413-gwangjin-gu-1-붙임2-주민의견제출서.txt; data/urban/text/gwangjin-gu/files/24-B0000378-16413-2-24-B0000378-16413-gwangjin-gu-2-붙임1-워커힐아파트-일대-도시관리계획수립-전략환경영향평가-항목-범위-등의-결정내용.txt; data/urban/text/gwangjin-gu/files/24-B0000378-16413-3-24-B0000378-16413-gwangjin-gu-3-공고문.txt; data/urban/text/gwangjin-gu/files/24-B0000378-16096-1-24-B0000378-16096-gwangjin-gu-1-공고문.txt; data/urban/text/gwangjin-gu/files/24-B0000378-16096-2-24-B0000378-16096-gwangjin-gu-2-공람의견서-서식.txt,,,,,,,,,project-notes/24-walkerhill1.md
102,24,구의/광진,광진구,워커힐아파트1단지 재건축정비사업 조합설립추진위원회,추진위원회승인,high,C,max_height_m,최고높이,,원문 텍스트 추출 결과,value_missing,,,,,,,,,,,,,,,,,,,,,,공식 원문 또는 정보몽땅 공개항목에서 값을 보강하거나 미공개 사유를 기록,P3,fill_missing_core_fields,50,pdf_text_layer; pdf_text_layer; pdf_text_layer; hwpx_zip_xml; hwp5_body_stream,data/urban/text/gwangjin-gu/files/24-B0000378-16413-1-24-B0000378-16413-gwangjin-gu-1-붙임2-주민의견제출서.txt; data/urban/text/gwangjin-gu/files/24-B0000378-16413-2-24-B0000378-16413-gwangjin-gu-2-붙임1-워커힐아파트-일대-도시관리계획수립-전략환경영향평가-항목-범위-등의-결정내용.txt; data/urban/text/gwangjin-gu/files/24-B0000378-16413-3-24-B0000378-16413-gwangjin-gu-3-공고문.txt; data/urban/text/gwangjin-gu/files/24-B0000378-16096-1-24-B0000378-16096-gwangjin-gu-1-공고문.txt; data/urban/text/gwangjin-gu/files/24-B0000378-16096-2-24-B0000378-16096-gwangjin-gu-2-공람의견서-서식.txt,,,,,,,,,project-notes/24-walkerhill1.md
103,24,구의/광진,광진구,워커힐아파트1단지 재건축정비사업 조합설립추진위원회,추진위원회승인,high,C,total_households,총 세대수,,원문 텍스트 추출 결과,value_missing,,,,,,,,,,,,,,,,,,,,,,공식 원문 또는 정보몽땅 공개항목에서 값을 보강하거나 미공개 사유를 기록,P3,fill_missing_core_fields,50,pdf_text_layer; pdf_text_layer; pdf_text_layer; hwpx_zip_xml; hwp5_body_stream,data/urban/text/gwangjin-gu/files/24-B0000378-16413-1-24-B0000378-16413-gwangjin-gu-1-붙임2-주민의견제출서.txt; data/urban/text/gwangjin-gu/files/24-B0000378-16413-2-24-B0000378-16413-gwangjin-gu-2-붙임1-워커힐아파트-일대-도시관리계획수립-전략환경영향평가-항목-범위-등의-결정내용.txt; data/urban/text/gwangjin-gu/files/24-B0000378-16413-3-24-B0000378-16413-gwangjin-gu-3-공고문.txt; data/urban/text/gwangjin-gu/files/24-B0000378-16096-1-24-B0000378-16096-gwangjin-gu-1-공고문.txt; data/urban/text/gwangjin-gu/files/24-B0000378-16096-2-24-B0000378-16096-gwangjin-gu-2-공람의견서-서식.txt,,,,,,,,,project-notes/24-walkerhill1.md
104,25,구의/광진,광진구,한양연립 일대 가로주택정비사업,사업시행인가,high,B,promotion_committee_approval_date,추진위원회 승인일,,원문 텍스트 추출 결과,value_missing,,,,,,,,,,,,,,,,,,,,,,공식 원문 또는 정보몽땅 공개항목에서 값을 보강하거나 미공개 사유를 기록,,,,html_preserved_text; html_preserved_text; html_preserved_text; html_preserved_text; html_preserved_text; pdf_ocr,data/urban/text/gwangjin-gu/html/25-B0000003-6186353.txt,,,,,,,,,project-notes/25-hanyanggaro.md
105,25,구의/광진,광진구,한양연립 일대 가로주택정비사업,사업시행인가,high,B,stage_consent_rate_pct,단계 공개 동의율,,원문 텍스트 추출 결과,value_missing,,,,,,,,,,,,,,,,,,,,,,공식 원문 또는 정보몽땅 공개항목에서 값을 보강하거나 미공개 사유를 기록,,,,html_preserved_text; html_preserved_text; html_preserved_text; html_preserved_text; html_preserved_text; pdf_ocr,data/urban/text/gwangjin-gu/html/25-B0000003-6186353.txt,,,,,,,,,project-notes/25-hanyanggaro.md
106,25,구의/광진,광진구,한양연립 일대 가로주택정비사업,사업시행인가,high,B,union_approval_date,조합설립인가일,,원문 텍스트 추출 결과,value_missing,,,,,,,,,,,,,,,,,,,,,,공식 원문 또는 정보몽땅 공개항목에서 값을 보강하거나 미공개 사유를 기록,,,,html_preserved_text; html_preserved_text; html_preserved_text; html_preserved_text; html_preserved_text; pdf_ocr,data/urban/text/gwangjin-gu/html/25-B0000003-6186353.txt,,,,,,,,,project-notes/25-hanyanggaro.md
107,27,구의/광진,광진구,광장극동아파트 재건축사업 (신속통합기획),정비구역지정,high,B,total_households,총 세대수,,원문 텍스트 추출 결과,value_missing,,,,,,,,,,,,,,,,,,,,,,공식 원문 또는 정보몽땅 공개항목에서 값을 보강하거나 미공개 사유를 기록,P3,fill_missing_core_fields,56,pdf_text_layer; pdf_text_layer; hwpx_zip_xml; pdf_text_layer; hwpx_zip_xml; pdf_text_layer; pdf_text_layer,data/urban/text/files/27-11215NTC202509240002-27-11215NTC202509240002-business-notice_file--정정-고시문-제2026-308호-_260604_오기정정.txt,,,,,,,,,project-notes/27-kukdong-reborn.md
108,28,구의/광진,광진구,자양번영로3나길 일대 가로주택정비사업,조합설립인가,high,D,promotion_committee_approval_date,추진위원회 승인일,,정보몽땅 추진위원회 승인 공개항목,value_missing,,,,,,,,,,,,,,,,,,,,,,공식 원문 또는 정보몽땅 공개항목에서 값을 보강하거나 미공개 사유를 기록,,,,,,,,,,,,,,project-notes/28-jayang588-22.md
109,28,구의/광진,광진구,자양번영로3나길 일대 가로주택정비사업,조합설립인가,high,D,total_households,총 세대수,,고시문 주택공급계획/사업개요,value_missing,,,,,,,,,,,,,,,,,,,,,,공식 원문 또는 정보몽땅 공개항목에서 값을 보강하거나 미공개 사유를 기록,P3,fill_missing_core_fields,57,,,,,,,,,,,project-notes/28-jayang588-22.md
110,29,구의/광진,광진구,자양1의4구역 가로주택정비사업,조합설립인가,high,C,building_coverage_ratio_pct,건폐율,,원문 텍스트 추출 결과,value_missing,,,,,,,,,,,,,,,,,,,,,,공식 원문 또는 정보몽땅 공개항목에서 값을 보강하거나 미공개 사유를 기록,P3,fill_missing_core_fields,51,pdf_ocr; pdf_ocr; hwpx_zip_xml,data/urban/text/gwangjin-gu/files/29-B0000003-6357990-1-29-B0000003-6357990-gwangjin-gu-1-직인날인-조합설립-변경-인가-공고문.txt; data/urban/text/gwangjin-gu/files/29-B0000003-6353195-1-29-B0000003-6353195-gwangjin-gu-1-공람공고문-안.txt; data/urban/text/gwangjin-gu/files/29-B0000003-6353195-2-29-B0000003-6353195-gwangjin-gu-2-공람의견서.txt,,,,,,,,,project-notes/29-jayang104.md
111,29,구의/광진,광진구,자양1의4구역 가로주택정비사업,조합설립인가,high,C,floor_area_ratio_pct,용적률,,원문 텍스트 추출 결과,value_missing,,,,,,,,,,,,,,,,,,,,,,공식 원문 또는 정보몽땅 공개항목에서 값을 보강하거나 미공개 사유를 기록,P3,fill_missing_core_fields,51,pdf_ocr; pdf_ocr; hwpx_zip_xml,data/urban/text/gwangjin-gu/files/29-B0000003-6357990-1-29-B0000003-6357990-gwangjin-gu-1-직인날인-조합설립-변경-인가-공고문.txt; data/urban/text/gwangjin-gu/files/29-B0000003-6353195-1-29-B0000003-6353195-gwangjin-gu-1-공람공고문-안.txt; data/urban/text/gwangjin-gu/files/29-B0000003-6353195-2-29-B0000003-6353195-gwangjin-gu-2-공람의견서.txt,,,,,,,,,project-notes/29-jayang104.md
112,29,구의/광진,광진구,자양1의4구역 가로주택정비사업,조합설립인가,high,C,floors,층수,,원문 텍스트 추출 결과,value_missing,,,,,,,,,,,,,,,,,,,,,,공식 원문 또는 정보몽땅 공개항목에서 값을 보강하거나 미공개 사유를 기록,P3,fill_missing_core_fields,51,pdf_ocr; pdf_ocr; hwpx_zip_xml,data/urban/text/gwangjin-gu/files/29-B0000003-6357990-1-29-B0000003-6357990-gwangjin-gu-1-직인날인-조합설립-변경-인가-공고문.txt; data/urban/text/gwangjin-gu/files/29-B0000003-6353195-1-29-B0000003-6353195-gwangjin-gu-1-공람공고문-안.txt; data/urban/text/gwangjin-gu/files/29-B0000003-6353195-2-29-B0000003-6353195-gwangjin-gu-2-공람의견서.txt,,,,,,,,,project-notes/29-jayang104.md
113,29,구의/광진,광진구,자양1의4구역 가로주택정비사업,조합설립인가,high,C,max_height_m,최고높이,,원문 텍스트 추출 결과,value_missing,,,,,,,,,,,,,,,,,,,,,,공식 원문 또는 정보몽땅 공개항목에서 값을 보강하거나 미공개 사유를 기록,P3,fill_missing_core_fields,51,pdf_ocr; pdf_ocr; hwpx_zip_xml,data/urban/text/gwangjin-gu/files/29-B0000003-6357990-1-29-B0000003-6357990-gwangjin-gu-1-직인날인-조합설립-변경-인가-공고문.txt; data/urban/text/gwangjin-gu/files/29-B0000003-6353195-1-29-B0000003-6353195-gwangjin-gu-1-공람공고문-안.txt; data/urban/text/gwangjin-gu/files/29-B0000003-6353195-2-29-B0000003-6353195-gwangjin-gu-2-공람의견서.txt,,,,,,,,,project-notes/29-jayang104.md
114,29,구의/광진,광진구,자양1의4구역 가로주택정비사업,조합설립인가,high,C,promotion_committee_approval_date,추진위원회 승인일,,원문 텍스트 추출 결과,value_missing,,,,,,,,,,,,,,,,,,,,,,공식 원문 또는 정보몽땅 공개항목에서 값을 보강하거나 미공개 사유를 기록,,,,pdf_ocr; pdf_ocr; hwpx_zip_xml,data/urban/text/gwangjin-gu/files/29-B0000003-6357990-1-29-B0000003-6357990-gwangjin-gu-1-직인날인-조합설립-변경-인가-공고문.txt; data/urban/text/gwangjin-gu/files/29-B0000003-6353195-1-29-B0000003-6353195-gwangjin-gu-1-공람공고문-안.txt; data/urban/text/gwangjin-gu/files/29-B0000003-6353195-2-29-B0000003-6353195-gwangjin-gu-2-공람의견서.txt,,,,,,,,,project-notes/29-jayang104.md
115,29,구의/광진,광진구,자양1의4구역 가로주택정비사업,조합설립인가,high,C,total_households,총 세대수,,원문 텍스트 추출 결과,value_missing,,,,,,,,,,,,,,,,,,,,,,공식 원문 또는 정보몽땅 공개항목에서 값을 보강하거나 미공개 사유를 기록,P3,fill_missing_core_fields,51,pdf_ocr; pdf_ocr; hwpx_zip_xml,data/urban/text/gwangjin-gu/files/29-B0000003-6357990-1-29-B0000003-6357990-gwangjin-gu-1-직인날인-조합설립-변경-인가-공고문.txt; data/urban/text/gwangjin-gu/files/29-B0000003-6353195-1-29-B0000003-6353195-gwangjin-gu-1-공람공고문-안.txt; data/urban/text/gwangjin-gu/files/29-B0000003-6353195-2-29-B0000003-6353195-gwangjin-gu-2-공람의견서.txt,,,,,,,,,project-notes/29-jayang104.md
116,30,구의/광진,광진구,자양4동 A구역 주택재개발사업,정비구역지정,high,B,building_coverage_ratio_pct,건폐율,,원문 텍스트 추출 결과,value_missing,,,,,,,,,,,,,,,,,,,,,,공식 원문 또는 정보몽땅 공개항목에서 값을 보강하거나 미공개 사유를 기록,P3,fill_missing_core_fields,52,pdf_text_layer,data/urban/text/files/30-11215NTC202505200003-30-11215NTC202505200003-notice_file-서울특별시_제2025-356호_고시.txt,,,,,,,,,project-notes/30-jayangdong.md
117,30,구의/광진,광진구,자양4동 A구역 주택재개발사업,정비구역지정,high,B,floor_area_ratio_pct,용적률,,원문 텍스트 추출 결과,value_missing,,,,,,,,,,,,,,,,,,,,,,공식 원문 또는 정보몽땅 공개항목에서 값을 보강하거나 미공개 사유를 기록,P3,fill_missing_core_fields,52,pdf_text_layer,data/urban/text/files/30-11215NTC202505200003-30-11215NTC202505200003-notice_file-서울특별시_제2025-356호_고시.txt,,,,,,,,,project-notes/30-jayangdong.md
118,30,구의/광진,광진구,자양4동 A구역 주택재개발사업,정비구역지정,high,B,floors,층수,,원문 텍스트 추출 결과,value_missing,,,,,,,,,,,,,,,,,,,,,,공식 원문 또는 정보몽땅 공개항목에서 값을 보강하거나 미공개 사유를 기록,P3,fill_missing_core_fields,52,pdf_text_layer,data/urban/text/files/30-11215NTC202505200003-30-11215NTC202505200003-notice_file-서울특별시_제2025-356호_고시.txt,,,,,,,,,project-notes/30-jayangdong.md
119,30,구의/광진,광진구,자양4동 A구역 주택재개발사업,정비구역지정,high,B,max_height_m,최고높이,,원문 텍스트 추출 결과,value_missing,,,,,,,,,,,,,,,,,,,,,,공식 원문 또는 정보몽땅 공개항목에서 값을 보강하거나 미공개 사유를 기록,P3,fill_missing_core_fields,52,pdf_text_layer,data/urban/text/files/30-11215NTC202505200003-30-11215NTC202505200003-notice_file-서울특별시_제2025-356호_고시.txt,,,,,,,,,project-notes/30-jayangdong.md
120,30,구의/광진,광진구,자양4동 A구역 주택재개발사업,정비구역지정,high,B,total_households,총 세대수,,원문 텍스트 추출 결과,value_missing,,,,,,,,,,,,,,,,,,,,,,공식 원문 또는 정보몽땅 공개항목에서 값을 보강하거나 미공개 사유를 기록,P3,fill_missing_core_fields,52,pdf_text_layer,data/urban/text/files/30-11215NTC202505200003-30-11215NTC202505200003-notice_file-서울특별시_제2025-356호_고시.txt,,,,,,,,,project-notes/30-jayangdong.md
121,18,잠실/송파,송파구,송파미성아파트 재건축정비사업조합,조합설립인가,watch,B,promotion_committee_approval_date,추진위원회 승인일,,원문 텍스트 추출 결과,value_missing,,,,,,,,,,,,,,,,,,,,,,공식 원문 또는 정보몽땅 공개항목에서 값을 보강하거나 미공개 사유를 기록,,,,pdf_text_layer; pdf_text_layer,data/urban/text/files/18-11710NTC202104230008-18-11710NTC202104230008-notice_file-서울특별시_2021-146호_고시.txt,,,,,,,,,project-notes/18-songpams.md
122,18,잠실/송파,송파구,송파미성아파트 재건축정비사업조합,조합설립인가,watch,B,stage_consent_rate_pct,단계 공개 동의율,,원문 텍스트 추출 결과,value_missing,,,,,,,,,,,,,,,,,,,,,,공식 원문 또는 정보몽땅 공개항목에서 값을 보강하거나 미공개 사유를 기록,,,,pdf_text_layer; pdf_text_layer,data/urban/text/files/18-11710NTC202104230008-18-11710NTC202104230008-notice_file-서울특별시_2021-146호_고시.txt,,,,,,,,,project-notes/18-songpams.md
123,18,잠실/송파,송파구,송파미성아파트 재건축정비사업조합,조합설립인가,watch,B,union_approval_date,조합설립인가일,,원문 텍스트 추출 결과,value_missing,,,,,,,,,,,,,,,,,,,,,,공식 원문 또는 정보몽땅 공개항목에서 값을 보강하거나 미공개 사유를 기록,,,,pdf_text_layer; pdf_text_layer,data/urban/text/files/18-11710NTC202104230008-18-11710NTC202104230008-notice_file-서울특별시_2021-146호_고시.txt,,,,,,,,,project-notes/18-songpams.md
124,9,잠실/송파,송파구,잠실우성4차 주택재건축정비사업조합,관리처분인가,very_high,B,total_households,총 세대수,732,비교 매트릭스 공식 수치,source_date_split_required,,,,,,,keep_values_by_source_date,사업개요와 고시문 세대수 차이를 시점차로 두고 최신 인가 원문 확인,"정보몽땅 공개항목의 별첨 원문, 최신 변경고시, 관리처분 인가 고시 원문",,,,,,,,,,,,,"사업개요와 고시문 세대수 차이를 시점차로 두고 최신 인가 원문 확인 / 정보몽땅 공개항목의 별첨 원문, 최신 변경고시, 관리처분 인가 고시 원문",P0,resolve_stage_value_conflict,8,pdf_text_layer; pdf_text_layer; pdf_text_layer,analysis/management-stage-value-resolution.md; analysis/management-stage-fact-check.md; data/urban/text/files/09-11000NTC201707068193-09-11000NTC201707068193-notice_file-서울특별시2017-239.txt,,,,,,,,,project-notes/09-tw2w7iwv.md
125,21,잠실/송파,송파구,가락삼익맨숀아파트 재건축정비사업 조합,관리처분인가,very_high,B,floors,층수,지상:29/지하:4,비교 매트릭스 공식 수치,source_date_split_required,,,,,,,keep_values_by_source_date,최고층 후보와 사업개요 층수를 별도 기록하고 최신 사업시행 원문 확인,"정보몽땅 공개항목의 별첨 원문, 최신 변경고시, 관리처분 인가 고시 원문",,,,,,,,,,,,,"최고층 후보와 사업개요 층수를 별도 기록하고 최신 사업시행 원문 확인 / 정보몽땅 공개항목의 별첨 원문, 최신 변경고시, 관리처분 인가 고시 원문",P0,crosscheck_cost_infrastructure,11,pdf_text_layer,analysis/management-stage-value-resolution.md; analysis/management-stage-fact-check.md; data/urban/text/files/21-11710NTC202010230006-21-11710NTC202010230006-notice_file-송파구_2020-111호_고시.txt,,,,,,,,,project-notes/21-grsamik.md
126,9,잠실/송파,송파구,잠실우성4차 주택재건축정비사업조합,관리처분인가,very_high,B,building_coverage_ratio_pct,건폐율,25,비교 매트릭스 공식 수치,source_date_split_required,,,,,,,keep_values_by_source_date,고시문 후보값과 사업개요 값 차이를 시점차로 유지,"정보몽땅 공개항목의 별첨 원문, 최신 변경고시, 관리처분 인가 고시 원문",,,,,,,,,,,,,"고시문 후보값과 사업개요 값 차이를 시점차로 유지 / 정보몽땅 공개항목의 별첨 원문, 최신 변경고시, 관리처분 인가 고시 원문",P1,promote_snippets_to_confirmed_values,25,pdf_text_layer; pdf_text_layer; pdf_text_layer,analysis/management-stage-value-resolution.md; analysis/management-stage-fact-check.md; data/urban/text/files/09-11000NTC201707068193-09-11000NTC201707068193-notice_file-서울특별시2017-239.txt,,,,,,,,,project-notes/09-tw2w7iwv.md
127,9,잠실/송파,송파구,잠실우성4차 주택재건축정비사업조합,관리처분인가,very_high,B,district_area_sqm,정비구역 면적,"31,961.1",비교 매트릭스 공식 수치,source_date_split_required,,,,,,,keep_values_by_source_date,사업개요 현재값과 정비구역 지정 고시 값을 별도 열로 유지,"정보몽땅 공개항목의 별첨 원문, 최신 변경고시, 관리처분 인가 고시 원문",,,,,,,,,,,,,"사업개요 현재값과 정비구역 지정 고시 값을 별도 열로 유지 / 정보몽땅 공개항목의 별첨 원문, 최신 변경고시, 관리처분 인가 고시 원문",P1,promote_snippets_to_confirmed_values,25,pdf_text_layer; pdf_text_layer; pdf_text_layer,analysis/management-stage-value-resolution.md; analysis/management-stage-fact-check.md; data/urban/text/files/09-11000NTC201707068193-09-11000NTC201707068193-notice_file-서울특별시2017-239.txt,,,,,,,,,project-notes/09-tw2w7iwv.md
128,18,잠실/송파,송파구,송파미성아파트 재건축정비사업조합,조합설립인가,watch,B,building_coverage_ratio_pct,건폐율,19,비교 매트릭스 공식 수치,source_definition_split_required,source_time_or_definition_conflict,split_by_definition_or_stage,50% 이하,high,정보몽땅 현재값 19%와 고시 기준 50% 이하를 덮어쓰지 않고 기준/계획/실시설계 단계 차이로 분리,"고시의 건축물 개발밀도 조서는 건폐율 50% 이하 기준을 제시하며, 정보몽땅 19%와 같은 정의의 값인지 확인이 필요하다.",,,,,,,,,,,,,,,,정보몽땅 현재값 19%와 고시 기준 50% 이하를 덮어쓰지 않고 기준/계획/실시설계 단계 차이로 분리,,,,pdf_text_layer; pdf_text_layer,analysis/songpa-notice-value-corroboration.md; data/urban/text/files/18-11710NTC202104230008-18-11710NTC202104230008-notice_file-서울특별시_2021-146호_고시.txt,,,,,,,,,project-notes/18-songpams.md
129,16,잠실/송파,송파구,가락1차현대아파트 재건축정비사업 조합,사업시행인가,very_high,B,district_area_sqm,정비구역 면적,"33,953.7",비교 매트릭스 공식 수치,confirmed_from_ocr_image,,,,,,,,,,,,,,,,,source_value_confirmed_from_image,"정비구역 면적 33,953.7㎡ / 토지이용계획 합계 33,953.7㎡","정비구역 지정 조서 변경후 면적 33,953.7㎡ 및 토지이용계획 합계 33,953.7㎡ 확인",,"OCR 트리아지에서는 직접 이미지 확인 대상으로 남아 있었지만, 원문 이미지에서 장부 현재값과 같은 정비구역 면적을 확인했다.","district_area_sqm_official은 원문 이미지 기준 33,953.7㎡로 확인됨",P0,crosscheck_cost_infrastructure,6,pdf_ocr,analysis/ocr-image-review-decisions.md; data/urban/text/files/16-11000NTC202105100001-16-11000NTC202105100001-notice_file-송파구_2021-88호_고시.txt,,,,,,,,,project-notes/16-hyundai.md
130,9,잠실/송파,송파구,잠실우성4차 주택재건축정비사업조합,관리처분인가,very_high,B,floor_area_ratio_pct,용적률,300,비교 매트릭스 공식 수치,resolved_by_management_stage_report,,,,,,,confirmed_match,정비계획 법적상한은 고시문 기준값으로 유지,"정보몽땅 공개항목의 별첨 원문, 최신 변경고시, 관리처분 인가 고시 원문",,,,,,,,,,,,,"정비계획 법적상한은 고시문 기준값으로 유지 / 정보몽땅 공개항목의 별첨 원문, 최신 변경고시, 관리처분 인가 고시 원문",P0,resolve_stage_value_conflict,8,pdf_text_layer; pdf_text_layer; pdf_text_layer,analysis/management-stage-value-resolution.md; analysis/management-stage-fact-check.md; data/urban/text/files/09-11000NTC201707068193-09-11000NTC201707068193-notice_file-서울특별시2017-239.txt,,,,,,,,,project-notes/09-tw2w7iwv.md
131,9,잠실/송파,송파구,잠실우성4차 주택재건축정비사업조합,관리처분인가,very_high,B,management_approval_date,관리처분인가일,2025-12-31,정보몽땅 공개항목,resolved_by_management_stage_report,,,,,,,public_stage_date_confirmed,공개항목 기준 관리처분인가일로 기록,"정보몽땅 공개항목의 별첨 원문, 최신 변경고시, 관리처분 인가 고시 원문",,,,,,,,,,,,,"공개항목 기준 관리처분인가일로 기록 / 정보몽땅 공개항목의 별첨 원문, 최신 변경고시, 관리처분 인가 고시 원문",P0,resolve_stage_value_conflict,8,pdf_text_layer; pdf_text_layer; pdf_text_layer,analysis/management-stage-value-resolution.md; analysis/management-stage-fact-check.md; data/urban/text/files/09-11000NTC201707068193-09-11000NTC201707068193-notice_file-서울특별시2017-239.txt,,,,,,,,,project-notes/09-tw2w7iwv.md
132,9,잠실/송파,송파구,잠실우성4차 주택재건축정비사업조합,관리처분인가,very_high,B,project_approval_date,사업시행인가일,2023-08-31,정보몽땅 공개항목,resolved_by_management_stage_report,,,,,,,public_stage_date_confirmed,공개항목 기준 사업시행인가일로 기록,"정보몽땅 공개항목의 별첨 원문, 최신 변경고시, 관리처분 인가 고시 원문",,,,,,,,,,,,,"공개항목 기준 사업시행인가일로 기록 / 정보몽땅 공개항목의 별첨 원문, 최신 변경고시, 관리처분 인가 고시 원문",P0,resolve_stage_value_conflict,8,pdf_text_layer; pdf_text_layer; pdf_text_layer,analysis/management-stage-value-resolution.md; analysis/management-stage-fact-check.md; data/urban/text/files/09-11000NTC201707068193-09-11000NTC201707068193-notice_file-서울특별시2017-239.txt,,,,,,,,,project-notes/09-tw2w7iwv.md
133,21,잠실/송파,송파구,가락삼익맨숀아파트 재건축정비사업 조합,관리처분인가,very_high,B,building_coverage_ratio_pct,건폐율,24,비교 매트릭스 공식 수치,resolved_by_management_stage_report,,,,,,,public_stage_value_available,사업시행 공개항목 건폐율을 최신 사업계획 수치로 별도 기록,"정보몽땅 공개항목의 별첨 원문, 최신 변경고시, 관리처분 인가 고시 원문",,,,,,,,,,,,,"사업시행 공개항목 건폐율을 최신 사업계획 수치로 별도 기록 / 정보몽땅 공개항목의 별첨 원문, 최신 변경고시, 관리처분 인가 고시 원문",P0,crosscheck_cost_infrastructure,11,pdf_text_layer,analysis/management-stage-value-resolution.md; analysis/management-stage-fact-check.md; data/urban/text/files/21-11710NTC202010230006-21-11710NTC202010230006-notice_file-송파구_2020-111호_고시.txt,,,,,,,,,project-notes/21-grsamik.md
134,21,잠실/송파,송파구,가락삼익맨숀아파트 재건축정비사업 조합,관리처분인가,very_high,B,district_area_sqm,정비구역 면적,"59,715.7",비교 매트릭스 공식 수치,resolved_by_management_stage_report,,,,,,,confirmed_match,구역면적은 사업개요와 고시문이 같은 값으로 취급 가능,"정보몽땅 공개항목의 별첨 원문, 최신 변경고시, 관리처분 인가 고시 원문",,,,,,,,,,,,,"구역면적은 사업개요와 고시문이 같은 값으로 취급 가능 / 정보몽땅 공개항목의 별첨 원문, 최신 변경고시, 관리처분 인가 고시 원문",P0,crosscheck_cost_infrastructure,11,pdf_text_layer,analysis/management-stage-value-resolution.md; analysis/management-stage-fact-check.md; data/urban/text/files/21-11710NTC202010230006-21-11710NTC202010230006-notice_file-송파구_2020-111호_고시.txt,,,,,,,,,project-notes/21-grsamik.md
135,21,잠실/송파,송파구,가락삼익맨숀아파트 재건축정비사업 조합,관리처분인가,very_high,B,floor_area_ratio_pct,용적률,300,정보몽땅 단계 공개항목,resolved_by_management_stage_report,,,,,,,public_stage_value_available,정비계획 법적상한과 사업시행 용적률을 구분해 기록,"정보몽땅 공개항목의 별첨 원문, 최신 변경고시, 관리처분 인가 고시 원문",,,,,,,,,,,,,"정비계획 법적상한과 사업시행 용적률을 구분해 기록 / 정보몽땅 공개항목의 별첨 원문, 최신 변경고시, 관리처분 인가 고시 원문",P0,resolve_stage_value_conflict,9,pdf_text_layer,analysis/management-stage-value-resolution.md; analysis/management-stage-fact-check.md; data/urban/text/files/21-11710NTC202010230006-21-11710NTC202010230006-notice_file-송파구_2020-111호_고시.txt,,,,,,,,,project-notes/21-grsamik.md
136,21,잠실/송파,송파구,가락삼익맨숀아파트 재건축정비사업 조합,관리처분인가,very_high,B,management_approval_date,관리처분인가일,2025-10-15,송파구청 공식 사업별 페이지 및 정비사업 정보몽땅 공개항목,resolved_by_management_stage_report,,,,,,,public_stage_date_confirmed,공개항목 기준 관리처분인가일로 기록,"정보몽땅 공개항목의 별첨 원문, 최신 변경고시, 관리처분 인가 고시 원문",,,,,,,,,,,,,"공개항목 기준 관리처분인가일로 기록 / 정보몽땅 공개항목의 별첨 원문, 최신 변경고시, 관리처분 인가 고시 원문",P0,resolve_stage_value_conflict,9,pdf_text_layer,analysis/management-stage-value-resolution.md; analysis/management-stage-fact-check.md; data/urban/text/files/21-11710NTC202010230006-21-11710NTC202010230006-notice_file-송파구_2020-111호_고시.txt,,,,,,,,,project-notes/21-grsamik.md
137,21,잠실/송파,송파구,가락삼익맨숀아파트 재건축정비사업 조합,관리처분인가,very_high,B,management_construction_cost,관리처분 공사비,"689,150,000,000",정보몽땅 공개항목,resolved_by_management_stage_report,,,,,,,public_stage_value_available,관리처분 공개항목 공사비로 기록하고 단위 원 유지,"정보몽땅 공개항목의 별첨 원문, 최신 변경고시, 관리처분 인가 고시 원문",,,,,,,,,,,,,"관리처분 공개항목 공사비로 기록하고 단위 원 유지 / 정보몽땅 공개항목의 별첨 원문, 최신 변경고시, 관리처분 인가 고시 원문",P0,resolve_stage_value_conflict,9,pdf_text_layer,analysis/management-stage-value-resolution.md; analysis/management-stage-fact-check.md; data/urban/text/files/21-11710NTC202010230006-21-11710NTC202010230006-notice_file-송파구_2020-111호_고시.txt,,,,,,,,,project-notes/21-grsamik.md
138,21,잠실/송파,송파구,가락삼익맨숀아파트 재건축정비사업 조합,관리처분인가,very_high,B,project_approval_date,사업시행인가일,2023-11-13,송파구청 공식 사업별 페이지 및 정비사업 정보몽땅 공개항목,resolved_by_management_stage_report,,,,,,,public_stage_date_confirmed,공개항목 기준 사업시행인가일로 기록,"정보몽땅 공개항목의 별첨 원문, 최신 변경고시, 관리처분 인가 고시 원문",,,,,,,,,,,,,"공개항목 기준 사업시행인가일로 기록 / 정보몽땅 공개항목의 별첨 원문, 최신 변경고시, 관리처분 인가 고시 원문",P0,resolve_stage_value_conflict,9,pdf_text_layer,analysis/management-stage-value-resolution.md; analysis/management-stage-fact-check.md; data/urban/text/files/21-11710NTC202010230006-21-11710NTC202010230006-notice_file-송파구_2020-111호_고시.txt,,,,,,,,,project-notes/21-grsamik.md
139,21,잠실/송파,송파구,가락삼익맨숀아파트 재건축정비사업 조합,관리처분인가,very_high,B,total_households,총 세대수,"1,485",정보몽땅 단계 공개항목,resolved_by_management_stage_report,,,,,,,public_stage_value_available,"정비구역 고시 세대수, 사업시행 세대수, 사업개요 세대수를 시점별로 분리","정보몽땅 공개항목의 별첨 원문, 최신 변경고시, 관리처분 인가 고시 원문",,,,,,,,,,,,,"정비구역 고시 세대수, 사업시행 세대수, 사업개요 세대수를 시점별로 분리 / 정보몽땅 공개항목의 별첨 원문, 최신 변경고시, 관리처분 인가 고시 원문",P0,resolve_stage_value_conflict,9,pdf_text_layer,analysis/management-stage-value-resolution.md; analysis/management-stage-fact-check.md; data/urban/text/files/21-11710NTC202010230006-21-11710NTC202010230006-notice_file-송파구_2020-111호_고시.txt,,,,,,,,,project-notes/21-grsamik.md
140,14,강남,강남구,"개포주공6,7단지아파트 재건축정비사업조합",사업시행인가,very_high,A,building_coverage_ratio_pct,건폐율,50,2024-57 / 2024-04-26 공식 보정값,confirmed_from_original_notice,,,,,,,,,,,,,,,,,,,,,,최신 변경고시의 건폐율 기준 대표값으로 유지,P0,crosscheck_cost_infrastructure,10,pdf_text_layer; hwp_binaries_ocr,analysis/s5-gaepo6_7-core-value-resolution.md; analysis/gaepo6_7-s1-public-item-fact-check.md; data/urban/text/files/14-53675-14-gangnam-gu-53675-1-240426_개포주공67단지-정비계획-경미한변경-고시문-안.txt,,,,,,,,,project-notes/14-gaepo6_7.md
141,14,강남,강남구,"개포주공6,7단지아파트 재건축정비사업조합",사업시행인가,very_high,A,district_area_sqm,정비구역 면적,"116,682.3",2024-57 / 2024-04-26 공식 보정값,confirmed_from_original_notice,,,,,,,,,,,,,,,,,,,,,,최신 변경고시의 정비구역 지정 조서 기준 대표값으로 유지,P0,crosscheck_cost_infrastructure,10,pdf_text_layer; hwp_binaries_ocr,analysis/s5-gaepo6_7-core-value-resolution.md; analysis/gaepo6_7-s1-public-item-fact-check.md; data/urban/text/files/14-53675-14-gangnam-gu-53675-1-240426_개포주공67단지-정비계획-경미한변경-고시문-안.txt,,,,,,,,,project-notes/14-gaepo6_7.md
142,14,강남,강남구,"개포주공6,7단지아파트 재건축정비사업조합",사업시행인가,very_high,A,floor_area_ratio_pct,용적률,299.98,2024-57 / 2024-04-26 공식 보정값,confirmed_from_original_notice,,,,,,,,,,,,,,,,,,,,,,최신 변경고시의 대표 용적률 기준으로 유지하고 보조값은 display note에만 남긴다,P0,crosscheck_cost_infrastructure,10,pdf_text_layer; hwp_binaries_ocr,analysis/s5-gaepo6_7-core-value-resolution.md; analysis/gaepo6_7-s1-public-item-fact-check.md; data/urban/text/files/14-53675-14-gangnam-gu-53675-1-240426_개포주공67단지-정비계획-경미한변경-고시문-안.txt,,,,,,,,,project-notes/14-gaepo6_7.md
143,14,강남,강남구,"개포주공6,7단지아파트 재건축정비사업조합",사업시행인가,very_high,A,max_height_m,최고높이,115,2024-57 / 2024-04-26 공식 보정값,confirmed_from_original_notice,,,,,,,,,,,,,,,,,,,,,,최신 변경고시의 최고높이 기준 대표값으로 유지,P0,crosscheck_cost_infrastructure,10,pdf_text_layer; hwp_binaries_ocr,analysis/s5-gaepo6_7-core-value-resolution.md; analysis/gaepo6_7-s1-public-item-fact-check.md; data/urban/text/files/14-53675-14-gangnam-gu-53675-1-240426_개포주공67단지-정비계획-경미한변경-고시문-안.txt,,,,,,,,,project-notes/14-gaepo6_7.md
144,9,잠실/송파,송파구,잠실우성4차 주택재건축정비사업조합,관리처분인가,very_high,B,floors,층수,지상:32/지하:4,비교 매트릭스 공식 수치,resolved_by_management_stage_report,,,,,,,confirmed_match,층수는 고시문과 사업개요가 같은 방향으로 확인됨,"정보몽땅 공개항목의 별첨 원문, 최신 변경고시, 관리처분 인가 고시 원문",,,,,,,,,,,,,"층수는 고시문과 사업개요가 같은 방향으로 확인됨 / 정보몽땅 공개항목의 별첨 원문, 최신 변경고시, 관리처분 인가 고시 원문",P1,promote_snippets_to_confirmed_values,25,pdf_text_layer; pdf_text_layer; pdf_text_layer,analysis/management-stage-value-resolution.md; analysis/management-stage-fact-check.md; data/urban/text/files/09-11000NTC201707068193-09-11000NTC201707068193-notice_file-서울특별시2017-239.txt,,,,,,,,,project-notes/09-tw2w7iwv.md
145,7,강남,강남구,대치쌍용2차아파트 주택재건축정비사업조합,사업시행인가,high,B,district_area_sqm,정비구역 면적,"24,484.4",비교 매트릭스 공식 수치,confirmed_from_ocr_image,,,,,,,,,,,,,,,,,source_value_confirmed_from_image,"정비구역 면적 변경후 24,484.4㎡","원문 이미지의 정비구역 위치 및 면적 표에서 변경후 24,484.4㎡ 확인",,OCR 트리아지의 직접 이미지 후보는 page-5였지만 page-4 원문 표에서 면적이 명확히 판독된다.,"district_area_sqm_official 24,484.4㎡ 확정",P1,verify_ocr_numbers,33,pdf_ocr,analysis/ocr-image-review-decisions.md; data/urban/text/files/07-11000NTC201707138200-07-11000NTC201707138200-notice_file-강남구2017-99.txt,,,,,,,,,project-notes/07-ssang2.md
146,14,강남,강남구,"개포주공6,7단지아파트 재건축정비사업조합",사업시행인가,very_high,A,floors,층수,지상:35/지하:4,2024-57 / 2024-04-26 공식 보정값,partial_original_notice_confirmation,,,,,,,,,,,,,,,,,,,,,,"지상층은 최신 변경고시, 지하층은 정보몽땅 사업개요 보조값으로 병기한 대표값으로 유지",P0,crosscheck_cost_infrastructure,10,pdf_text_layer; hwp_binaries_ocr,analysis/s5-gaepo6_7-core-value-resolution.md; analysis/gaepo6_7-s1-public-item-fact-check.md; data/urban/text/files/14-53675-14-gangnam-gu-53675-1-240426_개포주공67단지-정비계획-경미한변경-고시문-안.txt,,,,,,,,,project-notes/14-gaepo6_7.md
147,19,잠실/송파,송파구,대림가락아파트 재건축정비사업조합,조합설립인가,high,B,max_height_m,최고높이,129,비교 매트릭스 공식 수치,confirmed_from_ocr_image,,,,,,,,,,,,,,,,,source_value_confirmed_from_image,해발고도 129m 이하 / 최고35층 이하,원문 이미지의 높이 계획 표에서 해발고도 129m 이하 확인,,page-04와 page-12 모두 대림가락 획지1 높이 기준 129m 이하를 확인해 준다.,max_height_m_official 129m 이하 확정,P1,verify_ocr_numbers,36,pdf_ocr,analysis/ocr-image-review-decisions.md; data/urban/text/files/19-11000NTC202111260001-19-11000NTC202111260001-notice_file-서울특별시_2021-551호_고시.txt,,,,,,,,,project-notes/19-daelim.md
148,9,잠실/송파,송파구,잠실우성4차 주택재건축정비사업조합,관리처분인가,very_high,B,union_approval_date,조합설립인가일,2018.04.02.,송파구청 공식 사업별 페이지,official_stage_date_confirmed,,,,,,,,,,,,,,,,,,,,,,공식 단계 출처에서 확인된 단계일자를 비교표와 사업별 메모에 반영,P0,resolve_stage_value_conflict,8,pdf_text_layer; pdf_text_layer; pdf_text_layer,data/urban/text/files/09-11000NTC201707068193-09-11000NTC201707068193-notice_file-서울특별시2017-239.txt,,,,,,,,,project-notes/09-tw2w7iwv.md
149,14,강남,강남구,"개포주공6,7단지아파트 재건축정비사업조합",사업시행인가,very_high,A,total_households,총 세대수,"2,698",2024-57 / 2024-04-26 공식 보정값,confirmed_from_original_notice,,,,,,,,,,,,,,,,,,,,,,최신 변경고시의 주택공급계획 기준 대표값으로 유지,P1,promote_snippets_to_confirmed_values,28,pdf_text_layer; hwp_binaries_ocr,analysis/s5-gaepo6_7-core-value-resolution.md; analysis/gaepo6_7-s1-public-item-fact-check.md; data/urban/text/files/14-53675-14-gangnam-gu-53675-1-240426_개포주공67단지-정비계획-경미한변경-고시문-안.txt,,,,,,,,,project-notes/14-gaepo6_7.md
150,21,잠실/송파,송파구,가락삼익맨숀아파트 재건축정비사업 조합,관리처분인가,very_high,B,union_approval_date,조합설립인가일,2019.08.05.,송파구청 공식 사업별 페이지 및 정비사업 정보몽땅 공개항목,official_stage_date_confirmed,,,,,,,,,,,,,,,,,,,,,,공식 단계 출처에서 확인된 단계일자를 비교표와 사업별 메모에 반영,P0,resolve_stage_value_conflict,9,pdf_text_layer,data/urban/text/files/21-11710NTC202010230006-21-11710NTC202010230006-notice_file-송파구_2020-111호_고시.txt,,,,,,,,,project-notes/21-grsamik.md
151,24,구의/광진,광진구,워커힐아파트1단지 재건축정비사업 조합설립추진위원회,추진위원회승인,high,C,promotion_committee_approval_date,추진위원회 승인일,2025-09-10,정보몽땅 공개항목,fact_check_report_available,,,,,,,,,,,,,,,,,,,,,,기존 fact-check 문서의 원문 대조 결과를 비교표 확정 수치로 승격할지 검토,,,,pdf_text_layer; pdf_text_layer; pdf_text_layer; hwpx_zip_xml; hwp5_body_stream,data/urban/text/gwangjin-gu/files/24-B0000378-16413-1-24-B0000378-16413-gwangjin-gu-1-붙임2-주민의견제출서.txt; data/urban/text/gwangjin-gu/files/24-B0000378-16413-2-24-B0000378-16413-gwangjin-gu-2-붙임1-워커힐아파트-일대-도시관리계획수립-전략환경영향평가-항목-범위-등의-결정내용.txt; data/urban/text/gwangjin-gu/files/24-B0000378-16413-3-24-B0000378-16413-gwangjin-gu-3-공고문.txt; data/urban/text/gwangjin-gu/files/24-B0000378-16096-1-24-B0000378-16096-gwangjin-gu-1-공고문.txt; data/urban/text/gwangjin-gu/files/24-B0000378-16096-2-24-B0000378-16096-gwangjin-gu-2-공람의견서-서식.txt,,,,,,,,,project-notes/24-walkerhill1.md
152,24,구의/광진,광진구,워커힐아파트1단지 재건축정비사업 조합설립추진위원회,추진위원회승인,high,C,stage_consent_rate_pct,단계 공개 동의율,56.22%,정보몽땅 공개항목,fact_check_report_available,,,,,,,,,,,,,,,,,,,,,,기존 fact-check 문서의 원문 대조 결과를 비교표 확정 수치로 승격할지 검토,,,,pdf_text_layer; pdf_text_layer; pdf_text_layer; hwpx_zip_xml; hwp5_body_stream,data/urban/text/gwangjin-gu/files/24-B0000378-16413-1-24-B0000378-16413-gwangjin-gu-1-붙임2-주민의견제출서.txt; data/urban/text/gwangjin-gu/files/24-B0000378-16413-2-24-B0000378-16413-gwangjin-gu-2-붙임1-워커힐아파트-일대-도시관리계획수립-전략환경영향평가-항목-범위-등의-결정내용.txt; data/urban/text/gwangjin-gu/files/24-B0000378-16413-3-24-B0000378-16413-gwangjin-gu-3-공고문.txt; data/urban/text/gwangjin-gu/files/24-B0000378-16096-1-24-B0000378-16096-gwangjin-gu-1-공고문.txt; data/urban/text/gwangjin-gu/files/24-B0000378-16096-2-24-B0000378-16096-gwangjin-gu-2-공람의견서-서식.txt,,,,,,,,,project-notes/24-walkerhill1.md
153,25,구의/광진,광진구,한양연립 일대 가로주택정비사업,사업시행인가,high,B,notice_date,고시일,2023-12-07,고시 상세 구조화 필드,fact_check_report_available,,,,,,,,,,,,,,,,,,,,,,기존 fact-check 문서의 원문 대조 결과를 비교표 확정 수치로 승격할지 검토,,,,html_preserved_text; html_preserved_text; html_preserved_text; html_preserved_text; html_preserved_text; pdf_ocr,data/urban/text/gwangjin-gu/html/25-B0000003-6186353.txt,,,,,,,,,project-notes/25-hanyanggaro.md
154,25,구의/광진,광진구,한양연립 일대 가로주택정비사업,사업시행인가,high,B,notice_no,고시번호,2023-115,고시 상세 구조화 필드,fact_check_report_available,,,,,,,,,,,,,,,,,,,,,,기존 fact-check 문서의 원문 대조 결과를 비교표 확정 수치로 승격할지 검토,,,,html_preserved_text; html_preserved_text; html_preserved_text; html_preserved_text; html_preserved_text; pdf_ocr,data/urban/text/gwangjin-gu/html/25-B0000003-6186353.txt,,,,,,,,,project-notes/25-hanyanggaro.md
155,27,구의/광진,광진구,광장극동아파트 재건축사업 (신속통합기획),정비구역지정,high,B,building_coverage_ratio_pct,건폐율,15,비교 매트릭스 공식 수치,fact_check_report_available,,,,,,,,,,,,,,,,,,,,,,기존 fact-check 문서의 원문 대조 결과를 비교표 확정 수치로 승격할지 검토,,,,pdf_text_layer; pdf_text_layer; hwpx_zip_xml; pdf_text_layer; hwpx_zip_xml; pdf_text_layer; pdf_text_layer,data/urban/text/files/27-11215NTC202509240002-27-11215NTC202509240002-business-notice_file--정정-고시문-제2026-308호-_260604_오기정정.txt,,,,,,,,,project-notes/27-kukdong-reborn.md
156,27,구의/광진,광진구,광장극동아파트 재건축사업 (신속통합기획),정비구역지정,high,B,district_area_sqm,정비구역 면적,"79,417.2",비교 매트릭스 공식 수치,fact_check_report_available,,,,,,,,,,,,,,,,,,,,,,기존 fact-check 문서의 원문 대조 결과를 비교표 확정 수치로 승격할지 검토,,,,pdf_text_layer; pdf_text_layer; hwpx_zip_xml; pdf_text_layer; hwpx_zip_xml; pdf_text_layer; pdf_text_layer,data/urban/text/files/27-11215NTC202509240002-27-11215NTC202509240002-business-notice_file--정정-고시문-제2026-308호-_260604_오기정정.txt,,,,,,,,,project-notes/27-kukdong-reborn.md
157,27,구의/광진,광진구,광장극동아파트 재건축사업 (신속통합기획),정비구역지정,high,B,floor_area_ratio_pct,용적률,340,비교 매트릭스 공식 수치,fact_check_report_available,,,,,,,,,,,,,,,,,,,,,,기존 fact-check 문서의 원문 대조 결과를 비교표 확정 수치로 승격할지 검토,,,,pdf_text_layer; pdf_text_layer; hwpx_zip_xml; pdf_text_layer; hwpx_zip_xml; pdf_text_layer; pdf_text_layer,data/urban/text/files/27-11215NTC202509240002-27-11215NTC202509240002-business-notice_file--정정-고시문-제2026-308호-_260604_오기정정.txt,,,,,,,,,project-notes/27-kukdong-reborn.md
158,27,구의/광진,광진구,광장극동아파트 재건축사업 (신속통합기획),정비구역지정,high,B,floors,층수,지상:49/지하:4,비교 매트릭스 공식 수치,fact_check_report_available,,,,,,,,,,,,,,,,,,,,,,기존 fact-check 문서의 원문 대조 결과를 비교표 확정 수치로 승격할지 검토,,,,pdf_text_layer; pdf_text_layer; hwpx_zip_xml; pdf_text_layer; hwpx_zip_xml; pdf_text_layer; pdf_text_layer,data/urban/text/files/27-11215NTC202509240002-27-11215NTC202509240002-business-notice_file--정정-고시문-제2026-308호-_260604_오기정정.txt,,,,,,,,,project-notes/27-kukdong-reborn.md
159,27,구의/광진,광진구,광장극동아파트 재건축사업 (신속통합기획),정비구역지정,high,B,max_height_m,최고높이,156,비교 매트릭스 공식 수치,fact_check_report_available,,,,,,,,,,,,,,,,,,,,,,기존 fact-check 문서의 원문 대조 결과를 비교표 확정 수치로 승격할지 검토,,,,pdf_text_layer; pdf_text_layer; hwpx_zip_xml; pdf_text_layer; hwpx_zip_xml; pdf_text_layer; pdf_text_layer,data/urban/text/files/27-11215NTC202509240002-27-11215NTC202509240002-business-notice_file--정정-고시문-제2026-308호-_260604_오기정정.txt,,,,,,,,,project-notes/27-kukdong-reborn.md
160,27,구의/광진,광진구,광장극동아파트 재건축사업 (신속통합기획),정비구역지정,high,B,notice_date,고시일,2026-04-30,고시 상세 구조화 필드,fact_check_report_available,,,,,,,,,,,,,,,,,,,,,,기존 fact-check 문서의 원문 대조 결과를 비교표 확정 수치로 승격할지 검토,,,,pdf_text_layer; pdf_text_layer; hwpx_zip_xml; pdf_text_layer; hwpx_zip_xml; pdf_text_layer; pdf_text_layer,data/urban/text/files/27-11215NTC202509240002-27-11215NTC202509240002-business-notice_file--정정-고시문-제2026-308호-_260604_오기정정.txt,,,,,,,,,project-notes/27-kukdong-reborn.md
161,27,구의/광진,광진구,광장극동아파트 재건축사업 (신속통합기획),정비구역지정,high,B,notice_no,고시번호,2026-249,고시 상세 구조화 필드,fact_check_report_available,,,,,,,,,,,,,,,,,,,,,,기존 fact-check 문서의 원문 대조 결과를 비교표 확정 수치로 승격할지 검토,,,,pdf_text_layer; pdf_text_layer; hwpx_zip_xml; pdf_text_layer; hwpx_zip_xml; pdf_text_layer; pdf_text_layer,data/urban/text/files/27-11215NTC202509240002-27-11215NTC202509240002-business-notice_file--정정-고시문-제2026-308호-_260604_오기정정.txt,,,,,,,,,project-notes/27-kukdong-reborn.md
162,29,구의/광진,광진구,자양1의4구역 가로주택정비사업,조합설립인가,high,C,stage_consent_rate_pct,단계 공개 동의율,85.0%,정보몽땅 공개항목,fact_check_report_available,,,,,,,,,,,,,,,,,,,,,,기존 fact-check 문서의 원문 대조 결과를 비교표 확정 수치로 승격할지 검토,,,,pdf_ocr; pdf_ocr; hwpx_zip_xml,data/urban/text/gwangjin-gu/files/29-B0000003-6357990-1-29-B0000003-6357990-gwangjin-gu-1-직인날인-조합설립-변경-인가-공고문.txt; data/urban/text/gwangjin-gu/files/29-B0000003-6353195-1-29-B0000003-6353195-gwangjin-gu-1-공람공고문-안.txt; data/urban/text/gwangjin-gu/files/29-B0000003-6353195-2-29-B0000003-6353195-gwangjin-gu-2-공람의견서.txt,,,,,,,,,project-notes/29-jayang104.md
163,29,구의/광진,광진구,자양1의4구역 가로주택정비사업,조합설립인가,high,C,union_approval_date,조합설립인가일,2025-04-01,정보몽땅 공개항목,fact_check_report_available,,,,,,,,,,,,,,,,,,,,,,기존 fact-check 문서의 원문 대조 결과를 비교표 확정 수치로 승격할지 검토,,,,pdf_ocr; pdf_ocr; hwpx_zip_xml,data/urban/text/gwangjin-gu/files/29-B0000003-6357990-1-29-B0000003-6357990-gwangjin-gu-1-직인날인-조합설립-변경-인가-공고문.txt; data/urban/text/gwangjin-gu/files/29-B0000003-6353195-1-29-B0000003-6353195-gwangjin-gu-1-공람공고문-안.txt; data/urban/text/gwangjin-gu/files/29-B0000003-6353195-2-29-B0000003-6353195-gwangjin-gu-2-공람의견서.txt,,,,,,,,,project-notes/29-jayang104.md
164,25,구의/광진,광진구,한양연립 일대 가로주택정비사업,사업시행인가,high,B,building_coverage_ratio_pct,건폐율,31.62,비교 매트릭스 공식 수치,confirmed_from_ocr_image,,,,,,,,,,,,,,,,,source_value_precision_mismatch,31.62%,광진구 제2023-115호 첨부 PDF 이미지의 계획개요 표에서 건폐율 31.62% 확인,장부 현재값 32는 반올림값으로 보이며 원문 정밀도 31.62%와 다르다,기존 32는 구조화 반올림값으로 보이며 직접 고시 이미지 값이 더 우선이다.,building_coverage_ratio_pct_official을 31.62로 정밀도 보정한다.,,,,html_preserved_text; html_preserved_text; html_preserved_text; html_preserved_text; html_preserved_text; pdf_ocr,analysis/ocr-image-review-decisions.md; data/urban/text/gwangjin-gu/html/25-B0000003-6186353.txt,,,,,,,,,project-notes/25-hanyanggaro.md
165,25,구의/광진,광진구,한양연립 일대 가로주택정비사업,사업시행인가,high,B,district_area_sqm,정비구역 면적,"9,877.80",비교 매트릭스 공식 수치,confirmed_from_ocr_image,,,,,,,,,,,,,,,,,source_value_confirmed_from_image,"9,877.80㎡","광진구 제2023-115호 첨부 PDF 이미지의 계획개요 표에서 대지면적 9,877.80㎡ 확인",정정 고시 제2023-4호도 같은 면적을 보여 주므로 최신 변경인가 값과 충돌 없음,"기존 2024-282 OCR 연결은 오출처였고, 한양연립 직접 고시 이미지로 재연결했다.","정비구역 면적 공식값을 9,877.80㎡로 유지하고 자양1촉진구역 OCR 연결은 배제한다.",,,,html_preserved_text; html_preserved_text; html_preserved_text; html_preserved_text; html_preserved_text; pdf_ocr,analysis/ocr-image-review-decisions.md; data/urban/text/gwangjin-gu/html/25-B0000003-6186353.txt,,,,,,,,,project-notes/25-hanyanggaro.md
166,25,구의/광진,광진구,한양연립 일대 가로주택정비사업,사업시행인가,high,B,floor_area_ratio_pct,용적률,248.70,비교 매트릭스 공식 수치,confirmed_from_ocr_image,,,,,,,,,,,,,,,,,source_value_precision_mismatch,248.70%,광진구 제2023-115호 첨부 PDF 이미지의 계획개요 표에서 용적률 248.70% 확인,장부 현재값 249는 반올림값으로 보이며 원문 정밀도 248.70%와 다르다,기존 249는 정보몽땅 구조화 반올림값으로 보이며 직접 고시 이미지 값이 더 우선이다.,floor_area_ratio_pct_official을 248.70으로 정밀도 보정한다.,,,,html_preserved_text; html_preserved_text; html_preserved_text; html_preserved_text; html_preserved_text; pdf_ocr,analysis/ocr-image-review-decisions.md; data/urban/text/gwangjin-gu/html/25-B0000003-6186353.txt,,,,,,,,,project-notes/25-hanyanggaro.md
167,25,구의/광진,광진구,한양연립 일대 가로주택정비사업,사업시행인가,high,B,floors,층수,지하 2층 / 지상 10-15층,비교 매트릭스 공식 수치,confirmed_from_ocr_image,,,,,,,,,,,,,,,,,source_value_confirmed_from_image,"지하2층 ~ 지상10~15층, 4개동",광진구 제2023-115호 첨부 PDF 이미지에서 변경 후 규모가 지하2층~지상10~15층 4개동으로 직접 보인다,장부 현재값은 최고층수와 지하층수만 남긴 축약형이라 10층 저층부와 4개동 정보가 빠져 있다,"층수는 직접 이미지에서 확인됐고, 향후 비교표에는 저층부 범위와 동수를 함께 적는 편이 낫다.","floors_official을 지하 2층 / 지상 10-15층, 4개동으로 유지하고 축약 표현은 보조값으로만 둔다.",,,,html_preserved_text; html_preserved_text; html_preserved_text; html_preserved_text; html_preserved_text; pdf_ocr,analysis/ocr-image-review-decisions.md; data/urban/text/gwangjin-gu/html/25-B0000003-6186353.txt,,,,,,,,,project-notes/25-hanyanggaro.md
168,25,구의/광진,광진구,한양연립 일대 가로주택정비사업,사업시행인가,high,B,max_height_m,최고높이,43.25,비교 매트릭스 공식 수치,confirmed_from_ocr_image,,,,,,,,,,,,,,,,,source_value_precision_mismatch,43.25m,광진구 제2023-115호 첨부 PDF 이미지의 계획개요 표에서 최고높이 43.25m 확인,장부 현재값 43은 소수점 이하를 잃은 값이며 원문 정밀도 43.25m와 다르다,"한양연립 최고높이는 더 이상 보류값이 아니며, 직접 이미지 판독값 43.25m로 승격 가능하다.",max_height_m_official을 43.25로 정밀도 보정하고 43m는 구조화 반올림값으로만 기록한다.,,,,html_preserved_text; html_preserved_text; html_preserved_text; html_preserved_text; html_preserved_text; pdf_ocr,analysis/ocr-image-review-decisions.md; data/urban/text/gwangjin-gu/html/25-B0000003-6186353.txt,,,,,,,,,project-notes/25-hanyanggaro.md
169,25,구의/광진,광진구,한양연립 일대 가로주택정비사업,사업시행인가,high,B,total_households,총 세대수,215,비교 매트릭스 공식 수치,confirmed_from_ocr_image,,,,,,,,,,,,,,,,,source_value_confirmed_from_image,215세대,광진구 제2023-115호 첨부 PDF image page 2에서 총 215 / 분양 176 / 임대 39 확인,장부 현재값 176은 총 세대수가 아니라 분양 세대수로 읽혀야 한다,"한양연립의 총 세대수 오독 원인이 직접 정리됐다. 176은 분양, 215가 총 세대수다.",total_households_official은 215로 유지하고 sale_household_total 계열 오인값 176은 총 세대수로 쓰지 않는다.,,,,html_preserved_text; html_preserved_text; html_preserved_text; html_preserved_text; html_preserved_text; pdf_ocr,analysis/ocr-image-review-decisions.md; data/urban/text/gwangjin-gu/html/25-B0000003-6186353.txt,,,,,,,,,project-notes/25-hanyanggaro.md
170,14,강남,강남구,"개포주공6,7단지아파트 재건축정비사업조합",사업시행인가,very_high,A,notice_date,고시일,2024-04-26,2024-57 / 2024-04-26 공식 보정값,confirmed_from_original_notice,,,,,,,,,,,,,,,,,,,,,,최신 대표 고시일로 이미 보정했으므로 최초 지정 고시일은 역사값으로만 유지,,,,pdf_text_layer; hwp_binaries_ocr,analysis/s5-gaepo6_7-core-value-resolution.md; analysis/gaepo6_7-s1-public-item-fact-check.md; data/urban/text/files/14-53675-14-gangnam-gu-53675-1-240426_개포주공67단지-정비계획-경미한변경-고시문-안.txt,,,,,,,,,project-notes/14-gaepo6_7.md
171,14,강남,강남구,"개포주공6,7단지아파트 재건축정비사업조합",사업시행인가,very_high,A,notice_no,고시번호,2024-57,2024-57 / 2024-04-26 공식 보정값,confirmed_from_original_notice,,,,,,,,,,,,,,,,,,,,,,최신 대표 고시번호로 이미 보정했으므로 최초 지정 고시는 역사값으로만 유지,,,,pdf_text_layer; hwp_binaries_ocr,analysis/s5-gaepo6_7-core-value-resolution.md; analysis/gaepo6_7-s1-public-item-fact-check.md; data/urban/text/files/14-53675-14-gangnam-gu-53675-1-240426_개포주공67단지-정비계획-경미한변경-고시문-안.txt,,,,,,,,,project-notes/14-gaepo6_7.md
172,17,잠실/송파,송파구,송파한양2차아파트 재건축정비사업 조합,조합설립인가,high,B,floor_area_ratio_pct,용적률,230,비교 매트릭스 공식 수치,partial_original_notice_confirmation,partial_source_confirmation,split_by_definition_or_stage,"제2025-239호 OCR상 기준용적률 208.9%, 허용용적률 230%, 상한용적률 299.99% 이하 문맥",medium,직접 고시 OCR 문맥은 확보됐지만 표 숫자 오염이 있어 원문 이미지 대조 후 기준/허용/상한 용적률을 분리 확정,제2025-239호 직접 고시 본문과 심의결과 문맥에서 용적률 표가 확인되지만 OCR 숫자 오차가 있어 단계별 용적률 정의를 바로 승격하기 어렵다.,,,,,,,,,,,,,,,,floor_area_ratio_pct_official 230% 이하 확정,P1,verify_ocr_numbers,35,pdf_ocr; pdf_ocr,analysis/songpa-notice-value-corroboration.md; data/urban/text/files/17-11000NTC202506170006-17-11000NTC202506170006-business-notice_file-서울특별시_제2025-239호_고시.txt,,,,,,,,,project-notes/17-songpa2.md
173,1,잠실/송파,송파구,잠실5단지아파트 주택재건축정비사업조합,조합설립인가,very_high,A,promotion_committee_approval_date,추진위원회 승인일,2003-12-29,정비사업 정보몽땅 추진경과,official_stage_date_confirmed,,,,,,,,,,,,,,,,,,,,,,공식 단계 출처에서 확인된 단계일자를 비교표와 사업별 메모에 반영,,,,pdf_text_layer,data/urban/text/files/01-11710NTC202409230003-01-11710NTC202409230003-notice_file-서울특별시_제2024-432호_고시.txt,,,,,,,,,project-notes/01-jamsil5apt.md
174,1,잠실/송파,송파구,잠실5단지아파트 주택재건축정비사업조합,조합설립인가,very_high,A,stage_consent_rate_pct,단계 공개 동의율,100%,정비사업 정보몽땅 추진경과,official_stage_date_confirmed,,,,,,,,,,,,,,,,,,,,,,공식 단계 출처에서 확인된 단계일자를 비교표와 사업별 메모에 반영,,,,pdf_text_layer,data/urban/text/files/01-11710NTC202409230003-01-11710NTC202409230003-notice_file-서울특별시_제2024-432호_고시.txt,,,,,,,,,project-notes/01-jamsil5apt.md
175,1,잠실/송파,송파구,잠실5단지아파트 주택재건축정비사업조합,조합설립인가,very_high,A,union_approval_date,조합설립인가일,2013-12-19,정비사업 정보몽땅 추진경과,official_stage_date_confirmed,,,,,,,,,,,,,,,,,,,,,,공식 단계 출처에서 확인된 단계일자를 비교표와 사업별 메모에 반영,,,,pdf_text_layer,data/urban/text/files/01-11710NTC202409230003-01-11710NTC202409230003-notice_file-서울특별시_제2024-432호_고시.txt,,,,,,,,,project-notes/01-jamsil5apt.md
176,2,강남,강남구,압구정아파트지구 특별계획구역② 재건축정비사업조합,조합설립인가,very_high,B,promotion_committee_approval_date,추진위원회 승인일,2020-11-06,정비사업 정보몽땅 추진경과,official_stage_date_confirmed,,,,,,,,,,,,,,,,,,,,,,공식 단계 출처에서 확인된 단계일자를 비교표와 사업별 메모에 반영,,,,pdf_text_layer,data/urban/text/files/02-11000NTC202504070006-02-11000NTC202504070006-notice_file-서울특별시_제2025-136호_고시.txt,,,,,,,,,project-notes/02-apgujeong2.md
177,2,강남,강남구,압구정아파트지구 특별계획구역② 재건축정비사업조합,조합설립인가,very_high,B,stage_consent_rate_pct,단계 공개 동의율,92.45%,정비사업 정보몽땅 추진경과,official_stage_date_confirmed,,,,,,,,,,,,,,,,,,,,,,공식 단계 출처에서 확인된 단계일자를 비교표와 사업별 메모에 반영,,,,pdf_text_layer,data/urban/text/files/02-11000NTC202504070006-02-11000NTC202504070006-notice_file-서울특별시_제2025-136호_고시.txt,,,,,,,,,project-notes/02-apgujeong2.md
178,2,강남,강남구,압구정아파트지구 특별계획구역② 재건축정비사업조합,조합설립인가,very_high,B,union_approval_date,조합설립인가일,2021-04-12,정비사업 정보몽땅 추진경과,official_stage_date_confirmed,,,,,,,,,,,,,,,,,,,,,,공식 단계 출처에서 확인된 단계일자를 비교표와 사업별 메모에 반영,,,,pdf_text_layer,data/urban/text/files/02-11000NTC202504070006-02-11000NTC202504070006-notice_file-서울특별시_제2025-136호_고시.txt,,,,,,,,,project-notes/02-apgujeong2.md
179,3,잠실/송파,송파구,잠실우성아파트 재건축정비사업조합,조합설립인가,very_high,B,promotion_committee_approval_date,추진위원회 승인일,2006-10-04,정비사업 정보몽땅 추진경과,official_stage_date_confirmed,,,,,,,,,,,,,,,,,,,,,,공식 단계 출처에서 확인된 단계일자를 비교표와 사업별 메모에 반영,,,,hwp5_body_stream,data/urban/text/files/03-11000NTC201512177681-03-11000NTC201512177681-notice_file-서울특별시2015-401.txt,,,,,,,,,project-notes/03-q1qk5nf6.md
180,3,잠실/송파,송파구,잠실우성아파트 재건축정비사업조합,조합설립인가,very_high,B,stage_consent_rate_pct,단계 공개 동의율,98.76%,정비사업 정보몽땅 추진경과,official_stage_date_confirmed,,,,,,,,,,,,,,,,,,,,,,공식 단계 출처에서 확인된 단계일자를 비교표와 사업별 메모에 반영,,,,hwp5_body_stream,data/urban/text/files/03-11000NTC201512177681-03-11000NTC201512177681-notice_file-서울특별시2015-401.txt,,,,,,,,,project-notes/03-q1qk5nf6.md
181,3,잠실/송파,송파구,잠실우성아파트 재건축정비사업조합,조합설립인가,very_high,B,union_approval_date,조합설립인가일,2021-06-11,정비사업 정보몽땅 추진경과,official_stage_date_confirmed,,,,,,,,,,,,,,,,,,,,,,공식 단계 출처에서 확인된 단계일자를 비교표와 사업별 메모에 반영,,,,hwp5_body_stream,data/urban/text/files/03-11000NTC201512177681-03-11000NTC201512177681-notice_file-서울특별시2015-401.txt,,,,,,,,,project-notes/03-q1qk5nf6.md
182,4,강남,강남구,은마아파트 재건축정비사업조합,조합설립인가,very_high,A,promotion_committee_approval_date,추진위원회 승인일,2003-12-31,정비사업 정보몽땅 추진경과,official_stage_date_confirmed,,,,,,,,,,,,,,,,,,,,,,공식 단계 출처에서 확인된 단계일자를 비교표와 사업별 메모에 반영,,,,pdf_text_layer,data/urban/text/files/04-11680NTC202303030002-04-11680NTC202303030002-notice_file-서울특별시_2023-51호_고시.txt,,,,,,,,,project-notes/04-the-eunma.md
183,4,강남,강남구,은마아파트 재건축정비사업조합,조합설립인가,very_high,A,stage_consent_rate_pct,단계 공개 동의율,96.35,정비사업 정보몽땅 추진경과,official_stage_date_confirmed,,,,,,,,,,,,,,,,,,,,,,공식 단계 출처에서 확인된 단계일자를 비교표와 사업별 메모에 반영,,,,pdf_text_layer,data/urban/text/files/04-11680NTC202303030002-04-11680NTC202303030002-notice_file-서울특별시_2023-51호_고시.txt,,,,,,,,,project-notes/04-the-eunma.md
184,4,강남,강남구,은마아파트 재건축정비사업조합,조합설립인가,very_high,A,union_approval_date,조합설립인가일,2023-09-26,정비사업 정보몽땅 추진경과,official_stage_date_confirmed,,,,,,,,,,,,,,,,,,,,,,공식 단계 출처에서 확인된 단계일자를 비교표와 사업별 메모에 반영,,,,pdf_text_layer,data/urban/text/files/04-11680NTC202303030002-04-11680NTC202303030002-notice_file-서울특별시_2023-51호_고시.txt,,,,,,,,,project-notes/04-the-eunma.md
185,5,잠실/송파,송파구,"장미1,2,3차아파트 주택재건축정비사업 조합",조합설립인가,very_high,B,promotion_committee_approval_date,추진위원회 승인일,2016-06-28,정비사업 정보몽땅 추진경과 및 조합설립(변경)인가서 공개항목,official_stage_date_confirmed,,,,,,,,,,,,,,,,,,,,,,공식 단계 출처에서 확인된 단계일자를 비교표와 사업별 메모에 반영,,,,pdf_text_layer,data/urban/text/files/05-11000NTC202505290003-05-11000NTC202505290003-notice_file-서울특별시_제2025-278호_고시.txt,,,,,,,,,project-notes/05-jmapt1.md
186,5,잠실/송파,송파구,"장미1,2,3차아파트 주택재건축정비사업 조합",조합설립인가,very_high,B,stage_consent_rate_pct,단계 공개 동의율,94.10,정비사업 정보몽땅 추진경과 및 조합설립(변경)인가서 공개항목,official_stage_date_confirmed,,,,,,,,,,,,,,,,,,,,,,공식 단계 출처에서 확인된 단계일자를 비교표와 사업별 메모에 반영,,,,pdf_text_layer,data/urban/text/files/05-11000NTC202505290003-05-11000NTC202505290003-notice_file-서울특별시_제2025-278호_고시.txt,,,,,,,,,project-notes/05-jmapt1.md
187,5,잠실/송파,송파구,"장미1,2,3차아파트 주택재건축정비사업 조합",조합설립인가,very_high,B,union_approval_date,조합설립인가일,2020-03-24,정비사업 정보몽땅 추진경과 및 조합설립(변경)인가서 공개항목,official_stage_date_confirmed,,,,,,,,,,,,,,,,,,,,,,공식 단계 출처에서 확인된 단계일자를 비교표와 사업별 메모에 반영,,,,pdf_text_layer,data/urban/text/files/05-11000NTC202505290003-05-11000NTC202505290003-notice_file-서울특별시_제2025-278호_고시.txt,,,,,,,,,project-notes/05-jmapt1.md
188,10,강남,강남구,압구정아파트지구 특별계획구역③ 재건축정비사업 조합,조합설립인가,very_high,B,promotion_committee_approval_date,추진위원회 승인일,2018-09-12,정비사업 정보몽땅 추진경과,official_stage_date_confirmed,,,,,,,,,,,,,,,,,,,,,,공식 단계 출처에서 확인된 단계일자를 비교표와 사업별 메모에 반영,,,,pdf_text_layer,data/cleanup/files/apgujeong3-official/summary-20260623.html,,,,,,,,,project-notes/10-apgujeong3.md
189,10,강남,강남구,압구정아파트지구 특별계획구역③ 재건축정비사업 조합,조합설립인가,very_high,B,stage_consent_rate_pct,단계 공개 동의율,96.53,정비사업 정보몽땅 추진경과,official_stage_date_confirmed,,,,,,,,,,,,,,,,,,,,,,공식 단계 출처에서 확인된 단계일자를 비교표와 사업별 메모에 반영,,,,pdf_text_layer,data/cleanup/files/apgujeong3-official/summary-20260623.html,,,,,,,,,project-notes/10-apgujeong3.md
190,10,강남,강남구,압구정아파트지구 특별계획구역③ 재건축정비사업 조합,조합설립인가,very_high,B,union_approval_date,조합설립인가일,2021-04-19,정비사업 정보몽땅 추진경과,official_stage_date_confirmed,,,,,,,,,,,,,,,,,,,,,,공식 단계 출처에서 확인된 단계일자를 비교표와 사업별 메모에 반영,,,,pdf_text_layer,data/cleanup/files/apgujeong3-official/summary-20260623.html,,,,,,,,,project-notes/10-apgujeong3.md
191,14,강남,강남구,"개포주공6,7단지아파트 재건축정비사업조합",사업시행인가,very_high,A,project_approval_date,사업시행인가일,2024-11-11,정비사업 정보몽땅 추진경과,official_stage_date_confirmed,,,,,,,,,,,,,,,,,,,,,,공식 단계 출처에서 확인된 단계일자를 비교표와 사업별 메모에 반영,,,,pdf_text_layer; hwp_binaries_ocr,data/urban/text/files/14-53675-14-gangnam-gu-53675-1-240426_개포주공67단지-정비계획-경미한변경-고시문-안.txt,,,,,,,,,project-notes/14-gaepo6_7.md
192,14,강남,강남구,"개포주공6,7단지아파트 재건축정비사업조합",사업시행인가,very_high,A,promotion_committee_approval_date,추진위원회 승인일,2019-02-12,정비사업 정보몽땅 추진경과,official_stage_date_confirmed,,,,,,,,,,,,,,,,,,,,,,공식 단계 출처에서 확인된 단계일자를 비교표와 사업별 메모에 반영,,,,pdf_text_layer; hwp_binaries_ocr,data/urban/text/files/14-53675-14-gangnam-gu-53675-1-240426_개포주공67단지-정비계획-경미한변경-고시문-안.txt,,,,,,,,,project-notes/14-gaepo6_7.md
193,14,강남,강남구,"개포주공6,7단지아파트 재건축정비사업조합",사업시행인가,very_high,A,stage_consent_rate_pct,단계 공개 동의율,97.78,정비사업 정보몽땅 추진경과,official_stage_date_confirmed,,,,,,,,,,,,,,,,,,,,,,공식 단계 출처에서 확인된 단계일자를 비교표와 사업별 메모에 반영,,,,pdf_text_layer; hwp_binaries_ocr,data/urban/text/files/14-53675-14-gangnam-gu-53675-1-240426_개포주공67단지-정비계획-경미한변경-고시문-안.txt,,,,,,,,,project-notes/14-gaepo6_7.md
194,14,강남,강남구,"개포주공6,7단지아파트 재건축정비사업조합",사업시행인가,very_high,A,union_approval_date,조합설립인가일,2021-01-22,정비사업 정보몽땅 추진경과,official_stage_date_confirmed,,,,,,,,,,,,,,,,,,,,,,공식 단계 출처에서 확인된 단계일자를 비교표와 사업별 메모에 반영,,,,pdf_text_layer; hwp_binaries_ocr,data/urban/text/files/14-53675-14-gangnam-gu-53675-1-240426_개포주공67단지-정비계획-경미한변경-고시문-안.txt,,,,,,,,,project-notes/14-gaepo6_7.md
195,16,잠실/송파,송파구,가락1차현대아파트 재건축정비사업 조합,사업시행인가,very_high,B,project_approval_date,사업시행인가일,2025.01.24.,송파구청 공식 사업별 페이지,official_stage_date_confirmed,,,,,,,,,,,,,,,,,,,,,,공식 단계 출처에서 확인된 단계일자를 비교표와 사업별 메모에 반영,,,,pdf_ocr,data/urban/text/files/16-11000NTC202105100001-16-11000NTC202105100001-notice_file-송파구_2021-88호_고시.txt,,,,,,,,,project-notes/16-hyundai.md
196,16,잠실/송파,송파구,가락1차현대아파트 재건축정비사업 조합,사업시행인가,very_high,B,promotion_committee_approval_date,추진위원회 승인일,2018.07.06.,송파구청 공식 사업별 페이지,official_stage_date_confirmed,,,,,,,,,,,,,,,,,,,,,,공식 단계 출처에서 확인된 단계일자를 비교표와 사업별 메모에 반영,,,,pdf_ocr,data/urban/text/files/16-11000NTC202105100001-16-11000NTC202105100001-notice_file-송파구_2021-88호_고시.txt,,,,,,,,,project-notes/16-hyundai.md
197,16,잠실/송파,송파구,가락1차현대아파트 재건축정비사업 조합,사업시행인가,very_high,B,union_approval_date,조합설립인가일,2019.07.19.,송파구청 공식 사업별 페이지,official_stage_date_confirmed,,,,,,,,,,,,,,,,,,,,,,공식 단계 출처에서 확인된 단계일자를 비교표와 사업별 메모에 반영,,,,pdf_ocr,data/urban/text/files/16-11000NTC202105100001-16-11000NTC202105100001-notice_file-송파구_2021-88호_고시.txt,,,,,,,,,project-notes/16-hyundai.md
198,17,잠실/송파,송파구,송파한양2차아파트 재건축정비사업 조합,조합설립인가,high,B,notice_no,고시번호,2025-239,고시 상세 구조화 필드,confirmed_from_original_notice,direct_original_notice_confirmed,promote_or_confirm,2025-239,high,송파한양2차 사업별 원문 고시번호로 확정,서울특별시고시 제2025-239호 제목이 송파한양2차아파트 재건축 정비계획 결정(변경)을 직접 명시한다.,,,,,,,,,,,,,,,,송파한양2차 사업별 원문 고시번호로 확정,,,,pdf_ocr; pdf_ocr,analysis/songpa-notice-value-corroboration.md; data/urban/text/files/17-11000NTC202506170006-17-11000NTC202506170006-business-notice_file-서울특별시_제2025-239호_고시.txt,,,,,,,,,project-notes/17-songpa2.md
199,20,잠실/송파,송파구,마천1재정비촉진구역 주택재개발정비사업조합,조합설립인가,very_high,B,promotion_committee_approval_date,추진위원회 승인일,2020-11-26,정비사업 정보몽땅 추진경과,official_stage_date_confirmed,,,,,,,,,,,,,,,,,,,,,,공식 단계 출처에서 확인된 단계일자를 비교표와 사업별 메모에 반영,,,,pdf_ocr; pdf_text_layer,data/urban/text/files/20-11000NTC202606080004-20-11000NTC202606080004-notice_file-서울특별시_제2026-298호_고시문.txt,,,,,,,,,project-notes/20-macheon-1.md
200,20,잠실/송파,송파구,마천1재정비촉진구역 주택재개발정비사업조합,조합설립인가,very_high,B,stage_consent_rate_pct,단계 공개 동의율,81.46%,정비사업 정보몽땅 추진경과,official_stage_date_confirmed,,,,,,,,,,,,,,,,,,,,,,공식 단계 출처에서 확인된 단계일자를 비교표와 사업별 메모에 반영,,,,pdf_ocr; pdf_text_layer,data/urban/text/files/20-11000NTC202606080004-20-11000NTC202606080004-notice_file-서울특별시_제2026-298호_고시문.txt,,,,,,,,,project-notes/20-macheon-1.md
201,20,잠실/송파,송파구,마천1재정비촉진구역 주택재개발정비사업조합,조합설립인가,very_high,B,union_approval_date,조합설립인가일,2022-05-25,정비사업 정보몽땅 추진경과,official_stage_date_confirmed,,,,,,,,,,,,,,,,,,,,,,공식 단계 출처에서 확인된 단계일자를 비교표와 사업별 메모에 반영,,,,pdf_ocr; pdf_text_layer,data/urban/text/files/20-11000NTC202606080004-20-11000NTC202606080004-notice_file-서울특별시_제2026-298호_고시문.txt,,,,,,,,,project-notes/20-macheon-1.md
202,21,잠실/송파,송파구,가락삼익맨숀아파트 재건축정비사업 조합,관리처분인가,very_high,B,promotion_committee_approval_date,추진위원회 승인일,2018.05.04.,송파구청 공식 사업별 페이지 및 정비사업 정보몽땅 공개항목,official_stage_date_confirmed,,,,,,,,,,,,,,,,,,,,,,공식 단계 출처에서 확인된 단계일자를 비교표와 사업별 메모에 반영,,,,pdf_text_layer,data/urban/text/files/21-11710NTC202010230006-21-11710NTC202010230006-notice_file-송파구_2020-111호_고시.txt,,,,,,,,,project-notes/21-grsamik.md
203,21,잠실/송파,송파구,가락삼익맨숀아파트 재건축정비사업 조합,관리처분인가,very_high,B,stage_consent_rate_pct,단계 공개 동의율,99.57%,송파구청 공식 사업별 페이지 및 정비사업 정보몽땅 공개항목,official_stage_date_confirmed,,,,,,,,,,,,,,,,,,,,,,공식 단계 출처에서 확인된 단계일자를 비교표와 사업별 메모에 반영,,,,pdf_text_layer,data/urban/text/files/21-11710NTC202010230006-21-11710NTC202010230006-notice_file-송파구_2020-111호_고시.txt,,,,,,,,,project-notes/21-grsamik.md
204,6,강남,강남구,대치우성1차아파트 재건축정비사업조합,사업시행인가,high,A,project_approval_date,사업시행인가일,2022-09-08,정비사업 정보몽땅 추진경과,official_stage_date_confirmed,,,,,,,,,,,,,,,,,,,,,,공식 단계 출처에서 확인된 단계일자를 비교표와 사업별 메모에 반영,,,,pdf_text_layer,data/urban/text/files/06-11000NTC201812171410-06-11000NTC201812171410-notice_file-서울시고시-제2018-399호.txt,,,,,,,,,project-notes/06-woosung1.md
205,6,강남,강남구,대치우성1차아파트 재건축정비사업조합,사업시행인가,high,A,promotion_committee_approval_date,추진위원회 승인일,2016-01-26,정비사업 정보몽땅 추진경과,official_stage_date_confirmed,,,,,,,,,,,,,,,,,,,,,,공식 단계 출처에서 확인된 단계일자를 비교표와 사업별 메모에 반영,,,,pdf_text_layer,data/urban/text/files/06-11000NTC201812171410-06-11000NTC201812171410-notice_file-서울시고시-제2018-399호.txt,,,,,,,,,project-notes/06-woosung1.md
206,6,강남,강남구,대치우성1차아파트 재건축정비사업조합,사업시행인가,high,A,stage_consent_rate_pct,단계 공개 동의율,100,정비사업 정보몽땅 추진경과,official_stage_date_confirmed,,,,,,,,,,,,,,,,,,,,,,공식 단계 출처에서 확인된 단계일자를 비교표와 사업별 메모에 반영,,,,pdf_text_layer,data/urban/text/files/06-11000NTC201812171410-06-11000NTC201812171410-notice_file-서울시고시-제2018-399호.txt,,,,,,,,,project-notes/06-woosung1.md
207,6,강남,강남구,대치우성1차아파트 재건축정비사업조합,사업시행인가,high,A,union_approval_date,조합설립인가일,2017-01-17,정비사업 정보몽땅 추진경과,official_stage_date_confirmed,,,,,,,,,,,,,,,,,,,,,,공식 단계 출처에서 확인된 단계일자를 비교표와 사업별 메모에 반영,,,,pdf_text_layer,data/urban/text/files/06-11000NTC201812171410-06-11000NTC201812171410-notice_file-서울시고시-제2018-399호.txt,,,,,,,,,project-notes/06-woosung1.md
208,23,구의/광진,광진구,광장동 삼성1차아파트 소규모재건축정비사업,조합설립인가,high,D,stage_consent_rate_pct,단계 공개 동의율,91.23%,정비사업 정보몽땅 추진경과 및 조합설립(변경)인가서 공개항목,official_stage_date_confirmed,,,,,,,,,,,,,,,,,,,,,,공식 단계 출처에서 확인된 단계일자를 비교표와 사업별 메모에 반영,,,,,,,,,,,,,,project-notes/23-j15171517.md
209,23,구의/광진,광진구,광장동 삼성1차아파트 소규모재건축정비사업,조합설립인가,high,D,union_approval_date,조합설립인가일,2022-02-18,정비사업 정보몽땅 추진경과 및 조합설립(변경)인가서 공개항목,official_stage_date_confirmed,,,,,,,,,,,,,,,,,,,,,,공식 단계 출처에서 확인된 단계일자를 비교표와 사업별 메모에 반영,,,,,,,,,,,,,,project-notes/23-j15171517.md
210,25,구의/광진,광진구,한양연립 일대 가로주택정비사업,사업시행인가,high,B,project_approval_date,사업시행인가일,2023-12-05,광진구 고시 제2023-115호 첨부 PDF 이미지 판독,official_stage_date_confirmed,,,,,,,,,,,,,,,,,,,,,,공식 단계 출처에서 확인된 단계일자를 비교표와 사업별 메모에 반영,,,,html_preserved_text; html_preserved_text; html_preserved_text; html_preserved_text; html_preserved_text; pdf_ocr,data/urban/text/gwangjin-gu/html/25-B0000003-6186353.txt,,,,,,,,,project-notes/25-hanyanggaro.md
211,1,잠실/송파,송파구,잠실5단지아파트 주택재건축정비사업조합,조합설립인가,very_high,A,building_coverage_ratio_pct,건폐율,22,비교 매트릭스 공식 수치,structured_value_needs_manual_confirmation,,,,,,,,,,,,,,,,,,,,,,구조화 값의 원천과 기준일을 확인하고 사업별 메모에 확정/보류 상태를 기록,P0,crosscheck_cost_infrastructure,4,pdf_text_layer,data/urban/text/files/01-11710NTC202409230003-01-11710NTC202409230003-notice_file-서울특별시_제2024-432호_고시.txt,,,,,,,,,project-notes/01-jamsil5apt.md
212,1,잠실/송파,송파구,잠실5단지아파트 주택재건축정비사업조합,조합설립인가,very_high,A,floors,층수,지상:70/지하:4,비교 매트릭스 공식 수치,structured_value_needs_manual_confirmation,,,,,,,,,,,,,,,,,,,,,,구조화 값의 원천과 기준일을 확인하고 사업별 메모에 확정/보류 상태를 기록,P0,crosscheck_cost_infrastructure,4,pdf_text_layer,data/urban/text/files/01-11710NTC202409230003-01-11710NTC202409230003-notice_file-서울특별시_제2024-432호_고시.txt,,,,,,,,,project-notes/01-jamsil5apt.md
213,1,잠실/송파,송파구,잠실5단지아파트 주택재건축정비사업조합,조합설립인가,very_high,A,max_height_m,최고높이,280,비교 매트릭스 공식 수치,structured_value_needs_manual_confirmation,,,,,,,,,,,,,,,,,,,,,,구조화 값의 원천과 기준일을 확인하고 사업별 메모에 확정/보류 상태를 기록,P0,crosscheck_cost_infrastructure,4,pdf_text_layer,data/urban/text/files/01-11710NTC202409230003-01-11710NTC202409230003-notice_file-서울특별시_제2024-432호_고시.txt,,,,,,,,,project-notes/01-jamsil5apt.md
214,2,강남,강남구,압구정아파트지구 특별계획구역② 재건축정비사업조합,조합설립인가,very_high,B,building_coverage_ratio_pct,건폐율,16,비교 매트릭스 공식 수치,structured_value_needs_manual_confirmation,,,,,,,,,,,,,,,,,,,,,,구조화 값의 원천과 기준일을 확인하고 사업별 메모에 확정/보류 상태를 기록,P0,crosscheck_cost_infrastructure,1,pdf_text_layer,data/urban/text/files/02-11000NTC202504070006-02-11000NTC202504070006-notice_file-서울특별시_제2025-136호_고시.txt,,,,,,,,,project-notes/02-apgujeong2.md
215,2,강남,강남구,압구정아파트지구 특별계획구역② 재건축정비사업조합,조합설립인가,very_high,B,floors,층수,지상:35/지하:3,비교 매트릭스 공식 수치,structured_value_needs_manual_confirmation,,,,,,,,,,,,,,,,,,,,,,구조화 값의 원천과 기준일을 확인하고 사업별 메모에 확정/보류 상태를 기록,P0,crosscheck_cost_infrastructure,1,pdf_text_layer,data/urban/text/files/02-11000NTC202504070006-02-11000NTC202504070006-notice_file-서울특별시_제2025-136호_고시.txt,,,,,,,,,project-notes/02-apgujeong2.md
216,2,강남,강남구,압구정아파트지구 특별계획구역② 재건축정비사업조합,조합설립인가,very_high,B,max_height_m,최고높이,110,비교 매트릭스 공식 수치,structured_value_needs_manual_confirmation,,,,,,,,,,,,,,,,,,,,,,구조화 값의 원천과 기준일을 확인하고 사업별 메모에 확정/보류 상태를 기록,P0,crosscheck_cost_infrastructure,1,pdf_text_layer,data/urban/text/files/02-11000NTC202504070006-02-11000NTC202504070006-notice_file-서울특별시_제2025-136호_고시.txt,,,,,,,,,project-notes/02-apgujeong2.md
217,3,잠실/송파,송파구,잠실우성아파트 재건축정비사업조합,조합설립인가,very_high,B,building_coverage_ratio_pct,건폐율,23,비교 매트릭스 공식 수치,structured_value_needs_manual_confirmation,,,,,,,,,,,,,,,,,,,,,,구조화 값의 원천과 기준일을 확인하고 사업별 메모에 확정/보류 상태를 기록,P0,crosscheck_cost_infrastructure,7,hwp5_body_stream,data/urban/text/files/03-11000NTC201512177681-03-11000NTC201512177681-notice_file-서울특별시2015-401.txt,,,,,,,,,project-notes/03-q1qk5nf6.md
218,3,잠실/송파,송파구,잠실우성아파트 재건축정비사업조합,조합설립인가,very_high,B,floors,층수,지상:49/지하:4,비교 매트릭스 공식 수치,structured_value_needs_manual_confirmation,,,,,,,,,,,,,,,,,,,,,,구조화 값의 원천과 기준일을 확인하고 사업별 메모에 확정/보류 상태를 기록,P0,crosscheck_cost_infrastructure,7,hwp5_body_stream,data/urban/text/files/03-11000NTC201512177681-03-11000NTC201512177681-notice_file-서울특별시2015-401.txt,,,,,,,,,project-notes/03-q1qk5nf6.md
219,3,잠실/송파,송파구,잠실우성아파트 재건축정비사업조합,조합설립인가,very_high,B,max_height_m,최고높이,105,비교 매트릭스 공식 수치,structured_value_needs_manual_confirmation,,,,,,,,,,,,,,,,,,,,,,구조화 값의 원천과 기준일을 확인하고 사업별 메모에 확정/보류 상태를 기록,P0,crosscheck_cost_infrastructure,7,hwp5_body_stream,data/urban/text/files/03-11000NTC201512177681-03-11000NTC201512177681-notice_file-서울특별시2015-401.txt,,,,,,,,,project-notes/03-q1qk5nf6.md
220,4,강남,강남구,은마아파트 재건축정비사업조합,조합설립인가,very_high,A,building_coverage_ratio_pct,건폐율,18,비교 매트릭스 공식 수치,structured_value_needs_manual_confirmation,,,,,,,,,,,,,,,,,,,,,,구조화 값의 원천과 기준일을 확인하고 사업별 메모에 확정/보류 상태를 기록,P0,crosscheck_cost_infrastructure,3,pdf_text_layer,data/urban/text/files/04-11680NTC202303030002-04-11680NTC202303030002-notice_file-서울특별시_2023-51호_고시.txt,,,,,,,,,project-notes/04-the-eunma.md
221,4,강남,강남구,은마아파트 재건축정비사업조합,조합설립인가,very_high,A,floors,층수,지상:35/지하:3,비교 매트릭스 공식 수치,structured_value_needs_manual_confirmation,,,,,,,,,,,,,,,,,,,,,,구조화 값의 원천과 기준일을 확인하고 사업별 메모에 확정/보류 상태를 기록,P0,crosscheck_cost_infrastructure,3,pdf_text_layer,data/urban/text/files/04-11680NTC202303030002-04-11680NTC202303030002-notice_file-서울특별시_2023-51호_고시.txt,,,,,,,,,project-notes/04-the-eunma.md
222,4,강남,강남구,은마아파트 재건축정비사업조합,조합설립인가,very_high,A,max_height_m,최고높이,118.4,비교 매트릭스 공식 수치,structured_value_needs_manual_confirmation,,,,,,,,,,,,,,,,,,,,,,구조화 값의 원천과 기준일을 확인하고 사업별 메모에 확정/보류 상태를 기록,P0,crosscheck_cost_infrastructure,3,pdf_text_layer,data/urban/text/files/04-11680NTC202303030002-04-11680NTC202303030002-notice_file-서울특별시_2023-51호_고시.txt,,,,,,,,,project-notes/04-the-eunma.md
223,10,강남,강남구,압구정아파트지구 특별계획구역③ 재건축정비사업 조합,조합설립인가,very_high,B,building_coverage_ratio_pct,건폐율,50,비교 매트릭스 공식 수치,structured_value_needs_manual_confirmation,,,,,,,,,,,,,,,,,,,,,,구조화 값의 원천과 기준일을 확인하고 사업별 메모에 확정/보류 상태를 기록,P0,crosscheck_cost_infrastructure,2,pdf_text_layer,data/cleanup/files/apgujeong3-official/summary-20260623.html,,,,,,,,,project-notes/10-apgujeong3.md
224,10,강남,강남구,압구정아파트지구 특별계획구역③ 재건축정비사업 조합,조합설립인가,very_high,B,floors,층수,지상:65/지하:3,비교 매트릭스 공식 수치,structured_value_needs_manual_confirmation,,,,,,,,,,,,,,,,,,,,,,구조화 값의 원천과 기준일을 확인하고 사업별 메모에 확정/보류 상태를 기록,P0,crosscheck_cost_infrastructure,2,pdf_text_layer,data/cleanup/files/apgujeong3-official/summary-20260623.html,,,,,,,,,project-notes/10-apgujeong3.md
225,10,강남,강남구,압구정아파트지구 특별계획구역③ 재건축정비사업 조합,조합설립인가,very_high,B,max_height_m,최고높이,250,비교 매트릭스 공식 수치,structured_value_needs_manual_confirmation,,,,,,,,,,,,,,,,,,,,,,구조화 값의 원천과 기준일을 확인하고 사업별 메모에 확정/보류 상태를 기록,P0,crosscheck_cost_infrastructure,2,pdf_text_layer,data/cleanup/files/apgujeong3-official/summary-20260623.html,,,,,,,,,project-notes/10-apgujeong3.md
226,13,구의/광진,광진구,자양제7구역 주택재건축정비사업 조합,조합설립인가,very_high,A,building_coverage_ratio_pct,건폐율,22,비교 매트릭스 공식 수치,structured_value_needs_manual_confirmation,,,,,,,,,,,,,,,,,,,,,,구조화 값의 원천과 기준일을 확인하고 사업별 메모에 확정/보류 상태를 기록,P0,crosscheck_cost_infrastructure,14,hwp5_body_stream,data/urban/text/files/13-11000NTC201808300002-13-11000NTC201808300002-notice_file-서울특별시2018-268.txt,,,,,,,,,project-notes/13-jayang7.md
227,13,구의/광진,광진구,자양제7구역 주택재건축정비사업 조합,조합설립인가,very_high,A,floors,층수,지상:25/지하:2,비교 매트릭스 공식 수치,structured_value_needs_manual_confirmation,,,,,,,,,,,,,,,,,,,,,,구조화 값의 원천과 기준일을 확인하고 사업별 메모에 확정/보류 상태를 기록,P0,crosscheck_cost_infrastructure,14,hwp5_body_stream,data/urban/text/files/13-11000NTC201808300002-13-11000NTC201808300002-notice_file-서울특별시2018-268.txt,,,,,,,,,project-notes/13-jayang7.md
228,13,구의/광진,광진구,자양제7구역 주택재건축정비사업 조합,조합설립인가,very_high,A,max_height_m,최고높이,75,비교 매트릭스 공식 수치,structured_value_needs_manual_confirmation,,,,,,,,,,,,,,,,,,,,,,구조화 값의 원천과 기준일을 확인하고 사업별 메모에 확정/보류 상태를 기록,P0,crosscheck_cost_infrastructure,14,hwp5_body_stream,data/urban/text/files/13-11000NTC201808300002-13-11000NTC201808300002-notice_file-서울특별시2018-268.txt,,,,,,,,,project-notes/13-jayang7.md
229,18,잠실/송파,송파구,송파미성아파트 재건축정비사업조합,조합설립인가,watch,B,district_area_sqm,정비구역 면적,"28,959.7",비교 매트릭스 공식 수치,confirmed_from_original_notice,direct_original_notice_confirmed,promote_or_confirm,"28,959.7㎡",high,"비교 매트릭스 현재값 28,959.7㎡ 확정","정비구역 지정 조서에 송파구 송파동 161번지, 면적 28,959.7㎡가 표시된다.",,,,,,,,,,,,,,,,"비교 매트릭스 현재값 28,959.7㎡ 확정",,,,pdf_text_layer; pdf_text_layer,analysis/songpa-notice-value-corroboration.md; data/urban/text/files/18-11710NTC202104230008-18-11710NTC202104230008-notice_file-서울특별시_2021-146호_고시.txt,,,,,,,,,project-notes/18-songpams.md
230,18,잠실/송파,송파구,송파미성아파트 재건축정비사업조합,조합설립인가,watch,B,floor_area_ratio_pct,용적률,295,비교 매트릭스 공식 수치,confirmed_from_original_notice,match_or_rounding,promote_or_confirm,법적상한용적률 294.95%; 허용용적률 230%,high,"비교 매트릭스 295%는 법적상한용적률 반올림값으로 해석하고, 허용용적률 230%를 별도 보조값으로 병기","건축시설계획과 용적률 계획에 허용용적률 230%, 법적상한용적률 294.95%가 함께 표시된다.",,,,,,,,,,,,,,,,"비교 매트릭스 295%는 법적상한용적률 반올림값으로 해석하고, 허용용적률 230%를 별도 보조값으로 병기",,,,pdf_text_layer; pdf_text_layer,analysis/songpa-notice-value-corroboration.md; data/urban/text/files/18-11710NTC202104230008-18-11710NTC202104230008-notice_file-서울특별시_2021-146호_고시.txt,,,,,,,,,project-notes/18-songpams.md
231,18,잠실/송파,송파구,송파미성아파트 재건축정비사업조합,조합설립인가,watch,B,notice_date,고시일,2021-03-25,고시 상세 구조화 필드,confirmed_from_original_notice,direct_original_notice_confirmed,promote_or_confirm,2021-03-25,high,송파미성 사업별 원문 고시일로 확정,고시문 상단과 고시 본문에 2021년 3월 25일이 표시된다.,,,,,,,,,,,,,,,,송파미성 사업별 원문 고시일로 확정,,,,pdf_text_layer; pdf_text_layer,analysis/songpa-notice-value-corroboration.md; data/urban/text/files/18-11710NTC202104230008-18-11710NTC202104230008-notice_file-서울특별시_2021-146호_고시.txt,,,,,,,,,project-notes/18-songpams.md
232,18,잠실/송파,송파구,송파미성아파트 재건축정비사업조합,조합설립인가,watch,B,notice_no,고시번호,2021-146,고시 상세 구조화 필드,confirmed_from_original_notice,direct_original_notice_confirmed,promote_or_confirm,2021-146,high,송파미성 사업별 원문 고시번호로 확정,서울특별시고시 제2021-146호 제목이 송파미성아파트 재건축정비구역 지정 및 지형도면 고시다.,,,,,,,,,,,,,,,,송파미성 사업별 원문 고시번호로 확정,,,,pdf_text_layer; pdf_text_layer,analysis/songpa-notice-value-corroboration.md; data/urban/text/files/18-11710NTC202104230008-18-11710NTC202104230008-notice_file-서울특별시_2021-146호_고시.txt,,,,,,,,,project-notes/18-songpams.md
233,21,잠실/송파,송파구,가락삼익맨숀아파트 재건축정비사업 조합,관리처분인가,very_high,B,max_height_m,최고높이,125,비교 매트릭스 공식 수치,structured_value_needs_manual_confirmation,,,,,,,,,,,,,,,,,,,,,,구조화 값의 원천과 기준일을 확인하고 사업별 메모에 확정/보류 상태를 기록,P0,crosscheck_cost_infrastructure,11,pdf_text_layer,data/urban/text/files/21-11710NTC202010230006-21-11710NTC202010230006-notice_file-송파구_2020-111호_고시.txt,,,,,,,,,project-notes/21-grsamik.md
234,26,구의/광진,광진구,자양한양아파트 재건축정비사업,추진위원회승인,very_high,B,building_coverage_ratio_pct,건폐율,50,비교 매트릭스 공식 수치,structured_value_needs_manual_confirmation,,,,,,,,,,,,,,,,,,,,,,구조화 값의 원천과 기준일을 확인하고 사업별 메모에 확정/보류 상태를 기록,P0,crosscheck_cost_infrastructure,16,pdf_text_layer,data/urban/text/files/26-11215NTC202406040002-26-11215NTC202406040002-notice_file-서울특별시_제2024-267호_고시.txt,,,,,,,,,project-notes/26-jyhy2024.md
235,26,구의/광진,광진구,자양한양아파트 재건축정비사업,추진위원회승인,very_high,B,floors,층수,지상:40/지하:미확인,비교 매트릭스 공식 수치,structured_value_needs_manual_confirmation,,,,,,,,,,,,,,,,,,,,,,구조화 값의 원천과 기준일을 확인하고 사업별 메모에 확정/보류 상태를 기록,P0,crosscheck_cost_infrastructure,16,pdf_text_layer,data/urban/text/files/26-11215NTC202406040002-26-11215NTC202406040002-notice_file-서울특별시_제2024-267호_고시.txt,,,,,,,,,project-notes/26-jyhy2024.md
236,26,구의/광진,광진구,자양한양아파트 재건축정비사업,추진위원회승인,very_high,B,max_height_m,최고높이,121,비교 매트릭스 공식 수치,structured_value_needs_manual_confirmation,,,,,,,,,,,,,,,,,,,,,,구조화 값의 원천과 기준일을 확인하고 사업별 메모에 확정/보류 상태를 기록,P0,crosscheck_cost_infrastructure,16,pdf_text_layer,data/urban/text/files/26-11215NTC202406040002-26-11215NTC202406040002-notice_file-서울특별시_제2024-267호_고시.txt,,,,,,,,,project-notes/26-jyhy2024.md
237,5,잠실/송파,송파구,"장미1,2,3차아파트 주택재건축정비사업 조합",조합설립인가,very_high,B,district_area_sqm,정비구역 면적,"343,266.7",비교 매트릭스 공식 수치,auxiliary_notice_context_only,not_directly_confirmed_from_notice,keep_as_auxiliary_context,,high,"정보몽땅 사업개요 343,266.7㎡를 보조값으로 유지하고 장미 사업별 정비계획/사업시행 원문을 별도 확보","고시 텍스트는 잠실아파트지구 총괄/주구별 변경 면적을 다루며, 장미1,2,3차 단독 정비구역 면적을 직접 확정하지 않는다.",,,,,,,,,,,,,,,,"정보몽땅 사업개요 343,266.7㎡를 보조값으로 유지하고 장미 사업별 정비계획/사업시행 원문을 별도 확보",P0,crosscheck_cost_infrastructure,5,pdf_text_layer,analysis/songpa-notice-value-corroboration.md; data/urban/text/files/05-11000NTC202505290003-05-11000NTC202505290003-notice_file-서울특별시_제2025-278호_고시.txt,,,,,,,,,project-notes/05-jmapt1.md
238,5,잠실/송파,송파구,"장미1,2,3차아파트 주택재건축정비사업 조합",조합설립인가,very_high,B,floor_area_ratio_pct,용적률,,원문 텍스트 추출 결과,auxiliary_notice_context_only,district_plan_rule_only,keep_as_auxiliary_context,제3종일반주거지역 계획용적률 230%,high,상위 계획 기준으로만 기록하고 사업별 용적률 공식값은 공란 유지,고시의 230%는 잠실아파트지구 개발기본계획의 용적률 규제이며 장미 사업시행 수치가 아니다.,,,,,,,,,,,,,,,,상위 계획 기준으로만 기록하고 사업별 용적률 공식값은 공란 유지,P0,crosscheck_cost_infrastructure,5,pdf_text_layer,analysis/songpa-notice-value-corroboration.md; data/urban/text/files/05-11000NTC202505290003-05-11000NTC202505290003-notice_file-서울특별시_제2025-278호_고시.txt,,,,,,,,,project-notes/05-jmapt1.md
239,5,잠실/송파,송파구,"장미1,2,3차아파트 주택재건축정비사업 조합",조합설립인가,very_high,B,notice_no,고시번호,2025-278,고시 상세 구조화 필드,auxiliary_notice_context_only,auxiliary_plan_notice_connected,keep_as_auxiliary_context,2025-278,medium,"원문 연결은 유지하되 장미1,2,3차 사업별 정비계획 고시로 승격하지 않음","서울특별시고시 제2025-278호는 잠실아파트지구 용도지구/개발기본계획 변경 고시이며 장미1,2,3차는 존치 대상으로 언급된다.",,,,,,,,,,,,,,,,"원문 연결은 유지하되 장미1,2,3차 사업별 정비계획 고시로 승격하지 않음",P0,connect_recordcode_original_notice,15,pdf_text_layer,analysis/songpa-notice-value-corroboration.md; data/urban/text/files/05-11000NTC202505290003-05-11000NTC202505290003-notice_file-서울특별시_제2025-278호_고시.txt,,,,,,,,,project-notes/05-jmapt1.md
240,18,잠실/송파,송파구,송파미성아파트 재건축정비사업조합,조합설립인가,watch,B,floors,층수,지상:32/지하:3,비교 매트릭스 공식 수치,partial_original_notice_confirmation,partial_source_confirmation,split_by_definition_or_stage,32층 이하; 최고높이 124.95m 이하,high,"지상 32층과 최고높이는 확정 후보로 기록하고, 지하 3층은 정보몽땅/건축심의 자료에서 별도 확인",건축시설계획에 32층 이하와 124.95m 이하가 표시되지만 지하층수는 같은 스니펫에서 확인되지 않는다.,,,,,,,,,,,,,,,,"지상 32층과 최고높이는 확정 후보로 기록하고, 지하 3층은 정보몽땅/건축심의 자료에서 별도 확인",,,,pdf_text_layer; pdf_text_layer,analysis/songpa-notice-value-corroboration.md; data/urban/text/files/18-11710NTC202104230008-18-11710NTC202104230008-notice_file-서울특별시_2021-146호_고시.txt,,,,,,,,,project-notes/18-songpams.md
241,9,잠실/송파,송파구,잠실우성4차 주택재건축정비사업조합,관리처분인가,very_high,B,max_height_m,최고높이,100,비교 매트릭스 공식 수치,structured_value_needs_manual_confirmation,,,,,,,,,,,,,,,,,,,,,,구조화 값의 원천과 기준일을 확인하고 사업별 메모에 확정/보류 상태를 기록,P1,promote_snippets_to_confirmed_values,25,pdf_text_layer; pdf_text_layer; pdf_text_layer,data/urban/text/files/09-11000NTC201707068193-09-11000NTC201707068193-notice_file-서울특별시2017-239.txt,,,,,,,,,project-notes/09-tw2w7iwv.md
242,1,잠실/송파,송파구,잠실5단지아파트 주택재건축정비사업조합,조합설립인가,very_high,A,notice_date,고시일,2024-09-05,고시 상세 구조화 필드,structured_value_needs_manual_confirmation,,,,,,,,,,,,,,,,,,,,,,구조화 값의 원천과 기준일을 확인하고 사업별 메모에 확정/보류 상태를 기록,,,,pdf_text_layer,data/urban/text/files/01-11710NTC202409230003-01-11710NTC202409230003-notice_file-서울특별시_제2024-432호_고시.txt,,,,,,,,,project-notes/01-jamsil5apt.md
243,1,잠실/송파,송파구,잠실5단지아파트 주택재건축정비사업조합,조합설립인가,very_high,A,notice_no,고시번호,2024-432,고시 상세 구조화 필드,structured_value_needs_manual_confirmation,,,,,,,,,,,,,,,,,,,,,,구조화 값의 원천과 기준일을 확인하고 사업별 메모에 확정/보류 상태를 기록,,,,pdf_text_layer,data/urban/text/files/01-11710NTC202409230003-01-11710NTC202409230003-notice_file-서울특별시_제2024-432호_고시.txt,,,,,,,,,project-notes/01-jamsil5apt.md
244,2,강남,강남구,압구정아파트지구 특별계획구역② 재건축정비사업조합,조합설립인가,very_high,B,notice_date,고시일,2025-03-13,고시 상세 구조화 필드,structured_value_needs_manual_confirmation,,,,,,,,,,,,,,,,,,,,,,구조화 값의 원천과 기준일을 확인하고 사업별 메모에 확정/보류 상태를 기록,,,,pdf_text_layer,data/urban/text/files/02-11000NTC202504070006-02-11000NTC202504070006-notice_file-서울특별시_제2025-136호_고시.txt,,,,,,,,,project-notes/02-apgujeong2.md
245,2,강남,강남구,압구정아파트지구 특별계획구역② 재건축정비사업조합,조합설립인가,very_high,B,notice_no,고시번호,2025-136,고시 상세 구조화 필드,structured_value_needs_manual_confirmation,,,,,,,,,,,,,,,,,,,,,,구조화 값의 원천과 기준일을 확인하고 사업별 메모에 확정/보류 상태를 기록,,,,pdf_text_layer,data/urban/text/files/02-11000NTC202504070006-02-11000NTC202504070006-notice_file-서울특별시_제2025-136호_고시.txt,,,,,,,,,project-notes/02-apgujeong2.md
246,3,잠실/송파,송파구,잠실우성아파트 재건축정비사업조합,조합설립인가,very_high,B,notice_date,고시일,2015-12-17,고시 상세 구조화 필드,structured_value_needs_manual_confirmation,,,,,,,,,,,,,,,,,,,,,,구조화 값의 원천과 기준일을 확인하고 사업별 메모에 확정/보류 상태를 기록,,,,hwp5_body_stream,data/urban/text/files/03-11000NTC201512177681-03-11000NTC201512177681-notice_file-서울특별시2015-401.txt,,,,,,,,,project-notes/03-q1qk5nf6.md
247,3,잠실/송파,송파구,잠실우성아파트 재건축정비사업조합,조합설립인가,very_high,B,notice_no,고시번호,2015-401,고시 상세 구조화 필드,structured_value_needs_manual_confirmation,,,,,,,,,,,,,,,,,,,,,,구조화 값의 원천과 기준일을 확인하고 사업별 메모에 확정/보류 상태를 기록,,,,hwp5_body_stream,data/urban/text/files/03-11000NTC201512177681-03-11000NTC201512177681-notice_file-서울특별시2015-401.txt,,,,,,,,,project-notes/03-q1qk5nf6.md
248,4,강남,강남구,은마아파트 재건축정비사업조합,조합설립인가,very_high,A,notice_date,고시일,2023-02-16,고시 상세 구조화 필드,structured_value_needs_manual_confirmation,,,,,,,,,,,,,,,,,,,,,,구조화 값의 원천과 기준일을 확인하고 사업별 메모에 확정/보류 상태를 기록,,,,pdf_text_layer,data/urban/text/files/04-11680NTC202303030002-04-11680NTC202303030002-notice_file-서울특별시_2023-51호_고시.txt,,,,,,,,,project-notes/04-the-eunma.md
249,4,강남,강남구,은마아파트 재건축정비사업조합,조합설립인가,very_high,A,notice_no,고시번호,2023-51,고시 상세 구조화 필드,structured_value_needs_manual_confirmation,,,,,,,,,,,,,,,,,,,,,,구조화 값의 원천과 기준일을 확인하고 사업별 메모에 확정/보류 상태를 기록,,,,pdf_text_layer,data/urban/text/files/04-11680NTC202303030002-04-11680NTC202303030002-notice_file-서울특별시_2023-51호_고시.txt,,,,,,,,,project-notes/04-the-eunma.md
250,6,강남,강남구,대치우성1차아파트 재건축정비사업조합,사업시행인가,high,A,building_coverage_ratio_pct,건폐율,50,비교 매트릭스 공식 수치,structured_value_needs_manual_confirmation,,,,,,,,,,,,,,,,,,,,,,구조화 값의 원천과 기준일을 확인하고 사업별 메모에 확정/보류 상태를 기록,P1,promote_snippets_to_confirmed_values,45,pdf_text_layer,data/urban/text/files/06-11000NTC201812171410-06-11000NTC201812171410-notice_file-서울시고시-제2018-399호.txt,,,,,,,,,project-notes/06-woosung1.md
251,6,강남,강남구,대치우성1차아파트 재건축정비사업조합,사업시행인가,high,A,floors,층수,지상:35/지하:4,비교 매트릭스 공식 수치,structured_value_needs_manual_confirmation,,,,,,,,,,,,,,,,,,,,,,구조화 값의 원천과 기준일을 확인하고 사업별 메모에 확정/보류 상태를 기록,P1,promote_snippets_to_confirmed_values,45,pdf_text_layer,data/urban/text/files/06-11000NTC201812171410-06-11000NTC201812171410-notice_file-서울시고시-제2018-399호.txt,,,,,,,,,project-notes/06-woosung1.md
252,6,강남,강남구,대치우성1차아파트 재건축정비사업조합,사업시행인가,high,A,max_height_m,최고높이,109,비교 매트릭스 공식 수치,structured_value_needs_manual_confirmation,,,,,,,,,,,,,,,,,,,,,,구조화 값의 원천과 기준일을 확인하고 사업별 메모에 확정/보류 상태를 기록,P1,promote_snippets_to_confirmed_values,45,pdf_text_layer,data/urban/text/files/06-11000NTC201812171410-06-11000NTC201812171410-notice_file-서울시고시-제2018-399호.txt,,,,,,,,,project-notes/06-woosung1.md
253,8,강남,강남구,대치쌍용1차아파트 주택재건축정비사업조합,사업시행인가,high,B,building_coverage_ratio_pct,건폐율,17,비교 매트릭스 공식 수치,structured_value_needs_manual_confirmation,,,,,,,,,,,,,,,,,,,,,,구조화 값의 원천과 기준일을 확인하고 사업별 메모에 확정/보류 상태를 기록,P1,crosscheck_cost_infrastructure,39,pdf_text_layer; pdf_text_layer; pdf_text_layer,data/urban/text/files/08-11680NTC202112010001-08-11680NTC202112010001-business-notice_file-강남구_2021-203호_고시.txt,,,,,,,,,project-notes/08-ssang1.md
254,8,강남,강남구,대치쌍용1차아파트 주택재건축정비사업조합,사업시행인가,high,B,floors,층수,지상:35/지하:3,비교 매트릭스 공식 수치,structured_value_needs_manual_confirmation,,,,,,,,,,,,,,,,,,,,,,구조화 값의 원천과 기준일을 확인하고 사업별 메모에 확정/보류 상태를 기록,P1,crosscheck_cost_infrastructure,39,pdf_text_layer; pdf_text_layer; pdf_text_layer,data/urban/text/files/08-11680NTC202112010001-08-11680NTC202112010001-business-notice_file-강남구_2021-203호_고시.txt,,,,,,,,,project-notes/08-ssang1.md
255,8,강남,강남구,대치쌍용1차아파트 주택재건축정비사업조합,사업시행인가,high,B,max_height_m,최고높이,110,비교 매트릭스 공식 수치,structured_value_needs_manual_confirmation,,,,,,,,,,,,,,,,,,,,,,구조화 값의 원천과 기준일을 확인하고 사업별 메모에 확정/보류 상태를 기록,P1,crosscheck_cost_infrastructure,39,pdf_text_layer; pdf_text_layer; pdf_text_layer,data/urban/text/files/08-11680NTC202112010001-08-11680NTC202112010001-business-notice_file-강남구_2021-203호_고시.txt,,,,,,,,,project-notes/08-ssang1.md
256,9,잠실/송파,송파구,잠실우성4차 주택재건축정비사업조합,관리처분인가,very_high,B,notice_date,고시일,2017-07-06,고시 상세 구조화 필드,structured_value_needs_manual_confirmation,,,,,,,,,,,,,,,,,,,,,,구조화 값의 원천과 기준일을 확인하고 사업별 메모에 확정/보류 상태를 기록,,,,pdf_text_layer; pdf_text_layer; pdf_text_layer,data/urban/text/files/09-11000NTC201707068193-09-11000NTC201707068193-notice_file-서울특별시2017-239.txt,,,,,,,,,project-notes/09-tw2w7iwv.md
257,9,잠실/송파,송파구,잠실우성4차 주택재건축정비사업조합,관리처분인가,very_high,B,notice_no,고시번호,2017-239,고시 상세 구조화 필드,structured_value_needs_manual_confirmation,,,,,,,,,,,,,,,,,,,,,,구조화 값의 원천과 기준일을 확인하고 사업별 메모에 확정/보류 상태를 기록,,,,pdf_text_layer; pdf_text_layer; pdf_text_layer,data/urban/text/files/09-11000NTC201707068193-09-11000NTC201707068193-notice_file-서울특별시2017-239.txt,,,,,,,,,project-notes/09-tw2w7iwv.md
258,10,강남,강남구,압구정아파트지구 특별계획구역③ 재건축정비사업 조합,조합설립인가,very_high,B,notice_date,고시일,2026-06-23,고시 상세 구조화 필드,structured_value_needs_manual_confirmation,,,,,,,,,,,,,,,,,,,,,,구조화 값의 원천과 기준일을 확인하고 사업별 메모에 확정/보류 상태를 기록,,,,pdf_text_layer,data/cleanup/files/apgujeong3-official/summary-20260623.html,,,,,,,,,project-notes/10-apgujeong3.md
259,10,강남,강남구,압구정아파트지구 특별계획구역③ 재건축정비사업 조합,조합설립인가,very_high,B,notice_no,고시번호,정보몽땅 사업개요,고시 상세 구조화 필드,structured_value_needs_manual_confirmation,,,,,,,,,,,,,,,,,,,,,,구조화 값의 원천과 기준일을 확인하고 사업별 메모에 확정/보류 상태를 기록,,,,pdf_text_layer,data/cleanup/files/apgujeong3-official/summary-20260623.html,,,,,,,,,project-notes/10-apgujeong3.md
260,11,강남,강남구,압구정아파트지구 특별계획구역4,조합설립인가,high,B,building_coverage_ratio_pct,건폐율,50,비교 매트릭스 공식 수치,structured_value_needs_manual_confirmation,,,,,,,,,,,,,,,,,,,,,,구조화 값의 원천과 기준일을 확인하고 사업별 메모에 확정/보류 상태를 기록,P1,crosscheck_cost_infrastructure,34,pdf_text_layer,data/urban/text/files/11-11000NTC202312010004-11-11000NTC202312010004-notice_file-서울특별시_제2023-516호_고시.txt,,,,,,,,,project-notes/11-apgujeong4.md
261,11,강남,강남구,압구정아파트지구 특별계획구역4,조합설립인가,high,B,floor_area_ratio_pct,용적률,300,비교 매트릭스 공식 수치,structured_value_needs_manual_confirmation,,,,,,,,,,,,,,,,,,,,,,구조화 값의 원천과 기준일을 확인하고 사업별 메모에 확정/보류 상태를 기록,P1,crosscheck_cost_infrastructure,34,pdf_text_layer,data/urban/text/files/11-11000NTC202312010004-11-11000NTC202312010004-notice_file-서울특별시_제2023-516호_고시.txt,,,,,,,,,project-notes/11-apgujeong4.md
262,11,강남,강남구,압구정아파트지구 특별계획구역4,조합설립인가,high,B,floors,층수,지상:69/지하:3,비교 매트릭스 공식 수치,structured_value_needs_manual_confirmation,,,,,,,,,,,,,,,,,,,,,,구조화 값의 원천과 기준일을 확인하고 사업별 메모에 확정/보류 상태를 기록,P1,crosscheck_cost_infrastructure,34,pdf_text_layer,data/urban/text/files/11-11000NTC202312010004-11-11000NTC202312010004-notice_file-서울특별시_제2023-516호_고시.txt,,,,,,,,,project-notes/11-apgujeong4.md
263,11,강남,강남구,압구정아파트지구 특별계획구역4,조합설립인가,high,B,max_height_m,최고높이,250,비교 매트릭스 공식 수치,structured_value_needs_manual_confirmation,,,,,,,,,,,,,,,,,,,,,,구조화 값의 원천과 기준일을 확인하고 사업별 메모에 확정/보류 상태를 기록,P1,crosscheck_cost_infrastructure,34,pdf_text_layer,data/urban/text/files/11-11000NTC202312010004-11-11000NTC202312010004-notice_file-서울특별시_제2023-516호_고시.txt,,,,,,,,,project-notes/11-apgujeong4.md
264,13,구의/광진,광진구,자양제7구역 주택재건축정비사업 조합,조합설립인가,very_high,A,notice_date,고시일,2018-08-30,고시 상세 구조화 필드,structured_value_needs_manual_confirmation,,,,,,,,,,,,,,,,,,,,,,구조화 값의 원천과 기준일을 확인하고 사업별 메모에 확정/보류 상태를 기록,,,,hwp5_body_stream,data/urban/text/files/13-11000NTC201808300002-13-11000NTC201808300002-notice_file-서울특별시2018-268.txt,,,,,,,,,project-notes/13-jayang7.md
265,13,구의/광진,광진구,자양제7구역 주택재건축정비사업 조합,조합설립인가,very_high,A,notice_no,고시번호,2018-268,고시 상세 구조화 필드,structured_value_needs_manual_confirmation,,,,,,,,,,,,,,,,,,,,,,구조화 값의 원천과 기준일을 확인하고 사업별 메모에 확정/보류 상태를 기록,,,,hwp5_body_stream,data/urban/text/files/13-11000NTC201808300002-13-11000NTC201808300002-notice_file-서울특별시2018-268.txt,,,,,,,,,project-notes/13-jayang7.md
266,16,잠실/송파,송파구,가락1차현대아파트 재건축정비사업 조합,사업시행인가,very_high,B,notice_date,고시일,2021-04-29,고시 상세 구조화 필드,structured_value_needs_manual_confirmation,,,,,,,,,,,,,,,,,,,,,,구조화 값의 원천과 기준일을 확인하고 사업별 메모에 확정/보류 상태를 기록,,,,pdf_ocr,data/urban/text/files/16-11000NTC202105100001-16-11000NTC202105100001-notice_file-송파구_2021-88호_고시.txt,,,,,,,,,project-notes/16-hyundai.md
267,16,잠실/송파,송파구,가락1차현대아파트 재건축정비사업 조합,사업시행인가,very_high,B,notice_no,고시번호,2021-88,고시 상세 구조화 필드,structured_value_needs_manual_confirmation,,,,,,,,,,,,,,,,,,,,,,구조화 값의 원천과 기준일을 확인하고 사업별 메모에 확정/보류 상태를 기록,,,,pdf_ocr,data/urban/text/files/16-11000NTC202105100001-16-11000NTC202105100001-notice_file-송파구_2021-88호_고시.txt,,,,,,,,,project-notes/16-hyundai.md
268,20,잠실/송파,송파구,마천1재정비촉진구역 주택재개발정비사업조합,조합설립인가,very_high,B,notice_date,고시일,2026-05-28,고시 상세 구조화 필드,structured_value_needs_manual_confirmation,,,,,,,,,,,,,,,,,,,,,,구조화 값의 원천과 기준일을 확인하고 사업별 메모에 확정/보류 상태를 기록,,,,pdf_ocr; pdf_text_layer,data/urban/text/files/20-11000NTC202606080004-20-11000NTC202606080004-notice_file-서울특별시_제2026-298호_고시문.txt,,,,,,,,,project-notes/20-macheon-1.md
269,20,잠실/송파,송파구,마천1재정비촉진구역 주택재개발정비사업조합,조합설립인가,very_high,B,notice_no,고시번호,2026-298,고시 상세 구조화 필드,structured_value_needs_manual_confirmation,,,,,,,,,,,,,,,,,,,,,,구조화 값의 원천과 기준일을 확인하고 사업별 메모에 확정/보류 상태를 기록,,,,pdf_ocr; pdf_text_layer,data/urban/text/files/20-11000NTC202606080004-20-11000NTC202606080004-notice_file-서울특별시_제2026-298호_고시문.txt,,,,,,,,,project-notes/20-macheon-1.md
270,21,잠실/송파,송파구,가락삼익맨숀아파트 재건축정비사업 조합,관리처분인가,very_high,B,notice_date,고시일,2020-10-08,고시 상세 구조화 필드,structured_value_needs_manual_confirmation,,,,,,,,,,,,,,,,,,,,,,구조화 값의 원천과 기준일을 확인하고 사업별 메모에 확정/보류 상태를 기록,,,,pdf_text_layer,data/urban/text/files/21-11710NTC202010230006-21-11710NTC202010230006-notice_file-송파구_2020-111호_고시.txt,,,,,,,,,project-notes/21-grsamik.md
271,21,잠실/송파,송파구,가락삼익맨숀아파트 재건축정비사업 조합,관리처분인가,very_high,B,notice_no,고시번호,2020-111,고시 상세 구조화 필드,structured_value_needs_manual_confirmation,,,,,,,,,,,,,,,,,,,,,,구조화 값의 원천과 기준일을 확인하고 사업별 메모에 확정/보류 상태를 기록,,,,pdf_text_layer,data/urban/text/files/21-11710NTC202010230006-21-11710NTC202010230006-notice_file-송파구_2020-111호_고시.txt,,,,,,,,,project-notes/21-grsamik.md
272,22,구의/광진,광진구,중곡아파트 주택재건축정비사업조합,조합설립인가,high,B,building_coverage_ratio_pct,건폐율,32,비교 매트릭스 공식 수치,structured_value_needs_manual_confirmation,,,,,,,,,,,,,,,,,,,,,,구조화 값의 원천과 기준일을 확인하고 사업별 메모에 확정/보류 상태를 기록,P1,crosscheck_cost_infrastructure,46,hwp5_body_stream,data/urban/text/files/22-11000NTC201411137333-22-11000NTC201411137333-notice_file-서울특별시2014-382.txt,,,,,,,,,project-notes/22-junggokapt.md
273,22,구의/광진,광진구,중곡아파트 주택재건축정비사업조합,조합설립인가,high,B,floors,층수,지상:15/지하:3,비교 매트릭스 공식 수치,structured_value_needs_manual_confirmation,,,,,,,,,,,,,,,,,,,,,,구조화 값의 원천과 기준일을 확인하고 사업별 메모에 확정/보류 상태를 기록,P1,crosscheck_cost_infrastructure,46,hwp5_body_stream,data/urban/text/files/22-11000NTC201411137333-22-11000NTC201411137333-notice_file-서울특별시2014-382.txt,,,,,,,,,project-notes/22-junggokapt.md
274,22,구의/광진,광진구,중곡아파트 주택재건축정비사업조합,조합설립인가,high,B,max_height_m,최고높이,50,비교 매트릭스 공식 수치,structured_value_needs_manual_confirmation,,,,,,,,,,,,,,,,,,,,,,구조화 값의 원천과 기준일을 확인하고 사업별 메모에 확정/보류 상태를 기록,P1,crosscheck_cost_infrastructure,46,hwp5_body_stream,data/urban/text/files/22-11000NTC201411137333-22-11000NTC201411137333-notice_file-서울특별시2014-382.txt,,,,,,,,,project-notes/22-junggokapt.md
275,26,구의/광진,광진구,자양한양아파트 재건축정비사업,추진위원회승인,very_high,B,notice_date,고시일,2024-05-30,고시 상세 구조화 필드,structured_value_needs_manual_confirmation,,,,,,,,,,,,,,,,,,,,,,구조화 값의 원천과 기준일을 확인하고 사업별 메모에 확정/보류 상태를 기록,,,,pdf_text_layer,data/urban/text/files/26-11215NTC202406040002-26-11215NTC202406040002-notice_file-서울특별시_제2024-267호_고시.txt,,,,,,,,,project-notes/26-jyhy2024.md
276,26,구의/광진,광진구,자양한양아파트 재건축정비사업,추진위원회승인,very_high,B,notice_no,고시번호,2024-267,고시 상세 구조화 필드,structured_value_needs_manual_confirmation,,,,,,,,,,,,,,,,,,,,,,구조화 값의 원천과 기준일을 확인하고 사업별 메모에 확정/보류 상태를 기록,,,,pdf_text_layer,data/urban/text/files/26-11215NTC202406040002-26-11215NTC202406040002-notice_file-서울특별시_제2024-267호_고시.txt,,,,,,,,,project-notes/26-jyhy2024.md
277,17,잠실/송파,송파구,송파한양2차아파트 재건축정비사업 조합,조합설립인가,high,B,district_area_sqm,정비구역 면적,"62,370.3",비교 매트릭스 공식 수치,auxiliary_notice_context_only,not_directly_confirmed_from_notice,keep_as_auxiliary_context,,high,"정보몽땅 사업개요 54,855.2㎡를 보조값으로 유지하고 송파한양2차 사업별 정비계획/건축심의 원문을 별도 확보",제2025-239호는 송파한양2차 직접 고시지만 현재 OCR 텍스트만으로는 정비구역 결정 조서의 면적값을 안정적으로 구조화하지 못했다.,,,,,,,,,,,,,,,,송파한양2차 정비구역 면적은 별도 정비계획/조합설립인가 원문에서 다시 연결,P1,verify_ocr_numbers,35,pdf_ocr; pdf_ocr,analysis/songpa-notice-value-corroboration.md; data/urban/text/files/17-11000NTC202506170006-17-11000NTC202506170006-business-notice_file-서울특별시_제2025-239호_고시.txt,,,,,,,,,project-notes/17-songpa2.md
278,6,강남,강남구,대치우성1차아파트 재건축정비사업조합,사업시행인가,high,A,notice_date,고시일,2018-12-06,고시 상세 구조화 필드,structured_value_needs_manual_confirmation,,,,,,,,,,,,,,,,,,,,,,구조화 값의 원천과 기준일을 확인하고 사업별 메모에 확정/보류 상태를 기록,,,,pdf_text_layer,data/urban/text/files/06-11000NTC201812171410-06-11000NTC201812171410-notice_file-서울시고시-제2018-399호.txt,,,,,,,,,project-notes/06-woosung1.md
279,6,강남,강남구,대치우성1차아파트 재건축정비사업조합,사업시행인가,high,A,notice_no,고시번호,2018-399,고시 상세 구조화 필드,structured_value_needs_manual_confirmation,,,,,,,,,,,,,,,,,,,,,,구조화 값의 원천과 기준일을 확인하고 사업별 메모에 확정/보류 상태를 기록,,,,pdf_text_layer,data/urban/text/files/06-11000NTC201812171410-06-11000NTC201812171410-notice_file-서울시고시-제2018-399호.txt,,,,,,,,,project-notes/06-woosung1.md
280,7,강남,강남구,대치쌍용2차아파트 주택재건축정비사업조합,사업시행인가,high,B,notice_date,고시일,2017-07-13,고시 상세 구조화 필드,structured_value_needs_manual_confirmation,,,,,,,,,,,,,,,,,,,,,,구조화 값의 원천과 기준일을 확인하고 사업별 메모에 확정/보류 상태를 기록,,,,pdf_ocr,data/urban/text/files/07-11000NTC201707138200-07-11000NTC201707138200-notice_file-강남구2017-99.txt,,,,,,,,,project-notes/07-ssang2.md
281,7,강남,강남구,대치쌍용2차아파트 주택재건축정비사업조합,사업시행인가,high,B,notice_no,고시번호,2017-99,고시 상세 구조화 필드,structured_value_needs_manual_confirmation,,,,,,,,,,,,,,,,,,,,,,구조화 값의 원천과 기준일을 확인하고 사업별 메모에 확정/보류 상태를 기록,,,,pdf_ocr,data/urban/text/files/07-11000NTC201707138200-07-11000NTC201707138200-notice_file-강남구2017-99.txt,,,,,,,,,project-notes/07-ssang2.md
282,8,강남,강남구,대치쌍용1차아파트 주택재건축정비사업조합,사업시행인가,high,B,notice_date,고시일,2025-11-20,고시 상세 구조화 필드,structured_value_needs_manual_confirmation,,,,,,,,,,,,,,,,,,,,,,구조화 값의 원천과 기준일을 확인하고 사업별 메모에 확정/보류 상태를 기록,,,,pdf_text_layer; pdf_text_layer; pdf_text_layer,data/urban/text/files/08-11680NTC202112010001-08-11680NTC202112010001-business-notice_file-강남구_2021-203호_고시.txt,,,,,,,,,project-notes/08-ssang1.md
283,8,강남,강남구,대치쌍용1차아파트 주택재건축정비사업조합,사업시행인가,high,B,notice_no,고시번호,2025-644,고시 상세 구조화 필드,structured_value_needs_manual_confirmation,,,,,,,,,,,,,,,,,,,,,,구조화 값의 원천과 기준일을 확인하고 사업별 메모에 확정/보류 상태를 기록,,,,pdf_text_layer; pdf_text_layer; pdf_text_layer,data/urban/text/files/08-11680NTC202112010001-08-11680NTC202112010001-business-notice_file-강남구_2021-203호_고시.txt,,,,,,,,,project-notes/08-ssang1.md
284,11,강남,강남구,압구정아파트지구 특별계획구역4,조합설립인가,high,B,notice_date,고시일,2023-11-23,고시 상세 구조화 필드,structured_value_needs_manual_confirmation,,,,,,,,,,,,,,,,,,,,,,구조화 값의 원천과 기준일을 확인하고 사업별 메모에 확정/보류 상태를 기록,,,,pdf_text_layer,data/urban/text/files/11-11000NTC202312010004-11-11000NTC202312010004-notice_file-서울특별시_제2023-516호_고시.txt,,,,,,,,,project-notes/11-apgujeong4.md
285,11,강남,강남구,압구정아파트지구 특별계획구역4,조합설립인가,high,B,notice_no,고시번호,2023-516,고시 상세 구조화 필드,structured_value_needs_manual_confirmation,,,,,,,,,,,,,,,,,,,,,,구조화 값의 원천과 기준일을 확인하고 사업별 메모에 확정/보류 상태를 기록,,,,pdf_text_layer,data/urban/text/files/11-11000NTC202312010004-11-11000NTC202312010004-notice_file-서울특별시_제2023-516호_고시.txt,,,,,,,,,project-notes/11-apgujeong4.md
286,12,강남,강남구,압구정아파트지구 특별계획구역5 재건축정비사업조합,조합설립인가,high,B,notice_date,고시일,2023-11-23,고시 상세 구조화 필드,structured_value_needs_manual_confirmation,,,,,,,,,,,,,,,,,,,,,,구조화 값의 원천과 기준일을 확인하고 사업별 메모에 확정/보류 상태를 기록,,,,pdf_text_layer,data/urban/text/files/12-11000NTC202312010004-12-11000NTC202312010004-notice_file-서울특별시_제2023-516호_고시.txt,,,,,,,,,project-notes/12-apgujeong5.md
287,12,강남,강남구,압구정아파트지구 특별계획구역5 재건축정비사업조합,조합설립인가,high,B,notice_no,고시번호,2023-516,고시 상세 구조화 필드,structured_value_needs_manual_confirmation,,,,,,,,,,,,,,,,,,,,,,구조화 값의 원천과 기준일을 확인하고 사업별 메모에 확정/보류 상태를 기록,,,,pdf_text_layer,data/urban/text/files/12-11000NTC202312010004-12-11000NTC202312010004-notice_file-서울특별시_제2023-516호_고시.txt,,,,,,,,,project-notes/12-apgujeong5.md
288,17,잠실/송파,송파구,송파한양2차아파트 재건축정비사업 조합,조합설립인가,high,B,notice_date,고시일,2025-05-01,고시 상세 구조화 필드,structured_value_needs_manual_confirmation,,,,,,,,,,,,,,,,,,,,,,구조화 값의 원천과 기준일을 확인하고 사업별 메모에 확정/보류 상태를 기록,,,,pdf_ocr; pdf_ocr,data/urban/text/files/17-11000NTC202506170006-17-11000NTC202506170006-business-notice_file-서울특별시_제2025-239호_고시.txt,,,,,,,,,project-notes/17-songpa2.md
289,19,잠실/송파,송파구,대림가락아파트 재건축정비사업조합,조합설립인가,high,B,notice_date,고시일,2021-10-07,고시 상세 구조화 필드,structured_value_needs_manual_confirmation,,,,,,,,,,,,,,,,,,,,,,구조화 값의 원천과 기준일을 확인하고 사업별 메모에 확정/보류 상태를 기록,,,,pdf_ocr,data/urban/text/files/19-11000NTC202111260001-19-11000NTC202111260001-notice_file-서울특별시_2021-551호_고시.txt,,,,,,,,,project-notes/19-daelim.md
290,19,잠실/송파,송파구,대림가락아파트 재건축정비사업조합,조합설립인가,high,B,notice_no,고시번호,2021-551,고시 상세 구조화 필드,structured_value_needs_manual_confirmation,,,,,,,,,,,,,,,,,,,,,,구조화 값의 원천과 기준일을 확인하고 사업별 메모에 확정/보류 상태를 기록,,,,pdf_ocr,data/urban/text/files/19-11000NTC202111260001-19-11000NTC202111260001-notice_file-서울특별시_2021-551호_고시.txt,,,,,,,,,project-notes/19-daelim.md
291,22,구의/광진,광진구,중곡아파트 주택재건축정비사업조합,조합설립인가,high,B,notice_date,고시일,2014-11-13,고시 상세 구조화 필드,structured_value_needs_manual_confirmation,,,,,,,,,,,,,,,,,,,,,,구조화 값의 원천과 기준일을 확인하고 사업별 메모에 확정/보류 상태를 기록,,,,hwp5_body_stream,data/urban/text/files/22-11000NTC201411137333-22-11000NTC201411137333-notice_file-서울특별시2014-382.txt,,,,,,,,,project-notes/22-junggokapt.md
292,22,구의/광진,광진구,중곡아파트 주택재건축정비사업조합,조합설립인가,high,B,notice_no,고시번호,2014-382,고시 상세 구조화 필드,structured_value_needs_manual_confirmation,,,,,,,,,,,,,,,,,,,,,,구조화 값의 원천과 기준일을 확인하고 사업별 메모에 확정/보류 상태를 기록,,,,hwp5_body_stream,data/urban/text/files/22-11000NTC201411137333-22-11000NTC201411137333-notice_file-서울특별시2014-382.txt,,,,,,,,,project-notes/22-junggokapt.md
293,28,구의/광진,광진구,자양번영로3나길 일대 가로주택정비사업,조합설립인가,high,D,stage_consent_rate_pct,단계 공개 동의율,86.6,정보몽땅 공개항목,structured_value_needs_manual_confirmation,,,,,,,,,,,,,,,,,,,,,,구조화 값의 원천과 기준일을 확인하고 사업별 메모에 확정/보류 상태를 기록,,,,,,,,,,,,,,project-notes/28-jayang588-22.md
294,28,구의/광진,광진구,자양번영로3나길 일대 가로주택정비사업,조합설립인가,high,D,union_approval_date,조합설립인가일,2023-11-15,정보몽땅 공개항목,structured_value_needs_manual_confirmation,,,,,,,,,,,,,,,,,,,,,,구조화 값의 원천과 기준일을 확인하고 사업별 메모에 확정/보류 상태를 기록,,,,,,,,,,,,,,project-notes/28-jayang588-22.md
295,30,구의/광진,광진구,자양4동 A구역 주택재개발사업,정비구역지정,high,B,notice_date,고시일,2025-07-03,고시 상세 구조화 필드,structured_value_needs_manual_confirmation,,,,,,,,,,,,,,,,,,,,,,구조화 값의 원천과 기준일을 확인하고 사업별 메모에 확정/보류 상태를 기록,,,,pdf_text_layer,data/urban/text/files/30-11215NTC202505200003-30-11215NTC202505200003-notice_file-서울특별시_제2025-356호_고시.txt,,,,,,,,,project-notes/30-jayangdong.md
296,30,구의/광진,광진구,자양4동 A구역 주택재개발사업,정비구역지정,high,B,notice_no,고시번호,2025-356,고시 상세 구조화 필드,structured_value_needs_manual_confirmation,,,,,,,,,,,,,,,,,,,,,,구조화 값의 원천과 기준일을 확인하고 사업별 메모에 확정/보류 상태를 기록,,,,pdf_text_layer,data/urban/text/files/30-11215NTC202505200003-30-11215NTC202505200003-notice_file-서울특별시_제2025-356호_고시.txt,,,,,,,,,project-notes/30-jayangdong.md
297,1,잠실/송파,송파구,잠실5단지아파트 주택재건축정비사업조합,조합설립인가,very_high,A,district_area_sqm,정비구역 면적,"358,077",비교 매트릭스 공식 수치,snippet_candidate_needs_manual_confirmation,,,,,,,,,,,,,,,,,,,,,,자동 추출 스니펫 주변 문맥을 읽고 확정 수치 여부를 표시,P1,promote_snippets_to_confirmed_values,19,pdf_text_layer,data/urban/text/files/01-11710NTC202409230003-01-11710NTC202409230003-notice_file-서울특별시_제2024-432호_고시.txt,,,,,,,,,project-notes/01-jamsil5apt.md
298,1,잠실/송파,송파구,잠실5단지아파트 주택재건축정비사업조합,조합설립인가,very_high,A,floor_area_ratio_pct,용적률,323,비교 매트릭스 공식 수치,snippet_candidate_needs_manual_confirmation,,,,,,,,,,,,,,,,,,,,,,자동 추출 스니펫 주변 문맥을 읽고 확정 수치 여부를 표시,P1,promote_snippets_to_confirmed_values,19,pdf_text_layer,data/urban/text/files/01-11710NTC202409230003-01-11710NTC202409230003-notice_file-서울특별시_제2024-432호_고시.txt,,,,,,,,,project-notes/01-jamsil5apt.md
299,1,잠실/송파,송파구,잠실5단지아파트 주택재건축정비사업조합,조합설립인가,very_high,A,total_households,총 세대수,"6,491",비교 매트릭스 공식 수치,snippet_candidate_needs_manual_confirmation,,,,,,,,,,,,,,,,,,,,,,자동 추출 스니펫 주변 문맥을 읽고 확정 수치 여부를 표시,P1,promote_snippets_to_confirmed_values,19,pdf_text_layer,data/urban/text/files/01-11710NTC202409230003-01-11710NTC202409230003-notice_file-서울특별시_제2024-432호_고시.txt,,,,,,,,,project-notes/01-jamsil5apt.md
300,2,강남,강남구,압구정아파트지구 특별계획구역② 재건축정비사업조합,조합설립인가,very_high,B,district_area_sqm,정비구역 면적,"172,588.2",비교 매트릭스 공식 수치,snippet_candidate_needs_manual_confirmation,,,,,,,,,,,,,,,,,,,,,,자동 추출 스니펫 주변 문맥을 읽고 확정 수치 여부를 표시,P1,promote_snippets_to_confirmed_values,20,pdf_text_layer,data/urban/text/files/02-11000NTC202504070006-02-11000NTC202504070006-notice_file-서울특별시_제2025-136호_고시.txt,,,,,,,,,project-notes/02-apgujeong2.md
301,2,강남,강남구,압구정아파트지구 특별계획구역② 재건축정비사업조합,조합설립인가,very_high,B,floor_area_ratio_pct,용적률,230,비교 매트릭스 공식 수치,snippet_candidate_needs_manual_confirmation,,,,,,,,,,,,,,,,,,,,,,자동 추출 스니펫 주변 문맥을 읽고 확정 수치 여부를 표시,P1,promote_snippets_to_confirmed_values,20,pdf_text_layer,data/urban/text/files/02-11000NTC202504070006-02-11000NTC202504070006-notice_file-서울특별시_제2025-136호_고시.txt,,,,,,,,,project-notes/02-apgujeong2.md
302,2,강남,강남구,압구정아파트지구 특별계획구역② 재건축정비사업조합,조합설립인가,very_high,B,total_households,총 세대수,"2,571",비교 매트릭스 공식 수치,snippet_candidate_needs_manual_confirmation,,,,,,,,,,,,,,,,,,,,,,자동 추출 스니펫 주변 문맥을 읽고 확정 수치 여부를 표시,P1,promote_snippets_to_confirmed_values,20,pdf_text_layer,data/urban/text/files/02-11000NTC202504070006-02-11000NTC202504070006-notice_file-서울특별시_제2025-136호_고시.txt,,,,,,,,,project-notes/02-apgujeong2.md
303,3,잠실/송파,송파구,잠실우성아파트 재건축정비사업조합,조합설립인가,very_high,B,district_area_sqm,정비구역 면적,"120,354.2",비교 매트릭스 공식 수치,snippet_candidate_needs_manual_confirmation,,,,,,,,,,,,,,,,,,,,,,자동 추출 스니펫 주변 문맥을 읽고 확정 수치 여부를 표시,P1,promote_snippets_to_confirmed_values,21,hwp5_body_stream,data/urban/text/files/03-11000NTC201512177681-03-11000NTC201512177681-notice_file-서울특별시2015-401.txt,,,,,,,,,project-notes/03-q1qk5nf6.md
304,3,잠실/송파,송파구,잠실우성아파트 재건축정비사업조합,조합설립인가,very_high,B,floor_area_ratio_pct,용적률,300,비교 매트릭스 공식 수치,snippet_candidate_needs_manual_confirmation,,,,,,,,,,,,,,,,,,,,,,자동 추출 스니펫 주변 문맥을 읽고 확정 수치 여부를 표시,P1,promote_snippets_to_confirmed_values,21,hwp5_body_stream,data/urban/text/files/03-11000NTC201512177681-03-11000NTC201512177681-notice_file-서울특별시2015-401.txt,,,,,,,,,project-notes/03-q1qk5nf6.md
305,4,강남,강남구,은마아파트 재건축정비사업조합,조합설립인가,very_high,A,district_area_sqm,정비구역 면적,"243,552.6",비교 매트릭스 공식 수치,snippet_candidate_needs_manual_confirmation,,,,,,,,,,,,,,,,,,,,,,자동 추출 스니펫 주변 문맥을 읽고 확정 수치 여부를 표시,P1,promote_snippets_to_confirmed_values,22,pdf_text_layer,data/urban/text/files/04-11680NTC202303030002-04-11680NTC202303030002-notice_file-서울특별시_2023-51호_고시.txt,,,,,,,,,project-notes/04-the-eunma.md
306,4,강남,강남구,은마아파트 재건축정비사업조합,조합설립인가,very_high,A,floor_area_ratio_pct,용적률,300,비교 매트릭스 공식 수치,snippet_candidate_needs_manual_confirmation,,,,,,,,,,,,,,,,,,,,,,자동 추출 스니펫 주변 문맥을 읽고 확정 수치 여부를 표시,P1,promote_snippets_to_confirmed_values,22,pdf_text_layer,data/urban/text/files/04-11680NTC202303030002-04-11680NTC202303030002-notice_file-서울특별시_2023-51호_고시.txt,,,,,,,,,project-notes/04-the-eunma.md
307,4,강남,강남구,은마아파트 재건축정비사업조합,조합설립인가,very_high,A,total_households,총 세대수,"5,778",비교 매트릭스 공식 수치,snippet_candidate_needs_manual_confirmation,,,,,,,,,,,,,,,,,,,,,,자동 추출 스니펫 주변 문맥을 읽고 확정 수치 여부를 표시,P1,promote_snippets_to_confirmed_values,22,pdf_text_layer,data/urban/text/files/04-11680NTC202303030002-04-11680NTC202303030002-notice_file-서울특별시_2023-51호_고시.txt,,,,,,,,,project-notes/04-the-eunma.md
308,10,강남,강남구,압구정아파트지구 특별계획구역③ 재건축정비사업 조합,조합설립인가,very_high,B,district_area_sqm,정비구역 면적,"400,633.2",비교 매트릭스 공식 수치,snippet_candidate_needs_manual_confirmation,,,,,,,,,,,,,,,,,,,,,,자동 추출 스니펫 주변 문맥을 읽고 확정 수치 여부를 표시,P1,promote_snippets_to_confirmed_values,26,pdf_text_layer,data/cleanup/files/apgujeong3-official/summary-20260623.html,,,,,,,,,project-notes/10-apgujeong3.md
309,10,강남,강남구,압구정아파트지구 특별계획구역③ 재건축정비사업 조합,조합설립인가,very_high,B,floor_area_ratio_pct,용적률,300,비교 매트릭스 공식 수치,snippet_candidate_needs_manual_confirmation,,,,,,,,,,,,,,,,,,,,,,자동 추출 스니펫 주변 문맥을 읽고 확정 수치 여부를 표시,P1,promote_snippets_to_confirmed_values,26,pdf_text_layer,data/cleanup/files/apgujeong3-official/summary-20260623.html,,,,,,,,,project-notes/10-apgujeong3.md
310,10,강남,강남구,압구정아파트지구 특별계획구역③ 재건축정비사업 조합,조합설립인가,very_high,B,total_households,총 세대수,"5,175",비교 매트릭스 공식 수치,snippet_candidate_needs_manual_confirmation,,,,,,,,,,,,,,,,,,,,,,자동 추출 스니펫 주변 문맥을 읽고 확정 수치 여부를 표시,P1,promote_snippets_to_confirmed_values,26,pdf_text_layer,data/cleanup/files/apgujeong3-official/summary-20260623.html,,,,,,,,,project-notes/10-apgujeong3.md
311,13,구의/광진,광진구,자양제7구역 주택재건축정비사업 조합,조합설립인가,very_high,A,district_area_sqm,정비구역 면적,"44,658.5",비교 매트릭스 공식 수치,snippet_candidate_needs_manual_confirmation,,,,,,,,,,,,,,,,,,,,,,자동 추출 스니펫 주변 문맥을 읽고 확정 수치 여부를 표시,P1,promote_snippets_to_confirmed_values,27,hwp5_body_stream,data/urban/text/files/13-11000NTC201808300002-13-11000NTC201808300002-notice_file-서울특별시2018-268.txt,,,,,,,,,project-notes/13-jayang7.md
312,13,구의/광진,광진구,자양제7구역 주택재건축정비사업 조합,조합설립인가,very_high,A,floor_area_ratio_pct,용적률,247,비교 매트릭스 공식 수치,snippet_candidate_needs_manual_confirmation,,,,,,,,,,,,,,,,,,,,,,자동 추출 스니펫 주변 문맥을 읽고 확정 수치 여부를 표시,P1,promote_snippets_to_confirmed_values,27,hwp5_body_stream,data/urban/text/files/13-11000NTC201808300002-13-11000NTC201808300002-notice_file-서울특별시2018-268.txt,,,,,,,,,project-notes/13-jayang7.md
313,13,구의/광진,광진구,자양제7구역 주택재건축정비사업 조합,조합설립인가,very_high,A,total_households,총 세대수,917,비교 매트릭스 공식 수치,snippet_candidate_needs_manual_confirmation,,,,,,,,,,,,,,,,,,,,,,자동 추출 스니펫 주변 문맥을 읽고 확정 수치 여부를 표시,P1,promote_snippets_to_confirmed_values,27,hwp5_body_stream,data/urban/text/files/13-11000NTC201808300002-13-11000NTC201808300002-notice_file-서울특별시2018-268.txt,,,,,,,,,project-notes/13-jayang7.md
314,26,구의/광진,광진구,자양한양아파트 재건축정비사업,추진위원회승인,very_high,B,district_area_sqm,정비구역 면적,"40,179.2",비교 매트릭스 공식 수치,snippet_candidate_needs_manual_confirmation,,,,,,,,,,,,,,,,,,,,,,자동 추출 스니펫 주변 문맥을 읽고 확정 수치 여부를 표시,P1,promote_snippets_to_confirmed_values,31,pdf_text_layer,data/urban/text/files/26-11215NTC202406040002-26-11215NTC202406040002-notice_file-서울특별시_제2024-267호_고시.txt,,,,,,,,,project-notes/26-jyhy2024.md
315,26,구의/광진,광진구,자양한양아파트 재건축정비사업,추진위원회승인,very_high,B,floor_area_ratio_pct,용적률,293.77,비교 매트릭스 공식 수치,snippet_candidate_needs_manual_confirmation,,,,,,,,,,,,,,,,,,,,,,자동 추출 스니펫 주변 문맥을 읽고 확정 수치 여부를 표시,P1,promote_snippets_to_confirmed_values,31,pdf_text_layer,data/urban/text/files/26-11215NTC202406040002-26-11215NTC202406040002-notice_file-서울특별시_제2024-267호_고시.txt,,,,,,,,,project-notes/26-jyhy2024.md
316,26,구의/광진,광진구,자양한양아파트 재건축정비사업,추진위원회승인,very_high,B,total_households,총 세대수,859,비교 매트릭스 공식 수치,snippet_candidate_needs_manual_confirmation,,,,,,,,,,,,,,,,,,,,,,자동 추출 스니펫 주변 문맥을 읽고 확정 수치 여부를 표시,P1,promote_snippets_to_confirmed_values,31,pdf_text_layer,data/urban/text/files/26-11215NTC202406040002-26-11215NTC202406040002-notice_file-서울특별시_제2024-267호_고시.txt,,,,,,,,,project-notes/26-jyhy2024.md
317,18,잠실/송파,송파구,송파미성아파트 재건축정비사업조합,조합설립인가,watch,B,max_height_m,최고높이,124,비교 매트릭스 공식 수치,structured_value_needs_manual_confirmation,,,,,,,,,,,,,,,,,,,,,,구조화 값의 원천과 기준일을 확인하고 사업별 메모에 확정/보류 상태를 기록,,,,pdf_text_layer; pdf_text_layer,data/urban/text/files/18-11710NTC202104230008-18-11710NTC202104230008-notice_file-서울특별시_2021-146호_고시.txt,,,,,,,,,project-notes/18-songpams.md
318,6,강남,강남구,대치우성1차아파트 재건축정비사업조합,사업시행인가,high,A,district_area_sqm,정비구역 면적,"28,793",비교 매트릭스 공식 수치,snippet_candidate_needs_manual_confirmation,,,,,,,,,,,,,,,,,,,,,,자동 추출 스니펫 주변 문맥을 읽고 확정 수치 여부를 표시,P1,promote_snippets_to_confirmed_values,45,pdf_text_layer,data/urban/text/files/06-11000NTC201812171410-06-11000NTC201812171410-notice_file-서울시고시-제2018-399호.txt,,,,,,,,,project-notes/06-woosung1.md
319,6,강남,강남구,대치우성1차아파트 재건축정비사업조합,사업시행인가,high,A,floor_area_ratio_pct,용적률,300,비교 매트릭스 공식 수치,snippet_candidate_needs_manual_confirmation,,,,,,,,,,,,,,,,,,,,,,자동 추출 스니펫 주변 문맥을 읽고 확정 수치 여부를 표시,P1,promote_snippets_to_confirmed_values,45,pdf_text_layer,data/urban/text/files/06-11000NTC201812171410-06-11000NTC201812171410-notice_file-서울시고시-제2018-399호.txt,,,,,,,,,project-notes/06-woosung1.md
320,6,강남,강남구,대치우성1차아파트 재건축정비사업조합,사업시행인가,high,A,total_households,총 세대수,725,비교 매트릭스 공식 수치,snippet_candidate_needs_manual_confirmation,,,,,,,,,,,,,,,,,,,,,,자동 추출 스니펫 주변 문맥을 읽고 확정 수치 여부를 표시,P1,promote_snippets_to_confirmed_values,45,pdf_text_layer,data/urban/text/files/06-11000NTC201812171410-06-11000NTC201812171410-notice_file-서울시고시-제2018-399호.txt,,,,,,,,,project-notes/06-woosung1.md
321,8,강남,강남구,대치쌍용1차아파트 주택재건축정비사업조합,사업시행인가,high,B,district_area_sqm,정비구역 면적,"47,659",비교 매트릭스 공식 수치,snippet_candidate_needs_manual_confirmation,,,,,,,,,,,,,,,,,,,,,,자동 추출 스니펫 주변 문맥을 읽고 확정 수치 여부를 표시,P1,crosscheck_cost_infrastructure,39,pdf_text_layer; pdf_text_layer; pdf_text_layer,data/urban/text/files/08-11680NTC202112010001-08-11680NTC202112010001-business-notice_file-강남구_2021-203호_고시.txt,,,,,,,,,project-notes/08-ssang1.md
322,8,강남,강남구,대치쌍용1차아파트 주택재건축정비사업조합,사업시행인가,high,B,floor_area_ratio_pct,용적률,300,비교 매트릭스 공식 수치,snippet_candidate_needs_manual_confirmation,,,,,,,,,,,,,,,,,,,,,,자동 추출 스니펫 주변 문맥을 읽고 확정 수치 여부를 표시,P1,crosscheck_cost_infrastructure,39,pdf_text_layer; pdf_text_layer; pdf_text_layer,data/urban/text/files/08-11680NTC202112010001-08-11680NTC202112010001-business-notice_file-강남구_2021-203호_고시.txt,,,,,,,,,project-notes/08-ssang1.md
323,11,강남,강남구,압구정아파트지구 특별계획구역4,조합설립인가,high,B,district_area_sqm,정비구역 면적,"118,859.6",비교 매트릭스 공식 수치,snippet_candidate_needs_manual_confirmation,,,,,,,,,,,,,,,,,,,,,,자동 추출 스니펫 주변 문맥을 읽고 확정 수치 여부를 표시,P1,crosscheck_cost_infrastructure,34,pdf_text_layer,data/urban/text/files/11-11000NTC202312010004-11-11000NTC202312010004-notice_file-서울특별시_제2023-516호_고시.txt,,,,,,,,,project-notes/11-apgujeong4.md
324,12,강남,강남구,압구정아파트지구 특별계획구역5 재건축정비사업조합,조합설립인가,high,B,district_area_sqm,정비구역 면적,789.87,비교 매트릭스 공식 수치,snippet_candidate_needs_manual_confirmation,,,,,,,,,,,,,,,,,,,,,,자동 추출 스니펫 주변 문맥을 읽고 확정 수치 여부를 표시,P1,crosscheck_cost_infrastructure,40,pdf_text_layer,data/urban/text/files/12-11000NTC202312010004-12-11000NTC202312010004-notice_file-서울특별시_제2023-516호_고시.txt,,,,,,,,,project-notes/12-apgujeong5.md
325,22,구의/광진,광진구,중곡아파트 주택재건축정비사업조합,조합설립인가,high,B,district_area_sqm,정비구역 면적,"10,262.3",비교 매트릭스 공식 수치,snippet_candidate_needs_manual_confirmation,,,,,,,,,,,,,,,,,,,,,,자동 추출 스니펫 주변 문맥을 읽고 확정 수치 여부를 표시,P1,crosscheck_cost_infrastructure,46,hwp5_body_stream,data/urban/text/files/22-11000NTC201411137333-22-11000NTC201411137333-notice_file-서울특별시2014-382.txt,,,,,,,,,project-notes/22-junggokapt.md
326,22,구의/광진,광진구,중곡아파트 주택재건축정비사업조합,조합설립인가,high,B,floor_area_ratio_pct,용적률,250,비교 매트릭스 공식 수치,snippet_candidate_needs_manual_confirmation,,,,,,,,,,,,,,,,,,,,,,자동 추출 스니펫 주변 문맥을 읽고 확정 수치 여부를 표시,P1,crosscheck_cost_infrastructure,46,hwp5_body_stream,data/urban/text/files/22-11000NTC201411137333-22-11000NTC201411137333-notice_file-서울특별시2014-382.txt,,,,,,,,,project-notes/22-junggokapt.md
327,30,구의/광진,광진구,자양4동 A구역 주택재개발사업,정비구역지정,high,B,district_area_sqm,정비구역 면적,"139,130",비교 매트릭스 공식 수치,snippet_candidate_needs_manual_confirmation,,,,,,,,,,,,,,,,,,,,,,자동 추출 스니펫 주변 문맥을 읽고 확정 수치 여부를 표시,P1,crosscheck_cost_infrastructure,47,pdf_text_layer,data/urban/text/files/30-11215NTC202505200003-30-11215NTC202505200003-notice_file-서울특별시_제2025-356호_고시.txt,,,,,,,,,project-notes/30-jayangdong.md
328,23,구의/광진,광진구,광장동 삼성1차아파트 소규모재건축정비사업,조합설립인가,high,D,building_coverage_ratio_pct,건폐율,20,비교 매트릭스 공식 수치,no_source_text,,,,,,,,,,,,,,,,,,,,,,원문 텍스트 또는 자치구 원문 연결을 먼저 확보,P0,connect_recordcode_original_notice,17,,analysis/source-link-repair-candidates.md; data/cleanup/project-summaries-priority-candidates.json; https://cleanup.seoul.go.kr/cafe/mastr-cleanup-bsnsSumry/execute.do?cafeId=215900000929v34&stepSeCode=102&div=sumry,direct_value_match,정보몽땅 사업개요,20,exact,https://cleanup.seoul.go.kr/cafe/mastr-cleanup-bsnsSumry/execute.do?cafeId=215900000929v34&stepSeCode=102&div=sumry,data/cleanup/project-summaries-priority-candidates.json,정보몽땅 사업개요의 구조화 값이 현재값과 일치한다.,official_summary_exact_match_pending_original_notice,project-notes/23-j15171517.md
329,23,구의/광진,광진구,광장동 삼성1차아파트 소규모재건축정비사업,조합설립인가,high,D,floors,층수,지상:40/지하:3,비교 매트릭스 공식 수치,no_source_text,,,,,,,,,,,,,,,,,,,,,,원문 텍스트 또는 자치구 원문 연결을 먼저 확보,P0,connect_recordcode_original_notice,17,,analysis/source-link-repair-candidates.md; data/cleanup/project-summaries-priority-candidates.json; https://cleanup.seoul.go.kr/cafe/mastr-cleanup-bsnsSumry/execute.do?cafeId=215900000929v34&stepSeCode=102&div=sumry,direct_value_match,정보몽땅 사업개요,지상:40/지하:3,exact,https://cleanup.seoul.go.kr/cafe/mastr-cleanup-bsnsSumry/execute.do?cafeId=215900000929v34&stepSeCode=102&div=sumry,data/cleanup/project-summaries-priority-candidates.json,정보몽땅 사업개요의 구조화 값이 현재값과 일치한다.,official_summary_exact_match_pending_original_notice,project-notes/23-j15171517.md
330,23,구의/광진,광진구,광장동 삼성1차아파트 소규모재건축정비사업,조합설립인가,high,D,max_height_m,최고높이,0,비교 매트릭스 공식 수치,no_source_text,,,,,,,,,,,,,,,,,,,,,,원문 텍스트 또는 자치구 원문 연결을 먼저 확보,P0,connect_recordcode_original_notice,17,,analysis/source-link-repair-candidates.md; data/cleanup/project-summaries-priority-candidates.json; https://cleanup.seoul.go.kr/cafe/mastr-cleanup-bsnsSumry/execute.do?cafeId=215900000929v34&stepSeCode=102&div=sumry,direct_value_match,정보몽땅 사업개요,0,exact,https://cleanup.seoul.go.kr/cafe/mastr-cleanup-bsnsSumry/execute.do?cafeId=215900000929v34&stepSeCode=102&div=sumry,data/cleanup/project-summaries-priority-candidates.json,정보몽땅 사업개요의 구조화 값이 현재값과 일치한다.,official_summary_exact_match_pending_original_notice,project-notes/23-j15171517.md
331,23,구의/광진,광진구,광장동 삼성1차아파트 소규모재건축정비사업,조합설립인가,high,D,total_households,총 세대수,185,비교 매트릭스 공식 수치,no_source_text,,,,,,,,,,,,,,,,,,,,,,원문 텍스트 또는 자치구 원문 연결을 먼저 확보,P0,connect_recordcode_original_notice,17,,analysis/source-link-repair-candidates.md; data/cleanup/project-summaries-priority-candidates.json; https://cleanup.seoul.go.kr/cafe/mastr-cleanup-bsnsSumry/execute.do?cafeId=215900000929v34&stepSeCode=102&div=sumry,direct_value_match,정보몽땅 사업개요,185,exact,https://cleanup.seoul.go.kr/cafe/mastr-cleanup-bsnsSumry/execute.do?cafeId=215900000929v34&stepSeCode=102&div=sumry,data/cleanup/project-summaries-priority-candidates.json,정보몽땅 사업개요의 구조화 값이 현재값과 일치한다.,official_summary_exact_match_pending_original_notice,project-notes/23-j15171517.md
332,28,구의/광진,광진구,자양번영로3나길 일대 가로주택정비사업,조합설립인가,high,D,building_coverage_ratio_pct,건폐율,23,비교 매트릭스 공식 수치,no_source_text,,,,,,,,,,,,,,,,,,,,,,원문 텍스트 또는 자치구 원문 연결을 먼저 확보,P0,connect_recordcode_original_notice,18,,analysis/source-link-repair-candidates.md; data/cleanup/project-summaries-priority-candidates.json; https://cleanup.seoul.go.kr/cafe/mastr-cleanup-bsnsSumry/execute.do?cafeId=215900001146M77&stepSeCode=102&div=sumry,direct_value_match,정보몽땅 사업개요,23,exact,https://cleanup.seoul.go.kr/cafe/mastr-cleanup-bsnsSumry/execute.do?cafeId=215900001146M77&stepSeCode=102&div=sumry,data/cleanup/project-summaries-priority-candidates.json,정보몽땅 사업개요의 구조화 값이 현재값과 일치한다.,official_summary_exact_match_pending_original_notice,project-notes/28-jayang588-22.md
333,28,구의/광진,광진구,자양번영로3나길 일대 가로주택정비사업,조합설립인가,high,D,floors,층수,지상:20/지하:3,비교 매트릭스 공식 수치,no_source_text,,,,,,,,,,,,,,,,,,,,,,원문 텍스트 또는 자치구 원문 연결을 먼저 확보,P0,connect_recordcode_original_notice,18,,analysis/source-link-repair-candidates.md; data/cleanup/project-summaries-priority-candidates.json; https://cleanup.seoul.go.kr/cafe/mastr-cleanup-bsnsSumry/execute.do?cafeId=215900001146M77&stepSeCode=102&div=sumry,direct_value_match,정보몽땅 사업개요,지상:20/지하:3,exact,https://cleanup.seoul.go.kr/cafe/mastr-cleanup-bsnsSumry/execute.do?cafeId=215900001146M77&stepSeCode=102&div=sumry,data/cleanup/project-summaries-priority-candidates.json,정보몽땅 사업개요의 구조화 값이 현재값과 일치한다.,official_summary_exact_match_pending_original_notice,project-notes/28-jayang588-22.md
334,28,구의/광진,광진구,자양번영로3나길 일대 가로주택정비사업,조합설립인가,high,D,max_height_m,최고높이,58,비교 매트릭스 공식 수치,no_source_text,,,,,,,,,,,,,,,,,,,,,,원문 텍스트 또는 자치구 원문 연결을 먼저 확보,P0,connect_recordcode_original_notice,18,,analysis/source-link-repair-candidates.md; data/cleanup/project-summaries-priority-candidates.json; https://cleanup.seoul.go.kr/cafe/mastr-cleanup-bsnsSumry/execute.do?cafeId=215900001146M77&stepSeCode=102&div=sumry,direct_value_match,정보몽땅 사업개요,58,exact,https://cleanup.seoul.go.kr/cafe/mastr-cleanup-bsnsSumry/execute.do?cafeId=215900001146M77&stepSeCode=102&div=sumry,data/cleanup/project-summaries-priority-candidates.json,정보몽땅 사업개요의 구조화 값이 현재값과 일치한다.,official_summary_exact_match_pending_original_notice,project-notes/28-jayang588-22.md
335,1,잠실/송파,송파구,잠실5단지아파트 주택재건축정비사업조합,조합설립인가,very_high,A,management_approval_date,관리처분인가일,,원문 텍스트 추출 결과,not_yet_applicable,,,,,,,,,,,,,,,,,,,,,,현재 진행단계에서는 아직 필수 비교값이 아니므로 단계 변경 시 재확인,,,,pdf_text_layer,data/urban/text/files/01-11710NTC202409230003-01-11710NTC202409230003-notice_file-서울특별시_제2024-432호_고시.txt,,,,,,,,,project-notes/01-jamsil5apt.md
336,1,잠실/송파,송파구,잠실5단지아파트 주택재건축정비사업조합,조합설립인가,very_high,A,management_construction_cost,관리처분 공사비,,원문 텍스트 추출 결과,not_yet_applicable,,,,,,,,,,,,,,,,,,,,,,현재 진행단계에서는 아직 필수 비교값이 아니므로 단계 변경 시 재확인,,,,pdf_text_layer,data/urban/text/files/01-11710NTC202409230003-01-11710NTC202409230003-notice_file-서울특별시_제2024-432호_고시.txt,,,,,,,,,project-notes/01-jamsil5apt.md
337,1,잠실/송파,송파구,잠실5단지아파트 주택재건축정비사업조합,조합설립인가,very_high,A,project_approval_date,사업시행인가일,,원문 텍스트 추출 결과,not_yet_applicable,,,,,,,,,,,,,,,,,,,,,,현재 진행단계에서는 아직 필수 비교값이 아니므로 단계 변경 시 재확인,,,,pdf_text_layer,data/urban/text/files/01-11710NTC202409230003-01-11710NTC202409230003-notice_file-서울특별시_제2024-432호_고시.txt,,,,,,,,,project-notes/01-jamsil5apt.md
338,2,강남,강남구,압구정아파트지구 특별계획구역② 재건축정비사업조합,조합설립인가,very_high,B,management_approval_date,관리처분인가일,,원문 텍스트 추출 결과,not_yet_applicable,,,,,,,,,,,,,,,,,,,,,,현재 진행단계에서는 아직 필수 비교값이 아니므로 단계 변경 시 재확인,,,,pdf_text_layer,data/urban/text/files/02-11000NTC202504070006-02-11000NTC202504070006-notice_file-서울특별시_제2025-136호_고시.txt,,,,,,,,,project-notes/02-apgujeong2.md
339,2,강남,강남구,압구정아파트지구 특별계획구역② 재건축정비사업조합,조합설립인가,very_high,B,management_construction_cost,관리처분 공사비,,원문 텍스트 추출 결과,not_yet_applicable,,,,,,,,,,,,,,,,,,,,,,현재 진행단계에서는 아직 필수 비교값이 아니므로 단계 변경 시 재확인,,,,pdf_text_layer,data/urban/text/files/02-11000NTC202504070006-02-11000NTC202504070006-notice_file-서울특별시_제2025-136호_고시.txt,,,,,,,,,project-notes/02-apgujeong2.md
340,2,강남,강남구,압구정아파트지구 특별계획구역② 재건축정비사업조합,조합설립인가,very_high,B,project_approval_date,사업시행인가일,,원문 텍스트 추출 결과,not_yet_applicable,,,,,,,,,,,,,,,,,,,,,,현재 진행단계에서는 아직 필수 비교값이 아니므로 단계 변경 시 재확인,,,,pdf_text_layer,data/urban/text/files/02-11000NTC202504070006-02-11000NTC202504070006-notice_file-서울특별시_제2025-136호_고시.txt,,,,,,,,,project-notes/02-apgujeong2.md
341,3,잠실/송파,송파구,잠실우성아파트 재건축정비사업조합,조합설립인가,very_high,B,management_approval_date,관리처분인가일,,원문 텍스트 추출 결과,not_yet_applicable,,,,,,,,,,,,,,,,,,,,,,현재 진행단계에서는 아직 필수 비교값이 아니므로 단계 변경 시 재확인,,,,hwp5_body_stream,data/urban/text/files/03-11000NTC201512177681-03-11000NTC201512177681-notice_file-서울특별시2015-401.txt,,,,,,,,,project-notes/03-q1qk5nf6.md
342,3,잠실/송파,송파구,잠실우성아파트 재건축정비사업조합,조합설립인가,very_high,B,management_construction_cost,관리처분 공사비,,원문 텍스트 추출 결과,not_yet_applicable,,,,,,,,,,,,,,,,,,,,,,현재 진행단계에서는 아직 필수 비교값이 아니므로 단계 변경 시 재확인,,,,hwp5_body_stream,data/urban/text/files/03-11000NTC201512177681-03-11000NTC201512177681-notice_file-서울특별시2015-401.txt,,,,,,,,,project-notes/03-q1qk5nf6.md
343,3,잠실/송파,송파구,잠실우성아파트 재건축정비사업조합,조합설립인가,very_high,B,project_approval_date,사업시행인가일,,원문 텍스트 추출 결과,not_yet_applicable,,,,,,,,,,,,,,,,,,,,,,현재 진행단계에서는 아직 필수 비교값이 아니므로 단계 변경 시 재확인,,,,hwp5_body_stream,data/urban/text/files/03-11000NTC201512177681-03-11000NTC201512177681-notice_file-서울특별시2015-401.txt,,,,,,,,,project-notes/03-q1qk5nf6.md
344,4,강남,강남구,은마아파트 재건축정비사업조합,조합설립인가,very_high,A,management_approval_date,관리처분인가일,,원문 텍스트 추출 결과,not_yet_applicable,,,,,,,,,,,,,,,,,,,,,,현재 진행단계에서는 아직 필수 비교값이 아니므로 단계 변경 시 재확인,,,,pdf_text_layer,data/urban/text/files/04-11680NTC202303030002-04-11680NTC202303030002-notice_file-서울특별시_2023-51호_고시.txt,,,,,,,,,project-notes/04-the-eunma.md
345,4,강남,강남구,은마아파트 재건축정비사업조합,조합설립인가,very_high,A,management_construction_cost,관리처분 공사비,,원문 텍스트 추출 결과,not_yet_applicable,,,,,,,,,,,,,,,,,,,,,,현재 진행단계에서는 아직 필수 비교값이 아니므로 단계 변경 시 재확인,,,,pdf_text_layer,data/urban/text/files/04-11680NTC202303030002-04-11680NTC202303030002-notice_file-서울특별시_2023-51호_고시.txt,,,,,,,,,project-notes/04-the-eunma.md
346,4,강남,강남구,은마아파트 재건축정비사업조합,조합설립인가,very_high,A,project_approval_date,사업시행인가일,,원문 텍스트 추출 결과,not_yet_applicable,,,,,,,,,,,,,,,,,,,,,,현재 진행단계에서는 아직 필수 비교값이 아니므로 단계 변경 시 재확인,,,,pdf_text_layer,data/urban/text/files/04-11680NTC202303030002-04-11680NTC202303030002-notice_file-서울특별시_2023-51호_고시.txt,,,,,,,,,project-notes/04-the-eunma.md
347,5,잠실/송파,송파구,"장미1,2,3차아파트 주택재건축정비사업 조합",조합설립인가,very_high,B,management_approval_date,관리처분인가일,,원문 텍스트 추출 결과,not_yet_applicable,,,,,,,,,,,,,,,,,,,,,,현재 진행단계에서는 아직 필수 비교값이 아니므로 단계 변경 시 재확인,,,,pdf_text_layer,data/urban/text/files/05-11000NTC202505290003-05-11000NTC202505290003-notice_file-서울특별시_제2025-278호_고시.txt,,,,,,,,,project-notes/05-jmapt1.md
348,5,잠실/송파,송파구,"장미1,2,3차아파트 주택재건축정비사업 조합",조합설립인가,very_high,B,management_construction_cost,관리처분 공사비,,원문 텍스트 추출 결과,not_yet_applicable,,,,,,,,,,,,,,,,,,,,,,현재 진행단계에서는 아직 필수 비교값이 아니므로 단계 변경 시 재확인,,,,pdf_text_layer,data/urban/text/files/05-11000NTC202505290003-05-11000NTC202505290003-notice_file-서울특별시_제2025-278호_고시.txt,,,,,,,,,project-notes/05-jmapt1.md
349,5,잠실/송파,송파구,"장미1,2,3차아파트 주택재건축정비사업 조합",조합설립인가,very_high,B,project_approval_date,사업시행인가일,,원문 텍스트 추출 결과,not_yet_applicable,,,,,,,,,,,,,,,,,,,,,,현재 진행단계에서는 아직 필수 비교값이 아니므로 단계 변경 시 재확인,,,,pdf_text_layer,data/urban/text/files/05-11000NTC202505290003-05-11000NTC202505290003-notice_file-서울특별시_제2025-278호_고시.txt,,,,,,,,,project-notes/05-jmapt1.md
350,10,강남,강남구,압구정아파트지구 특별계획구역③ 재건축정비사업 조합,조합설립인가,very_high,B,management_approval_date,관리처분인가일,,원문 텍스트 추출 결과,not_yet_applicable,,,,,,,,,,,,,,,,,,,,,,현재 진행단계에서는 아직 필수 비교값이 아니므로 단계 변경 시 재확인,,,,pdf_text_layer,data/cleanup/files/apgujeong3-official/summary-20260623.html,,,,,,,,,project-notes/10-apgujeong3.md
351,10,강남,강남구,압구정아파트지구 특별계획구역③ 재건축정비사업 조합,조합설립인가,very_high,B,management_construction_cost,관리처분 공사비,,원문 텍스트 추출 결과,not_yet_applicable,,,,,,,,,,,,,,,,,,,,,,현재 진행단계에서는 아직 필수 비교값이 아니므로 단계 변경 시 재확인,,,,pdf_text_layer,data/cleanup/files/apgujeong3-official/summary-20260623.html,,,,,,,,,project-notes/10-apgujeong3.md
352,10,강남,강남구,압구정아파트지구 특별계획구역③ 재건축정비사업 조합,조합설립인가,very_high,B,project_approval_date,사업시행인가일,,원문 텍스트 추출 결과,not_yet_applicable,,,,,,,,,,,,,,,,,,,,,,현재 진행단계에서는 아직 필수 비교값이 아니므로 단계 변경 시 재확인,,,,pdf_text_layer,data/cleanup/files/apgujeong3-official/summary-20260623.html,,,,,,,,,project-notes/10-apgujeong3.md
353,13,구의/광진,광진구,자양제7구역 주택재건축정비사업 조합,조합설립인가,very_high,A,management_approval_date,관리처분인가일,,원문 텍스트 추출 결과,not_yet_applicable,,,,,,,,,,,,,,,,,,,,,,현재 진행단계에서는 아직 필수 비교값이 아니므로 단계 변경 시 재확인,,,,hwp5_body_stream,data/urban/text/files/13-11000NTC201808300002-13-11000NTC201808300002-notice_file-서울특별시2018-268.txt,,,,,,,,,project-notes/13-jayang7.md
354,13,구의/광진,광진구,자양제7구역 주택재건축정비사업 조합,조합설립인가,very_high,A,management_construction_cost,관리처분 공사비,,원문 텍스트 추출 결과,not_yet_applicable,,,,,,,,,,,,,,,,,,,,,,현재 진행단계에서는 아직 필수 비교값이 아니므로 단계 변경 시 재확인,,,,hwp5_body_stream,data/urban/text/files/13-11000NTC201808300002-13-11000NTC201808300002-notice_file-서울특별시2018-268.txt,,,,,,,,,project-notes/13-jayang7.md
355,13,구의/광진,광진구,자양제7구역 주택재건축정비사업 조합,조합설립인가,very_high,A,project_approval_date,사업시행인가일,,원문 텍스트 추출 결과,not_yet_applicable,,,,,,,,,,,,,,,,,,,,,,현재 진행단계에서는 아직 필수 비교값이 아니므로 단계 변경 시 재확인,,,,hwp5_body_stream,data/urban/text/files/13-11000NTC201808300002-13-11000NTC201808300002-notice_file-서울특별시2018-268.txt,,,,,,,,,project-notes/13-jayang7.md
356,14,강남,강남구,"개포주공6,7단지아파트 재건축정비사업조합",사업시행인가,very_high,A,management_approval_date,관리처분인가일,,원문 텍스트 추출 결과,not_yet_applicable,,,,,,,,,,,,,,,,,,,,,,현재 진행단계에서는 아직 필수 비교값이 아니므로 단계 변경 시 재확인,,,,pdf_text_layer; hwp_binaries_ocr,data/urban/text/files/14-53675-14-gangnam-gu-53675-1-240426_개포주공67단지-정비계획-경미한변경-고시문-안.txt,,,,,,,,,project-notes/14-gaepo6_7.md
357,14,강남,강남구,"개포주공6,7단지아파트 재건축정비사업조합",사업시행인가,very_high,A,management_construction_cost,관리처분 공사비,,원문 텍스트 추출 결과,not_yet_applicable,,,,,,,,,,,,,,,,,,,,,,현재 진행단계에서는 아직 필수 비교값이 아니므로 단계 변경 시 재확인,,,,pdf_text_layer; hwp_binaries_ocr,data/urban/text/files/14-53675-14-gangnam-gu-53675-1-240426_개포주공67단지-정비계획-경미한변경-고시문-안.txt,,,,,,,,,project-notes/14-gaepo6_7.md
358,16,잠실/송파,송파구,가락1차현대아파트 재건축정비사업 조합,사업시행인가,very_high,B,management_approval_date,관리처분인가일,,원문 텍스트 추출 결과,not_yet_applicable,,,,,,,,,,,,,,,,,,,,,,현재 진행단계에서는 아직 필수 비교값이 아니므로 단계 변경 시 재확인,,,,pdf_ocr,data/urban/text/files/16-11000NTC202105100001-16-11000NTC202105100001-notice_file-송파구_2021-88호_고시.txt,,,,,,,,,project-notes/16-hyundai.md
359,16,잠실/송파,송파구,가락1차현대아파트 재건축정비사업 조합,사업시행인가,very_high,B,management_construction_cost,관리처분 공사비,,원문 텍스트 추출 결과,not_yet_applicable,,,,,,,,,,,,,,,,,,,,,,현재 진행단계에서는 아직 필수 비교값이 아니므로 단계 변경 시 재확인,,,,pdf_ocr,data/urban/text/files/16-11000NTC202105100001-16-11000NTC202105100001-notice_file-송파구_2021-88호_고시.txt,,,,,,,,,project-notes/16-hyundai.md
360,20,잠실/송파,송파구,마천1재정비촉진구역 주택재개발정비사업조합,조합설립인가,very_high,B,management_approval_date,관리처분인가일,,원문 텍스트 추출 결과,not_yet_applicable,,,,,,,,,,,,,,,,,,,,,,현재 진행단계에서는 아직 필수 비교값이 아니므로 단계 변경 시 재확인,,,,pdf_ocr; pdf_text_layer,data/urban/text/files/20-11000NTC202606080004-20-11000NTC202606080004-notice_file-서울특별시_제2026-298호_고시문.txt,,,,,,,,,project-notes/20-macheon-1.md
361,20,잠실/송파,송파구,마천1재정비촉진구역 주택재개발정비사업조합,조합설립인가,very_high,B,management_construction_cost,관리처분 공사비,,원문 텍스트 추출 결과,not_yet_applicable,,,,,,,,,,,,,,,,,,,,,,현재 진행단계에서는 아직 필수 비교값이 아니므로 단계 변경 시 재확인,,,,pdf_ocr; pdf_text_layer,data/urban/text/files/20-11000NTC202606080004-20-11000NTC202606080004-notice_file-서울특별시_제2026-298호_고시문.txt,,,,,,,,,project-notes/20-macheon-1.md
362,20,잠실/송파,송파구,마천1재정비촉진구역 주택재개발정비사업조합,조합설립인가,very_high,B,project_approval_date,사업시행인가일,,원문 텍스트 추출 결과,not_yet_applicable,,,,,,,,,,,,,,,,,,,,,,현재 진행단계에서는 아직 필수 비교값이 아니므로 단계 변경 시 재확인,,,,pdf_ocr; pdf_text_layer,data/urban/text/files/20-11000NTC202606080004-20-11000NTC202606080004-notice_file-서울특별시_제2026-298호_고시문.txt,,,,,,,,,project-notes/20-macheon-1.md
363,26,구의/광진,광진구,자양한양아파트 재건축정비사업,추진위원회승인,very_high,B,management_approval_date,관리처분인가일,,원문 텍스트 추출 결과,not_yet_applicable,,,,,,,,,,,,,,,,,,,,,,현재 진행단계에서는 아직 필수 비교값이 아니므로 단계 변경 시 재확인,,,,pdf_text_layer,data/urban/text/files/26-11215NTC202406040002-26-11215NTC202406040002-notice_file-서울특별시_제2024-267호_고시.txt,,,,,,,,,project-notes/26-jyhy2024.md
364,26,구의/광진,광진구,자양한양아파트 재건축정비사업,추진위원회승인,very_high,B,management_construction_cost,관리처분 공사비,,원문 텍스트 추출 결과,not_yet_applicable,,,,,,,,,,,,,,,,,,,,,,현재 진행단계에서는 아직 필수 비교값이 아니므로 단계 변경 시 재확인,,,,pdf_text_layer,data/urban/text/files/26-11215NTC202406040002-26-11215NTC202406040002-notice_file-서울특별시_제2024-267호_고시.txt,,,,,,,,,project-notes/26-jyhy2024.md
365,26,구의/광진,광진구,자양한양아파트 재건축정비사업,추진위원회승인,very_high,B,project_approval_date,사업시행인가일,,원문 텍스트 추출 결과,not_yet_applicable,,,,,,,,,,,,,,,,,,,,,,현재 진행단계에서는 아직 필수 비교값이 아니므로 단계 변경 시 재확인,,,,pdf_text_layer,data/urban/text/files/26-11215NTC202406040002-26-11215NTC202406040002-notice_file-서울특별시_제2024-267호_고시.txt,,,,,,,,,project-notes/26-jyhy2024.md
366,26,구의/광진,광진구,자양한양아파트 재건축정비사업,추진위원회승인,very_high,B,union_approval_date,조합설립인가일,,원문 텍스트 추출 결과,not_yet_applicable,,,,,,,,,,,,,,,,,,,,,,현재 진행단계에서는 아직 필수 비교값이 아니므로 단계 변경 시 재확인,,,,pdf_text_layer,data/urban/text/files/26-11215NTC202406040002-26-11215NTC202406040002-notice_file-서울특별시_제2024-267호_고시.txt,,,,,,,,,project-notes/26-jyhy2024.md
367,6,강남,강남구,대치우성1차아파트 재건축정비사업조합,사업시행인가,high,A,management_approval_date,관리처분인가일,,원문 텍스트 추출 결과,not_yet_applicable,,,,,,,,,,,,,,,,,,,,,,현재 진행단계에서는 아직 필수 비교값이 아니므로 단계 변경 시 재확인,,,,pdf_text_layer,data/urban/text/files/06-11000NTC201812171410-06-11000NTC201812171410-notice_file-서울시고시-제2018-399호.txt,,,,,,,,,project-notes/06-woosung1.md
368,6,강남,강남구,대치우성1차아파트 재건축정비사업조합,사업시행인가,high,A,management_construction_cost,관리처분 공사비,,원문 텍스트 추출 결과,not_yet_applicable,,,,,,,,,,,,,,,,,,,,,,현재 진행단계에서는 아직 필수 비교값이 아니므로 단계 변경 시 재확인,,,,pdf_text_layer,data/urban/text/files/06-11000NTC201812171410-06-11000NTC201812171410-notice_file-서울시고시-제2018-399호.txt,,,,,,,,,project-notes/06-woosung1.md
369,7,강남,강남구,대치쌍용2차아파트 주택재건축정비사업조합,사업시행인가,high,B,management_approval_date,관리처분인가일,,원문 텍스트 추출 결과,not_yet_applicable,,,,,,,,,,,,,,,,,,,,,,현재 진행단계에서는 아직 필수 비교값이 아니므로 단계 변경 시 재확인,,,,pdf_ocr,data/urban/text/files/07-11000NTC201707138200-07-11000NTC201707138200-notice_file-강남구2017-99.txt,,,,,,,,,project-notes/07-ssang2.md
370,7,강남,강남구,대치쌍용2차아파트 주택재건축정비사업조합,사업시행인가,high,B,management_construction_cost,관리처분 공사비,,원문 텍스트 추출 결과,not_yet_applicable,,,,,,,,,,,,,,,,,,,,,,현재 진행단계에서는 아직 필수 비교값이 아니므로 단계 변경 시 재확인,,,,pdf_ocr,data/urban/text/files/07-11000NTC201707138200-07-11000NTC201707138200-notice_file-강남구2017-99.txt,,,,,,,,,project-notes/07-ssang2.md
371,8,강남,강남구,대치쌍용1차아파트 주택재건축정비사업조합,사업시행인가,high,B,management_approval_date,관리처분인가일,,원문 텍스트 추출 결과,not_yet_applicable,,,,,,,,,,,,,,,,,,,,,,현재 진행단계에서는 아직 필수 비교값이 아니므로 단계 변경 시 재확인,,,,pdf_text_layer; pdf_text_layer; pdf_text_layer,data/urban/text/files/08-11680NTC202112010001-08-11680NTC202112010001-business-notice_file-강남구_2021-203호_고시.txt,,,,,,,,,project-notes/08-ssang1.md
372,8,강남,강남구,대치쌍용1차아파트 주택재건축정비사업조합,사업시행인가,high,B,management_construction_cost,관리처분 공사비,,원문 텍스트 추출 결과,not_yet_applicable,,,,,,,,,,,,,,,,,,,,,,현재 진행단계에서는 아직 필수 비교값이 아니므로 단계 변경 시 재확인,,,,pdf_text_layer; pdf_text_layer; pdf_text_layer,data/urban/text/files/08-11680NTC202112010001-08-11680NTC202112010001-business-notice_file-강남구_2021-203호_고시.txt,,,,,,,,,project-notes/08-ssang1.md
373,11,강남,강남구,압구정아파트지구 특별계획구역4,조합설립인가,high,B,management_approval_date,관리처분인가일,,원문 텍스트 추출 결과,not_yet_applicable,,,,,,,,,,,,,,,,,,,,,,현재 진행단계에서는 아직 필수 비교값이 아니므로 단계 변경 시 재확인,,,,pdf_text_layer,data/urban/text/files/11-11000NTC202312010004-11-11000NTC202312010004-notice_file-서울특별시_제2023-516호_고시.txt,,,,,,,,,project-notes/11-apgujeong4.md
374,11,강남,강남구,압구정아파트지구 특별계획구역4,조합설립인가,high,B,management_construction_cost,관리처분 공사비,,원문 텍스트 추출 결과,not_yet_applicable,,,,,,,,,,,,,,,,,,,,,,현재 진행단계에서는 아직 필수 비교값이 아니므로 단계 변경 시 재확인,,,,pdf_text_layer,data/urban/text/files/11-11000NTC202312010004-11-11000NTC202312010004-notice_file-서울특별시_제2023-516호_고시.txt,,,,,,,,,project-notes/11-apgujeong4.md
375,11,강남,강남구,압구정아파트지구 특별계획구역4,조합설립인가,high,B,project_approval_date,사업시행인가일,,원문 텍스트 추출 결과,not_yet_applicable,,,,,,,,,,,,,,,,,,,,,,현재 진행단계에서는 아직 필수 비교값이 아니므로 단계 변경 시 재확인,,,,pdf_text_layer,data/urban/text/files/11-11000NTC202312010004-11-11000NTC202312010004-notice_file-서울특별시_제2023-516호_고시.txt,,,,,,,,,project-notes/11-apgujeong4.md
376,12,강남,강남구,압구정아파트지구 특별계획구역5 재건축정비사업조합,조합설립인가,high,B,management_approval_date,관리처분인가일,,원문 텍스트 추출 결과,not_yet_applicable,,,,,,,,,,,,,,,,,,,,,,현재 진행단계에서는 아직 필수 비교값이 아니므로 단계 변경 시 재확인,,,,pdf_text_layer,data/urban/text/files/12-11000NTC202312010004-12-11000NTC202312010004-notice_file-서울특별시_제2023-516호_고시.txt,,,,,,,,,project-notes/12-apgujeong5.md
377,12,강남,강남구,압구정아파트지구 특별계획구역5 재건축정비사업조합,조합설립인가,high,B,management_construction_cost,관리처분 공사비,,원문 텍스트 추출 결과,not_yet_applicable,,,,,,,,,,,,,,,,,,,,,,현재 진행단계에서는 아직 필수 비교값이 아니므로 단계 변경 시 재확인,,,,pdf_text_layer,data/urban/text/files/12-11000NTC202312010004-12-11000NTC202312010004-notice_file-서울특별시_제2023-516호_고시.txt,,,,,,,,,project-notes/12-apgujeong5.md
378,12,강남,강남구,압구정아파트지구 특별계획구역5 재건축정비사업조합,조합설립인가,high,B,project_approval_date,사업시행인가일,,원문 텍스트 추출 결과,not_yet_applicable,,,,,,,,,,,,,,,,,,,,,,현재 진행단계에서는 아직 필수 비교값이 아니므로 단계 변경 시 재확인,,,,pdf_text_layer,data/urban/text/files/12-11000NTC202312010004-12-11000NTC202312010004-notice_file-서울특별시_제2023-516호_고시.txt,,,,,,,,,project-notes/12-apgujeong5.md
379,15,강남,강남구,압구정한양7차아파트 재건축정비사업조합,조합설립인가,high,B,management_approval_date,관리처분인가일,,원문 텍스트 추출 결과,not_yet_applicable,,,,,,,,,,,,,,,,,,,,,,현재 진행단계에서는 아직 필수 비교값이 아니므로 단계 변경 시 재확인,,,,pdf_text_layer,data/urban/text/files/15-11000NTC202312010004-15-11000NTC202312010004-notice_file-서울특별시_제2023-516호_고시.txt,,,,,,,,,project-notes/15-hanyang7.md
380,15,강남,강남구,압구정한양7차아파트 재건축정비사업조합,조합설립인가,high,B,management_construction_cost,관리처분 공사비,,원문 텍스트 추출 결과,not_yet_applicable,,,,,,,,,,,,,,,,,,,,,,현재 진행단계에서는 아직 필수 비교값이 아니므로 단계 변경 시 재확인,,,,pdf_text_layer,data/urban/text/files/15-11000NTC202312010004-15-11000NTC202312010004-notice_file-서울특별시_제2023-516호_고시.txt,,,,,,,,,project-notes/15-hanyang7.md
381,15,강남,강남구,압구정한양7차아파트 재건축정비사업조합,조합설립인가,high,B,project_approval_date,사업시행인가일,,원문 텍스트 추출 결과,not_yet_applicable,,,,,,,,,,,,,,,,,,,,,,현재 진행단계에서는 아직 필수 비교값이 아니므로 단계 변경 시 재확인,,,,pdf_text_layer,data/urban/text/files/15-11000NTC202312010004-15-11000NTC202312010004-notice_file-서울특별시_제2023-516호_고시.txt,,,,,,,,,project-notes/15-hanyang7.md
382,17,잠실/송파,송파구,송파한양2차아파트 재건축정비사업 조합,조합설립인가,high,B,management_approval_date,관리처분인가일,,원문 텍스트 추출 결과,not_yet_applicable,,,,,,,,,,,,,,,,,,,,,,현재 진행단계에서는 아직 필수 비교값이 아니므로 단계 변경 시 재확인,,,,pdf_ocr; pdf_ocr,data/urban/text/files/17-11000NTC202506170006-17-11000NTC202506170006-business-notice_file-서울특별시_제2025-239호_고시.txt,,,,,,,,,project-notes/17-songpa2.md
383,17,잠실/송파,송파구,송파한양2차아파트 재건축정비사업 조합,조합설립인가,high,B,management_construction_cost,관리처분 공사비,,원문 텍스트 추출 결과,not_yet_applicable,,,,,,,,,,,,,,,,,,,,,,현재 진행단계에서는 아직 필수 비교값이 아니므로 단계 변경 시 재확인,,,,pdf_ocr; pdf_ocr,data/urban/text/files/17-11000NTC202506170006-17-11000NTC202506170006-business-notice_file-서울특별시_제2025-239호_고시.txt,,,,,,,,,project-notes/17-songpa2.md
384,17,잠실/송파,송파구,송파한양2차아파트 재건축정비사업 조합,조합설립인가,high,B,project_approval_date,사업시행인가일,,원문 텍스트 추출 결과,not_yet_applicable,,,,,,,,,,,,,,,,,,,,,,현재 진행단계에서는 아직 필수 비교값이 아니므로 단계 변경 시 재확인,,,,pdf_ocr; pdf_ocr,data/urban/text/files/17-11000NTC202506170006-17-11000NTC202506170006-business-notice_file-서울특별시_제2025-239호_고시.txt,,,,,,,,,project-notes/17-songpa2.md
385,19,잠실/송파,송파구,대림가락아파트 재건축정비사업조합,조합설립인가,high,B,management_approval_date,관리처분인가일,,원문 텍스트 추출 결과,not_yet_applicable,,,,,,,,,,,,,,,,,,,,,,현재 진행단계에서는 아직 필수 비교값이 아니므로 단계 변경 시 재확인,,,,pdf_ocr,data/urban/text/files/19-11000NTC202111260001-19-11000NTC202111260001-notice_file-서울특별시_2021-551호_고시.txt,,,,,,,,,project-notes/19-daelim.md
386,19,잠실/송파,송파구,대림가락아파트 재건축정비사업조합,조합설립인가,high,B,management_construction_cost,관리처분 공사비,,원문 텍스트 추출 결과,not_yet_applicable,,,,,,,,,,,,,,,,,,,,,,현재 진행단계에서는 아직 필수 비교값이 아니므로 단계 변경 시 재확인,,,,pdf_ocr,data/urban/text/files/19-11000NTC202111260001-19-11000NTC202111260001-notice_file-서울특별시_2021-551호_고시.txt,,,,,,,,,project-notes/19-daelim.md
387,19,잠실/송파,송파구,대림가락아파트 재건축정비사업조합,조합설립인가,high,B,project_approval_date,사업시행인가일,,원문 텍스트 추출 결과,not_yet_applicable,,,,,,,,,,,,,,,,,,,,,,현재 진행단계에서는 아직 필수 비교값이 아니므로 단계 변경 시 재확인,,,,pdf_ocr,data/urban/text/files/19-11000NTC202111260001-19-11000NTC202111260001-notice_file-서울특별시_2021-551호_고시.txt,,,,,,,,,project-notes/19-daelim.md
388,22,구의/광진,광진구,중곡아파트 주택재건축정비사업조합,조합설립인가,high,B,management_approval_date,관리처분인가일,,원문 텍스트 추출 결과,not_yet_applicable,,,,,,,,,,,,,,,,,,,,,,현재 진행단계에서는 아직 필수 비교값이 아니므로 단계 변경 시 재확인,,,,hwp5_body_stream,data/urban/text/files/22-11000NTC201411137333-22-11000NTC201411137333-notice_file-서울특별시2014-382.txt,,,,,,,,,project-notes/22-junggokapt.md
389,22,구의/광진,광진구,중곡아파트 주택재건축정비사업조합,조합설립인가,high,B,management_construction_cost,관리처분 공사비,,원문 텍스트 추출 결과,not_yet_applicable,,,,,,,,,,,,,,,,,,,,,,현재 진행단계에서는 아직 필수 비교값이 아니므로 단계 변경 시 재확인,,,,hwp5_body_stream,data/urban/text/files/22-11000NTC201411137333-22-11000NTC201411137333-notice_file-서울특별시2014-382.txt,,,,,,,,,project-notes/22-junggokapt.md
390,22,구의/광진,광진구,중곡아파트 주택재건축정비사업조합,조합설립인가,high,B,project_approval_date,사업시행인가일,,원문 텍스트 추출 결과,not_yet_applicable,,,,,,,,,,,,,,,,,,,,,,현재 진행단계에서는 아직 필수 비교값이 아니므로 단계 변경 시 재확인,,,,hwp5_body_stream,data/urban/text/files/22-11000NTC201411137333-22-11000NTC201411137333-notice_file-서울특별시2014-382.txt,,,,,,,,,project-notes/22-junggokapt.md
391,23,구의/광진,광진구,광장동 삼성1차아파트 소규모재건축정비사업,조합설립인가,high,D,management_approval_date,관리처분인가일,,정보몽땅 관리처분계획서 공개항목,not_yet_applicable,,,,,,,,,,,,,,,,,,,,,,현재 진행단계에서는 아직 필수 비교값이 아니므로 단계 변경 시 재확인,,,,,,,,,,,,,,project-notes/23-j15171517.md
392,23,구의/광진,광진구,광장동 삼성1차아파트 소규모재건축정비사업,조합설립인가,high,D,management_construction_cost,관리처분 공사비,,정보몽땅 관리처분 공개항목,not_yet_applicable,,,,,,,,,,,,,,,,,,,,,,현재 진행단계에서는 아직 필수 비교값이 아니므로 단계 변경 시 재확인,,,,,,,,,,,,,,project-notes/23-j15171517.md
393,23,구의/광진,광진구,광장동 삼성1차아파트 소규모재건축정비사업,조합설립인가,high,D,project_approval_date,사업시행인가일,,정보몽땅 사업시행계획서 공개항목,not_yet_applicable,,,,,,,,,,,,,,,,,,,,,,현재 진행단계에서는 아직 필수 비교값이 아니므로 단계 변경 시 재확인,,,,,,,,,,,,,,project-notes/23-j15171517.md
394,24,구의/광진,광진구,워커힐아파트1단지 재건축정비사업 조합설립추진위원회,추진위원회승인,high,C,management_approval_date,관리처분인가일,,원문 텍스트 추출 결과,not_yet_applicable,,,,,,,,,,,,,,,,,,,,,,현재 진행단계에서는 아직 필수 비교값이 아니므로 단계 변경 시 재확인,,,,pdf_text_layer; pdf_text_layer; pdf_text_layer; hwpx_zip_xml; hwp5_body_stream,data/urban/text/gwangjin-gu/files/24-B0000378-16413-1-24-B0000378-16413-gwangjin-gu-1-붙임2-주민의견제출서.txt; data/urban/text/gwangjin-gu/files/24-B0000378-16413-2-24-B0000378-16413-gwangjin-gu-2-붙임1-워커힐아파트-일대-도시관리계획수립-전략환경영향평가-항목-범위-등의-결정내용.txt; data/urban/text/gwangjin-gu/files/24-B0000378-16413-3-24-B0000378-16413-gwangjin-gu-3-공고문.txt; data/urban/text/gwangjin-gu/files/24-B0000378-16096-1-24-B0000378-16096-gwangjin-gu-1-공고문.txt; data/urban/text/gwangjin-gu/files/24-B0000378-16096-2-24-B0000378-16096-gwangjin-gu-2-공람의견서-서식.txt,,,,,,,,,project-notes/24-walkerhill1.md
395,24,구의/광진,광진구,워커힐아파트1단지 재건축정비사업 조합설립추진위원회,추진위원회승인,high,C,management_construction_cost,관리처분 공사비,,원문 텍스트 추출 결과,not_yet_applicable,,,,,,,,,,,,,,,,,,,,,,현재 진행단계에서는 아직 필수 비교값이 아니므로 단계 변경 시 재확인,,,,pdf_text_layer; pdf_text_layer; pdf_text_layer; hwpx_zip_xml; hwp5_body_stream,data/urban/text/gwangjin-gu/files/24-B0000378-16413-1-24-B0000378-16413-gwangjin-gu-1-붙임2-주민의견제출서.txt; data/urban/text/gwangjin-gu/files/24-B0000378-16413-2-24-B0000378-16413-gwangjin-gu-2-붙임1-워커힐아파트-일대-도시관리계획수립-전략환경영향평가-항목-범위-등의-결정내용.txt; data/urban/text/gwangjin-gu/files/24-B0000378-16413-3-24-B0000378-16413-gwangjin-gu-3-공고문.txt; data/urban/text/gwangjin-gu/files/24-B0000378-16096-1-24-B0000378-16096-gwangjin-gu-1-공고문.txt; data/urban/text/gwangjin-gu/files/24-B0000378-16096-2-24-B0000378-16096-gwangjin-gu-2-공람의견서-서식.txt,,,,,,,,,project-notes/24-walkerhill1.md
396,24,구의/광진,광진구,워커힐아파트1단지 재건축정비사업 조합설립추진위원회,추진위원회승인,high,C,project_approval_date,사업시행인가일,,원문 텍스트 추출 결과,not_yet_applicable,,,,,,,,,,,,,,,,,,,,,,현재 진행단계에서는 아직 필수 비교값이 아니므로 단계 변경 시 재확인,,,,pdf_text_layer; pdf_text_layer; pdf_text_layer; hwpx_zip_xml; hwp5_body_stream,data/urban/text/gwangjin-gu/files/24-B0000378-16413-1-24-B0000378-16413-gwangjin-gu-1-붙임2-주민의견제출서.txt; data/urban/text/gwangjin-gu/files/24-B0000378-16413-2-24-B0000378-16413-gwangjin-gu-2-붙임1-워커힐아파트-일대-도시관리계획수립-전략환경영향평가-항목-범위-등의-결정내용.txt; data/urban/text/gwangjin-gu/files/24-B0000378-16413-3-24-B0000378-16413-gwangjin-gu-3-공고문.txt; data/urban/text/gwangjin-gu/files/24-B0000378-16096-1-24-B0000378-16096-gwangjin-gu-1-공고문.txt; data/urban/text/gwangjin-gu/files/24-B0000378-16096-2-24-B0000378-16096-gwangjin-gu-2-공람의견서-서식.txt,,,,,,,,,project-notes/24-walkerhill1.md
397,24,구의/광진,광진구,워커힐아파트1단지 재건축정비사업 조합설립추진위원회,추진위원회승인,high,C,union_approval_date,조합설립인가일,,원문 텍스트 추출 결과,not_yet_applicable,,,,,,,,,,,,,,,,,,,,,,현재 진행단계에서는 아직 필수 비교값이 아니므로 단계 변경 시 재확인,,,,pdf_text_layer; pdf_text_layer; pdf_text_layer; hwpx_zip_xml; hwp5_body_stream,data/urban/text/gwangjin-gu/files/24-B0000378-16413-1-24-B0000378-16413-gwangjin-gu-1-붙임2-주민의견제출서.txt; data/urban/text/gwangjin-gu/files/24-B0000378-16413-2-24-B0000378-16413-gwangjin-gu-2-붙임1-워커힐아파트-일대-도시관리계획수립-전략환경영향평가-항목-범위-등의-결정내용.txt; data/urban/text/gwangjin-gu/files/24-B0000378-16413-3-24-B0000378-16413-gwangjin-gu-3-공고문.txt; data/urban/text/gwangjin-gu/files/24-B0000378-16096-1-24-B0000378-16096-gwangjin-gu-1-공고문.txt; data/urban/text/gwangjin-gu/files/24-B0000378-16096-2-24-B0000378-16096-gwangjin-gu-2-공람의견서-서식.txt,,,,,,,,,project-notes/24-walkerhill1.md
398,25,구의/광진,광진구,한양연립 일대 가로주택정비사업,사업시행인가,high,B,management_approval_date,관리처분인가일,,원문 텍스트 추출 결과,not_yet_applicable,,,,,,,,,,,,,,,,,,,,,,현재 진행단계에서는 아직 필수 비교값이 아니므로 단계 변경 시 재확인,,,,html_preserved_text; html_preserved_text; html_preserved_text; html_preserved_text; html_preserved_text; pdf_ocr,data/urban/text/gwangjin-gu/html/25-B0000003-6186353.txt,,,,,,,,,project-notes/25-hanyanggaro.md
399,25,구의/광진,광진구,한양연립 일대 가로주택정비사업,사업시행인가,high,B,management_construction_cost,관리처분 공사비,,원문 텍스트 추출 결과,not_yet_applicable,,,,,,,,,,,,,,,,,,,,,,현재 진행단계에서는 아직 필수 비교값이 아니므로 단계 변경 시 재확인,,,,html_preserved_text; html_preserved_text; html_preserved_text; html_preserved_text; html_preserved_text; pdf_ocr,data/urban/text/gwangjin-gu/html/25-B0000003-6186353.txt,,,,,,,,,project-notes/25-hanyanggaro.md
400,27,구의/광진,광진구,광장극동아파트 재건축사업 (신속통합기획),정비구역지정,high,B,management_approval_date,관리처분인가일,,원문 텍스트 추출 결과,not_yet_applicable,,,,,,,,,,,,,,,,,,,,,,현재 진행단계에서는 아직 필수 비교값이 아니므로 단계 변경 시 재확인,,,,pdf_text_layer; pdf_text_layer; hwpx_zip_xml; pdf_text_layer; hwpx_zip_xml; pdf_text_layer; pdf_text_layer,data/urban/text/files/27-11215NTC202509240002-27-11215NTC202509240002-business-notice_file--정정-고시문-제2026-308호-_260604_오기정정.txt,,,,,,,,,project-notes/27-kukdong-reborn.md
401,27,구의/광진,광진구,광장극동아파트 재건축사업 (신속통합기획),정비구역지정,high,B,management_construction_cost,관리처분 공사비,,원문 텍스트 추출 결과,not_yet_applicable,,,,,,,,,,,,,,,,,,,,,,현재 진행단계에서는 아직 필수 비교값이 아니므로 단계 변경 시 재확인,,,,pdf_text_layer; pdf_text_layer; hwpx_zip_xml; pdf_text_layer; hwpx_zip_xml; pdf_text_layer; pdf_text_layer,data/urban/text/files/27-11215NTC202509240002-27-11215NTC202509240002-business-notice_file--정정-고시문-제2026-308호-_260604_오기정정.txt,,,,,,,,,project-notes/27-kukdong-reborn.md
402,27,구의/광진,광진구,광장극동아파트 재건축사업 (신속통합기획),정비구역지정,high,B,project_approval_date,사업시행인가일,,원문 텍스트 추출 결과,not_yet_applicable,,,,,,,,,,,,,,,,,,,,,,현재 진행단계에서는 아직 필수 비교값이 아니므로 단계 변경 시 재확인,,,,pdf_text_layer; pdf_text_layer; hwpx_zip_xml; pdf_text_layer; hwpx_zip_xml; pdf_text_layer; pdf_text_layer,data/urban/text/files/27-11215NTC202509240002-27-11215NTC202509240002-business-notice_file--정정-고시문-제2026-308호-_260604_오기정정.txt,,,,,,,,,project-notes/27-kukdong-reborn.md
403,27,구의/광진,광진구,광장극동아파트 재건축사업 (신속통합기획),정비구역지정,high,B,promotion_committee_approval_date,추진위원회 승인일,,원문 텍스트 추출 결과,not_yet_applicable,,,,,,,,,,,,,,,,,,,,,,현재 진행단계에서는 아직 필수 비교값이 아니므로 단계 변경 시 재확인,,,,pdf_text_layer; pdf_text_layer; hwpx_zip_xml; pdf_text_layer; hwpx_zip_xml; pdf_text_layer; pdf_text_layer,data/urban/text/files/27-11215NTC202509240002-27-11215NTC202509240002-business-notice_file--정정-고시문-제2026-308호-_260604_오기정정.txt,,,,,,,,,project-notes/27-kukdong-reborn.md
404,27,구의/광진,광진구,광장극동아파트 재건축사업 (신속통합기획),정비구역지정,high,B,stage_consent_rate_pct,단계 공개 동의율,,원문 텍스트 추출 결과,not_yet_applicable,,,,,,,,,,,,,,,,,,,,,,현재 진행단계에서는 아직 필수 비교값이 아니므로 단계 변경 시 재확인,,,,pdf_text_layer; pdf_text_layer; hwpx_zip_xml; pdf_text_layer; hwpx_zip_xml; pdf_text_layer; pdf_text_layer,data/urban/text/files/27-11215NTC202509240002-27-11215NTC202509240002-business-notice_file--정정-고시문-제2026-308호-_260604_오기정정.txt,,,,,,,,,project-notes/27-kukdong-reborn.md
405,27,구의/광진,광진구,광장극동아파트 재건축사업 (신속통합기획),정비구역지정,high,B,union_approval_date,조합설립인가일,,원문 텍스트 추출 결과,not_yet_applicable,,,,,,,,,,,,,,,,,,,,,,현재 진행단계에서는 아직 필수 비교값이 아니므로 단계 변경 시 재확인,,,,pdf_text_layer; pdf_text_layer; hwpx_zip_xml; pdf_text_layer; hwpx_zip_xml; pdf_text_layer; pdf_text_layer,data/urban/text/files/27-11215NTC202509240002-27-11215NTC202509240002-business-notice_file--정정-고시문-제2026-308호-_260604_오기정정.txt,,,,,,,,,project-notes/27-kukdong-reborn.md
406,28,구의/광진,광진구,자양번영로3나길 일대 가로주택정비사업,조합설립인가,high,D,management_approval_date,관리처분인가일,,정보몽땅 관리처분계획서 공개항목,not_yet_applicable,,,,,,,,,,,,,,,,,,,,,,현재 진행단계에서는 아직 필수 비교값이 아니므로 단계 변경 시 재확인,,,,,,,,,,,,,,project-notes/28-jayang588-22.md
407,28,구의/광진,광진구,자양번영로3나길 일대 가로주택정비사업,조합설립인가,high,D,management_construction_cost,관리처분 공사비,,정보몽땅 관리처분 공개항목,not_yet_applicable,,,,,,,,,,,,,,,,,,,,,,현재 진행단계에서는 아직 필수 비교값이 아니므로 단계 변경 시 재확인,,,,,,,,,,,,,,project-notes/28-jayang588-22.md
408,28,구의/광진,광진구,자양번영로3나길 일대 가로주택정비사업,조합설립인가,high,D,project_approval_date,사업시행인가일,,정보몽땅 사업시행계획서 공개항목,not_yet_applicable,,,,,,,,,,,,,,,,,,,,,,현재 진행단계에서는 아직 필수 비교값이 아니므로 단계 변경 시 재확인,,,,,,,,,,,,,,project-notes/28-jayang588-22.md
409,29,구의/광진,광진구,자양1의4구역 가로주택정비사업,조합설립인가,high,C,management_approval_date,관리처분인가일,,원문 텍스트 추출 결과,not_yet_applicable,,,,,,,,,,,,,,,,,,,,,,현재 진행단계에서는 아직 필수 비교값이 아니므로 단계 변경 시 재확인,,,,pdf_ocr; pdf_ocr; hwpx_zip_xml,data/urban/text/gwangjin-gu/files/29-B0000003-6357990-1-29-B0000003-6357990-gwangjin-gu-1-직인날인-조합설립-변경-인가-공고문.txt; data/urban/text/gwangjin-gu/files/29-B0000003-6353195-1-29-B0000003-6353195-gwangjin-gu-1-공람공고문-안.txt; data/urban/text/gwangjin-gu/files/29-B0000003-6353195-2-29-B0000003-6353195-gwangjin-gu-2-공람의견서.txt,,,,,,,,,project-notes/29-jayang104.md
410,29,구의/광진,광진구,자양1의4구역 가로주택정비사업,조합설립인가,high,C,management_construction_cost,관리처분 공사비,,원문 텍스트 추출 결과,not_yet_applicable,,,,,,,,,,,,,,,,,,,,,,현재 진행단계에서는 아직 필수 비교값이 아니므로 단계 변경 시 재확인,,,,pdf_ocr; pdf_ocr; hwpx_zip_xml,data/urban/text/gwangjin-gu/files/29-B0000003-6357990-1-29-B0000003-6357990-gwangjin-gu-1-직인날인-조합설립-변경-인가-공고문.txt; data/urban/text/gwangjin-gu/files/29-B0000003-6353195-1-29-B0000003-6353195-gwangjin-gu-1-공람공고문-안.txt; data/urban/text/gwangjin-gu/files/29-B0000003-6353195-2-29-B0000003-6353195-gwangjin-gu-2-공람의견서.txt,,,,,,,,,project-notes/29-jayang104.md
411,29,구의/광진,광진구,자양1의4구역 가로주택정비사업,조합설립인가,high,C,project_approval_date,사업시행인가일,,원문 텍스트 추출 결과,not_yet_applicable,,,,,,,,,,,,,,,,,,,,,,현재 진행단계에서는 아직 필수 비교값이 아니므로 단계 변경 시 재확인,,,,pdf_ocr; pdf_ocr; hwpx_zip_xml,data/urban/text/gwangjin-gu/files/29-B0000003-6357990-1-29-B0000003-6357990-gwangjin-gu-1-직인날인-조합설립-변경-인가-공고문.txt; data/urban/text/gwangjin-gu/files/29-B0000003-6353195-1-29-B0000003-6353195-gwangjin-gu-1-공람공고문-안.txt; data/urban/text/gwangjin-gu/files/29-B0000003-6353195-2-29-B0000003-6353195-gwangjin-gu-2-공람의견서.txt,,,,,,,,,project-notes/29-jayang104.md
412,30,구의/광진,광진구,자양4동 A구역 주택재개발사업,정비구역지정,high,B,management_approval_date,관리처분인가일,,원문 텍스트 추출 결과,not_yet_applicable,,,,,,,,,,,,,,,,,,,,,,현재 진행단계에서는 아직 필수 비교값이 아니므로 단계 변경 시 재확인,,,,pdf_text_layer,data/urban/text/files/30-11215NTC202505200003-30-11215NTC202505200003-notice_file-서울특별시_제2025-356호_고시.txt,,,,,,,,,project-notes/30-jayangdong.md
413,30,구의/광진,광진구,자양4동 A구역 주택재개발사업,정비구역지정,high,B,management_construction_cost,관리처분 공사비,,원문 텍스트 추출 결과,not_yet_applicable,,,,,,,,,,,,,,,,,,,,,,현재 진행단계에서는 아직 필수 비교값이 아니므로 단계 변경 시 재확인,,,,pdf_text_layer,data/urban/text/files/30-11215NTC202505200003-30-11215NTC202505200003-notice_file-서울특별시_제2025-356호_고시.txt,,,,,,,,,project-notes/30-jayangdong.md
414,30,구의/광진,광진구,자양4동 A구역 주택재개발사업,정비구역지정,high,B,project_approval_date,사업시행인가일,,원문 텍스트 추출 결과,not_yet_applicable,,,,,,,,,,,,,,,,,,,,,,현재 진행단계에서는 아직 필수 비교값이 아니므로 단계 변경 시 재확인,,,,pdf_text_layer,data/urban/text/files/30-11215NTC202505200003-30-11215NTC202505200003-notice_file-서울특별시_제2025-356호_고시.txt,,,,,,,,,project-notes/30-jayangdong.md
415,30,구의/광진,광진구,자양4동 A구역 주택재개발사업,정비구역지정,high,B,promotion_committee_approval_date,추진위원회 승인일,,원문 텍스트 추출 결과,not_yet_applicable,,,,,,,,,,,,,,,,,,,,,,현재 진행단계에서는 아직 필수 비교값이 아니므로 단계 변경 시 재확인,,,,pdf_text_layer,data/urban/text/files/30-11215NTC202505200003-30-11215NTC202505200003-notice_file-서울특별시_제2025-356호_고시.txt,,,,,,,,,project-notes/30-jayangdong.md
416,30,구의/광진,광진구,자양4동 A구역 주택재개발사업,정비구역지정,high,B,stage_consent_rate_pct,단계 공개 동의율,,원문 텍스트 추출 결과,not_yet_applicable,,,,,,,,,,,,,,,,,,,,,,현재 진행단계에서는 아직 필수 비교값이 아니므로 단계 변경 시 재확인,,,,pdf_text_layer,data/urban/text/files/30-11215NTC202505200003-30-11215NTC202505200003-notice_file-서울특별시_제2025-356호_고시.txt,,,,,,,,,project-notes/30-jayangdong.md
417,30,구의/광진,광진구,자양4동 A구역 주택재개발사업,정비구역지정,high,B,union_approval_date,조합설립인가일,,원문 텍스트 추출 결과,not_yet_applicable,,,,,,,,,,,,,,,,,,,,,,현재 진행단계에서는 아직 필수 비교값이 아니므로 단계 변경 시 재확인,,,,pdf_text_layer,data/urban/text/files/30-11215NTC202505200003-30-11215NTC202505200003-notice_file-서울특별시_제2025-356호_고시.txt,,,,,,,,,project-notes/30-jayangdong.md
418,18,잠실/송파,송파구,송파미성아파트 재건축정비사업조합,조합설립인가,watch,B,management_approval_date,관리처분인가일,,원문 텍스트 추출 결과,not_yet_applicable,,,,,,,,,,,,,,,,,,,,,,현재 진행단계에서는 아직 필수 비교값이 아니므로 단계 변경 시 재확인,,,,pdf_text_layer; pdf_text_layer,data/urban/text/files/18-11710NTC202104230008-18-11710NTC202104230008-notice_file-서울특별시_2021-146호_고시.txt,,,,,,,,,project-notes/18-songpams.md
419,18,잠실/송파,송파구,송파미성아파트 재건축정비사업조합,조합설립인가,watch,B,management_construction_cost,관리처분 공사비,,원문 텍스트 추출 결과,not_yet_applicable,,,,,,,,,,,,,,,,,,,,,,현재 진행단계에서는 아직 필수 비교값이 아니므로 단계 변경 시 재확인,,,,pdf_text_layer; pdf_text_layer,data/urban/text/files/18-11710NTC202104230008-18-11710NTC202104230008-notice_file-서울특별시_2021-146호_고시.txt,,,,,,,,,project-notes/18-songpams.md
420,18,잠실/송파,송파구,송파미성아파트 재건축정비사업조합,조합설립인가,watch,B,project_approval_date,사업시행인가일,,원문 텍스트 추출 결과,not_yet_applicable,,,,,,,,,,,,,,,,,,,,,,현재 진행단계에서는 아직 필수 비교값이 아니므로 단계 변경 시 재확인,,,,pdf_text_layer; pdf_text_layer,data/urban/text/files/18-11710NTC202104230008-18-11710NTC202104230008-notice_file-서울특별시_2021-146호_고시.txt,,,,,,,,,project-notes/18-songpams.md
