update_id,project_rank,update_project_name,update_notice_no,update_notice_code,match_scope,direct_match,evidence_match,closure_id,rank,project_name,field_label,closure_status,latest_decision_status,decision_id,decision_context_valid,match_reasons,resolved_value,decision_basis,follow_up_action,source_to_open,evidence_files,primary_triage_files,affected_outputs,decision_gate,current_update_status,current_evidence_status,source_path_count,source_path_sample,related_project
upd-20260623-0001,12,압구정아파트지구 특별계획구역5 재건축정비사업조합,2023-516,11000NTC202312010004,direct+evidence,Y,Y,S1-0036,12,압구정아파트지구 특별계획구역5 재건축정비사업조합,기반시설,confirmed,confirmed,svc-20260624-0069,Y,rank; project_name; notice_code; notice_no,,manual_public_item_scope_review_apgujeong5_parent_plan_values_separated,"기반시설 공개항목은 scope signal로 유지하고, 개별 사업 수치 갱신은 후속 직접 고시나 공식 사업개요로만 반영",data/urban/text/files/12-11000NTC202312010004-12-11000NTC202312010004-notice_file-서울특별시_제2023-516호_고시.txt:310; data/urban/text/files/12-11000NTC202312010004-...,data/cleanup/files/apgujeong5/manifest.json; data/cleanup/files/apgujeong5/1041821-infrastructure-design-service/detail.html; data/urban/text/files/12-11000N...,analysis/update-impact-ledger.md; 서울도시공간포털 지도 팝업에서 recordCode와 구역명 재확인; project-notes/12-apgujeong5.md; analysis/recordcode-dead-end-audit.md; analysis/sourc...,project-notes/12-apgujeong5.md; analysis/research-hypothesis-ledger.md; analysis/project-comparison-matrix.md; analysis/reassessment-watchlist.md; analysis/f...,공식 원문·고시번호·고시일·원문 URL·자료명이 확인될 때만 가설 승격,applied,verified_original,6,data/urban/text/files/12-11000NTC202312010004-12-11000NTC202312010004-notice_file-서울특별시_제2023-516호_고시.txt; data/urban/text/files/12-11000NTC2023...; P0 2026-06-01 정비기반시설(설계)용역업체 선정 입찰 / P2 2025-03-11 2025년 민간공사원가자문 서비스 안내; data/cleanup/files/apgujeong5/manifest.json,
upd-20260623-0001,12,압구정아파트지구 특별계획구역5 재건축정비사업조합,2023-516,11000NTC202312010004,related_notice,,Y,S1-0035,11,압구정아파트지구 특별계획구역4,기반시설,confirmed,confirmed,svc-20260624-0068,Y,notice_code; notice_no,,manual_public_item_scope_review_apgujeong4_parent_plan_values_separated,"기반시설 공개항목은 scope signal로 유지하고, 개별 사업 수치 갱신은 후속 직접 고시나 공식 사업개요로만 반영",data/urban/text/files/11-11000NTC202312010004-11-11000NTC202312010004-notice_file-서울특별시_제2023-516호_고시.txt:310; data/urban/text/files/11-11000NTC202312010004-...,data/cleanup/files/apgujeong4/manifest.json; data/cleanup/files/apgujeong4/1043559-underground-road-cover-design/detail.html; data/urban/text/files/11-11000N...,analysis/update-impact-ledger.md; 서울도시공간포털 지도 팝업에서 recordCode와 구역명 재확인; project-notes/12-apgujeong5.md; analysis/recordcode-dead-end-audit.md; analysis/sourc...,project-notes/12-apgujeong5.md; analysis/research-hypothesis-ledger.md; analysis/project-comparison-matrix.md; analysis/reassessment-watchlist.md; analysis/f...,공식 원문·고시번호·고시일·원문 URL·자료명이 확인될 때만 가설 승격,applied,verified_original,6,data/urban/text/files/11-11000NTC202312010004-11-11000NTC202312010004-notice_file-서울특별시_제2023-516호_고시.txt; data/urban/text/files/11-11000NTC2023...; P0 2026-06-11 정비기반시설 도로 복개구조물 설계용역 선정 입찰공고 / P2 2025-03-11 2025년 민간공사원가자문 서비스 안내; data/cleanup/files/apgujeong4/manifest.json,Y
upd-20260623-0001,12,압구정아파트지구 특별계획구역5 재건축정비사업조합,2023-516,11000NTC202312010004,related_notice,,Y,S2-0004,15,압구정한양7차아파트 재건축정비사업조합,2 fields,confirmed,confirmed,svc-20260624-0085,Y,notice_code; notice_no,,manual_parent_notice_url_connection_2023_516,"presentSn 11680UQ120PS202605200002는 보조 식별자로 유지하되, direct map recordCode가 확인되면 별도로 승격",로컬 본고시 텍스트의 notice_no/date로 서울도시공간포털 recordCode 또는 다운로드 URL 검색,project-notes/15-hanyang7.md; data/urban/text/files/15-11000NTC202312010004-15-11000NTC202312010004-notice_file-서울특별시_제2023-516호_고시.txt; data/cleanup/project...,analysis/update-impact-ledger.md; 서울도시공간포털 지도 팝업에서 recordCode와 구역명 재확인; project-notes/12-apgujeong5.md; analysis/recordcode-dead-end-audit.md; analysis/sourc...,project-notes/12-apgujeong5.md; analysis/research-hypothesis-ledger.md; analysis/project-comparison-matrix.md; analysis/reassessment-watchlist.md; analysis/f...,공식 원문·고시번호·고시일·원문 URL·자료명이 확인될 때만 가설 승격,applied,verified_original,43,로컬 본고시 텍스트의 notice_no/date로 서울도시공간포털 recordCode 또는 다운로드 URL 검색; d; a; t,Y
upd-20260623-0002,26,자양한양아파트 재건축정비사업,2024-267,11215NTC202406040002,direct+evidence,Y,Y,S1-0031,26,자양한양아파트 재건축정비사업,비용·분담금,confirmed,confirmed,svc-20260624-0031,Y,rank; project_name; notice_code; notice_no; path,,derived_from_existing_s1_s5_workbooks_and_review_logs,confirmed 항목은 사업별 메모와 S1 리뷰 보드에 원문 컨텍스트 확보 상태를 유지,data/urban/text/files/26-11215NTC202406040002-26-11215NTC202406040002-notice_file-서울특별시_제2024-267호_고시.txt:270; data/urban/text/files/26-11215NTC202406040002-...,data/urban/text/files/26-11215NTC202406040002-26-11215NTC202406040002-notice_file-서울특별시_제2024-267호_고시.txt:270; data/urban/text/files/26-11215NTC202406040002-...,analysis/update-impact-ledger.md; analysis/jyhy2024-s1-public-item-fact-check.md; project-notes/26-jyhy2024.md; analysis/source-text-extraction-audit.md; ana...,project-notes/26-jyhy2024.md; analysis/research-hypothesis-ledger.md; analysis/project-comparison-matrix.md; analysis/reassessment-watchlist.md; analysis/fie...,비용·기반시설·일정 리스크 원문을 확인한 뒤 장기 관찰 등급 유지/하향 결정,applied,verified_original,4,data/urban/text/files/26-11215NTC202406040002-26-11215NTC202406040002-notice_file-서울특별시_제2024-267호_고시.txt; data/urban/text/files/26-11215NTC20240...; P0 2026-06-08 조합설립동의서 징구 전 추정분담금 산정 및 검증 / P0 2025-10-13 추정분담금 산정 용역업체 선정 입찰마감 연기 공고 / P0 2025-09-23 추정분담금 산정 용역업체 선정 입찰 공고 / P2 2025-03-11 2025년 민간공사원가자문 서비스 안내; project-notes/26-jyhy2024.md,
upd-20260623-0002,26,자양한양아파트 재건축정비사업,2024-267,11215NTC202406040002,direct+evidence,Y,Y,S1-0032,26,자양한양아파트 재건축정비사업,기반시설,confirmed,confirmed,svc-20260624-0032,Y,rank; project_name; notice_code; notice_no; path,,derived_from_existing_s1_s5_workbooks_and_review_logs,confirmed 항목은 사업별 메모와 S1 리뷰 보드에 원문 컨텍스트 확보 상태를 유지,data/urban/text/files/26-11215NTC202406040002-26-11215NTC202406040002-notice_file-서울특별시_제2024-267호_고시.txt:253; data/urban/text/files/26-11215NTC202406040002-...,data/urban/text/files/26-11215NTC202406040002-26-11215NTC202406040002-notice_file-서울특별시_제2024-267호_고시.txt:253; data/urban/text/files/26-11215NTC202406040002-...,analysis/update-impact-ledger.md; analysis/jyhy2024-s1-public-item-fact-check.md; project-notes/26-jyhy2024.md; analysis/source-text-extraction-audit.md; ana...,project-notes/26-jyhy2024.md; analysis/research-hypothesis-ledger.md; analysis/project-comparison-matrix.md; analysis/reassessment-watchlist.md; analysis/fie...,비용·기반시설·일정 리스크 원문을 확인한 뒤 장기 관찰 등급 유지/하향 결정,applied,verified_original,4,data/urban/text/files/26-11215NTC202406040002-26-11215NTC202406040002-notice_file-서울특별시_제2024-267호_고시.txt; data/urban/text/files/26-11215NTC2024...; P0 2026-06-08 조합설립동의서 징구 전 추정분담금 산정 및 검증 / P0 2025-10-13 추정분담금 산정 용역업체 선정 입찰마감 연기 공고 / P0 2025-09-23 추정분담금 산정 용역업체 선정 입찰 공고 / P2 2025-03-11 2025년 민간공사원가자문 서비스 안내; project-notes/26-jyhy2024.md,
upd-20260623-0002,26,자양한양아파트 재건축정비사업,2024-267,11215NTC202406040002,direct+evidence,Y,Y,S1-0033,26,자양한양아파트 재건축정비사업,공공기여·기부채납,confirmed,confirmed,svc-20260624-0033,Y,rank; project_name; notice_code; notice_no; path,,derived_from_existing_s1_s5_workbooks_and_review_logs,confirmed 항목은 사업별 메모와 S1 리뷰 보드에 원문 컨텍스트 확보 상태를 유지,data/urban/text/files/26-11215NTC202406040002-26-11215NTC202406040002-notice_file-서울특별시_제2024-267호_고시.txt:249; data/urban/text/files/26-11215NTC202406040002-...,data/urban/text/files/26-11215NTC202406040002-26-11215NTC202406040002-notice_file-서울특별시_제2024-267호_고시.txt:249; data/urban/text/files/26-11215NTC202406040002-...,analysis/update-impact-ledger.md; analysis/jyhy2024-s1-public-item-fact-check.md; project-notes/26-jyhy2024.md; analysis/source-text-extraction-audit.md; ana...,project-notes/26-jyhy2024.md; analysis/research-hypothesis-ledger.md; analysis/project-comparison-matrix.md; analysis/reassessment-watchlist.md; analysis/fie...,비용·기반시설·일정 리스크 원문을 확인한 뒤 장기 관찰 등급 유지/하향 결정,applied,verified_original,4,data/urban/text/files/26-11215NTC202406040002-26-11215NTC202406040002-notice_file-서울특별시_제2024-267호_고시.txt; data/urban/text/files/26-11215NTC2024...; P0 2026-06-08 조합설립동의서 징구 전 추정분담금 산정 및 검증 / P0 2025-10-13 추정분담금 산정 용역업체 선정 입찰마감 연기 공고 / P0 2025-09-23 추정분담금 산정 용역업체 선정 입찰 공고 / P2 2025-03-11 2025년 민간공사원가자문 서비스 안내; project-notes/26-jyhy2024.md,
upd-20260623-0002,26,자양한양아파트 재건축정비사업,2024-267,11215NTC202406040002,direct+evidence,Y,Y,S1-0034,26,자양한양아파트 재건축정비사업,용적률·비율 산정,confirmed,confirmed,svc-20260624-0034,Y,rank; project_name; notice_code; notice_no; path,,derived_from_existing_s1_s5_workbooks_and_review_logs,confirmed 항목은 사업별 메모와 S1 리뷰 보드에 원문 컨텍스트 확보 상태를 유지,data/urban/text/files/26-11215NTC202406040002-26-11215NTC202406040002-notice_file-서울특별시_제2024-267호_고시.txt:223; data/urban/text/files/26-11215NTC202406040002-...,data/urban/text/files/26-11215NTC202406040002-26-11215NTC202406040002-notice_file-서울특별시_제2024-267호_고시.txt:223; data/urban/text/files/26-11215NTC202406040002-...,analysis/update-impact-ledger.md; analysis/jyhy2024-s1-public-item-fact-check.md; project-notes/26-jyhy2024.md; analysis/source-text-extraction-audit.md; ana...,project-notes/26-jyhy2024.md; analysis/research-hypothesis-ledger.md; analysis/project-comparison-matrix.md; analysis/reassessment-watchlist.md; analysis/fie...,비용·기반시설·일정 리스크 원문을 확인한 뒤 장기 관찰 등급 유지/하향 결정,applied,verified_original,4,data/urban/text/files/26-11215NTC202406040002-26-11215NTC202406040002-notice_file-서울특별시_제2024-267호_고시.txt; data/urban/text/files/26-11215NTC2024...; P0 2026-06-08 조합설립동의서 징구 전 추정분담금 산정 및 검증 / P0 2025-10-13 추정분담금 산정 용역업체 선정 입찰마감 연기 공고 / P0 2025-09-23 추정분담금 산정 용역업체 선정 입찰 공고 / P2 2025-03-11 2025년 민간공사원가자문 서비스 안내; project-notes/26-jyhy2024.md,
upd-20260623-0002,26,자양한양아파트 재건축정비사업,2024-267,11215NTC202406040002,direct+evidence,Y,Y,S5-0109,26,자양한양아파트 재건축정비사업,추진위원회 승인일,confirmed,confirmed,svc-20260624-0224,Y,rank; project_name; notice_code; notice_no; path,,official_sources_checked_but_no_public_value_exposed_in_current_stage_materials,향후 정보몽땅 화면이나 자치구 공고에서 승인일이 공개되면 단계 이력값으로 보강,data/urban/text/files/26-11215NTC202406040002-26-11215NTC202406040002-notice_file-서울특별시_제2024-267호_고시.txt,analysis/s5-jayang-hanyang-core-value-resolution.md; data/urban/text/files/26-11215NTC202406040002-26-11215NTC202406040002-notice_file-서울특별시_제2024-267호_고시.tx...,analysis/update-impact-ledger.md; analysis/jyhy2024-s1-public-item-fact-check.md; project-notes/26-jyhy2024.md; analysis/source-text-extraction-audit.md; ana...,project-notes/26-jyhy2024.md; analysis/research-hypothesis-ledger.md; analysis/project-comparison-matrix.md; analysis/reassessment-watchlist.md; analysis/fie...,비용·기반시설·일정 리스크 원문을 확인한 뒤 장기 관찰 등급 유지/하향 결정,applied,verified_original,3,data/urban/text/files/26-11215NTC202406040002-26-11215NTC202406040002-notice_file-서울특별시_제2024-267호_고시.txt; analysis/s5-jayang-hanyang-core-value-resolution.md; project-notes/26-jyhy2024.md,
upd-20260623-0002,26,자양한양아파트 재건축정비사업,2024-267,11215NTC202406040002,direct+evidence,Y,Y,S5-0110,26,자양한양아파트 재건축정비사업,단계 공개 동의율,confirmed,confirmed,svc-20260624-0225,Y,rank; project_name; notice_code; notice_no; path,,official_sources_checked_but_no_public_value_exposed_in_current_stage_materials,향후 정보몽땅 화면이나 자치구 공고에서 동의율이 공개되면 단계 이력값으로 보강,data/urban/text/files/26-11215NTC202406040002-26-11215NTC202406040002-notice_file-서울특별시_제2024-267호_고시.txt,analysis/s5-jayang-hanyang-core-value-resolution.md; data/urban/text/files/26-11215NTC202406040002-26-11215NTC202406040002-notice_file-서울특별시_제2024-267호_고시.tx...,analysis/update-impact-ledger.md; analysis/jyhy2024-s1-public-item-fact-check.md; project-notes/26-jyhy2024.md; analysis/source-text-extraction-audit.md; ana...,project-notes/26-jyhy2024.md; analysis/research-hypothesis-ledger.md; analysis/project-comparison-matrix.md; analysis/reassessment-watchlist.md; analysis/fie...,비용·기반시설·일정 리스크 원문을 확인한 뒤 장기 관찰 등급 유지/하향 결정,applied,verified_original,3,data/urban/text/files/26-11215NTC202406040002-26-11215NTC202406040002-notice_file-서울특별시_제2024-267호_고시.txt; analysis/s5-jayang-hanyang-core-value-resolution.md; project-notes/26-jyhy2024.md,
upd-20260623-0002,26,자양한양아파트 재건축정비사업,2024-267,11215NTC202406040002,direct+evidence,Y,Y,S5-0111,26,자양한양아파트 재건축정비사업,건폐율,confirmed,confirmed,svc-20260624-0226,Y,rank; project_name; notice_code; notice_no; path,,official_summary_and_2024_notice_cross_checked_with_source_date_split,비교표 display_values에 공동주택 50% 이하와 정보몽땅 24%를 병기,data/urban/text/files/26-11215NTC202406040002-26-11215NTC202406040002-notice_file-서울특별시_제2024-267호_고시.txt,analysis/s5-jayang-hanyang-core-value-resolution.md; data/review/project-comparison-value-overrides.json; data/urban/text/files/26-11215NTC202406040002-26-11...,analysis/update-impact-ledger.md; analysis/jyhy2024-s1-public-item-fact-check.md; project-notes/26-jyhy2024.md; analysis/source-text-extraction-audit.md; ana...,project-notes/26-jyhy2024.md; analysis/research-hypothesis-ledger.md; analysis/project-comparison-matrix.md; analysis/reassessment-watchlist.md; analysis/fie...,비용·기반시설·일정 리스크 원문을 확인한 뒤 장기 관찰 등급 유지/하향 결정,applied,verified_original,5,data/urban/text/files/26-11215NTC202406040002-26-11215NTC202406040002-notice_file-서울특별시_제2024-267호_고시.txt; https://cleanup.seoul.go.kr/cafe/mastr-cleanup-bsnsSumry/execute.do?cafeId=215900001270s44&stepSeCode=101&div=sumry; analysis/s5-jayang-hanyang-core-value-resolution.md; data/review/project-comparison-value-overrides.json,
upd-20260623-0002,26,자양한양아파트 재건축정비사업,2024-267,11215NTC202406040002,direct+evidence,Y,Y,S5-0112,26,자양한양아파트 재건축정비사업,층수,confirmed,confirmed,svc-20260624-0227,Y,rank; project_name; notice_code; notice_no; path,,official_summary_and_2024_notice_cross_checked_with_source_date_split,비교표 display_values에 최고 40층 이하와 정보몽땅 지상35/지하3을 병기,data/urban/text/files/26-11215NTC202406040002-26-11215NTC202406040002-notice_file-서울특별시_제2024-267호_고시.txt,analysis/s5-jayang-hanyang-core-value-resolution.md; data/review/project-comparison-value-overrides.json; data/urban/text/files/26-11215NTC202406040002-26-11...,analysis/update-impact-ledger.md; analysis/jyhy2024-s1-public-item-fact-check.md; project-notes/26-jyhy2024.md; analysis/source-text-extraction-audit.md; ana...,project-notes/26-jyhy2024.md; analysis/research-hypothesis-ledger.md; analysis/project-comparison-matrix.md; analysis/reassessment-watchlist.md; analysis/fie...,비용·기반시설·일정 리스크 원문을 확인한 뒤 장기 관찰 등급 유지/하향 결정,applied,verified_original,5,data/urban/text/files/26-11215NTC202406040002-26-11215NTC202406040002-notice_file-서울특별시_제2024-267호_고시.txt; https://cleanup.seoul.go.kr/cafe/mastr-cleanup-bsnsSumry/execute.do?cafeId=215900001270s44&stepSeCode=101&div=sumry; analysis/s5-jayang-hanyang-core-value-resolution.md; data/review/project-comparison-value-overrides.json,
upd-20260623-0002,26,자양한양아파트 재건축정비사업,2024-267,11215NTC202406040002,direct+evidence,Y,Y,S5-0113,26,자양한양아파트 재건축정비사업,최고높이,confirmed,confirmed,svc-20260624-0228,Y,rank; project_name; notice_code; notice_no; path,,official_summary_and_2024_notice_cross_checked_with_source_date_split,비교표 display_values에 121m 이하와 정보몽땅 35m를 병기,data/urban/text/files/26-11215NTC202406040002-26-11215NTC202406040002-notice_file-서울특별시_제2024-267호_고시.txt,analysis/s5-jayang-hanyang-core-value-resolution.md; data/review/project-comparison-value-overrides.json; data/urban/text/files/26-11215NTC202406040002-26-11...,analysis/update-impact-ledger.md; analysis/jyhy2024-s1-public-item-fact-check.md; project-notes/26-jyhy2024.md; analysis/source-text-extraction-audit.md; ana...,project-notes/26-jyhy2024.md; analysis/research-hypothesis-ledger.md; analysis/project-comparison-matrix.md; analysis/reassessment-watchlist.md; analysis/fie...,비용·기반시설·일정 리스크 원문을 확인한 뒤 장기 관찰 등급 유지/하향 결정,applied,verified_original,5,data/urban/text/files/26-11215NTC202406040002-26-11215NTC202406040002-notice_file-서울특별시_제2024-267호_고시.txt; https://cleanup.seoul.go.kr/cafe/mastr-cleanup-bsnsSumry/execute.do?cafeId=215900001270s44&stepSeCode=101&div=sumry; analysis/s5-jayang-hanyang-core-value-resolution.md; data/review/project-comparison-value-overrides.json,
upd-20260623-0002,26,자양한양아파트 재건축정비사업,2024-267,11215NTC202406040002,direct+evidence,Y,Y,S5-0114,26,자양한양아파트 재건축정비사업,고시일,confirmed,confirmed,svc-20260624-0229,Y,rank; project_name; notice_code; notice_no; path,,direct_notice_value_confirmed_from_2024_267_header_and_body,confirmed 유지,data/urban/text/files/26-11215NTC202406040002-26-11215NTC202406040002-notice_file-서울특별시_제2024-267호_고시.txt,analysis/s5-jayang-hanyang-core-value-resolution.md; data/urban/text/files/26-11215NTC202406040002-26-11215NTC202406040002-notice_file-서울특별시_제2024-267호_고시.tx...,analysis/update-impact-ledger.md; analysis/jyhy2024-s1-public-item-fact-check.md; project-notes/26-jyhy2024.md; analysis/source-text-extraction-audit.md; ana...,project-notes/26-jyhy2024.md; analysis/research-hypothesis-ledger.md; analysis/project-comparison-matrix.md; analysis/reassessment-watchlist.md; analysis/fie...,비용·기반시설·일정 리스크 원문을 확인한 뒤 장기 관찰 등급 유지/하향 결정,applied,verified_original,3,data/urban/text/files/26-11215NTC202406040002-26-11215NTC202406040002-notice_file-서울특별시_제2024-267호_고시.txt; analysis/s5-jayang-hanyang-core-value-resolution.md; project-notes/26-jyhy2024.md,
upd-20260623-0002,26,자양한양아파트 재건축정비사업,2024-267,11215NTC202406040002,direct+evidence,Y,Y,S5-0115,26,자양한양아파트 재건축정비사업,고시번호,confirmed,confirmed,svc-20260624-0230,Y,rank; project_name; notice_code; notice_no; path,,direct_notice_value_confirmed_from_2024_267_header_and_title,confirmed 유지,data/urban/text/files/26-11215NTC202406040002-26-11215NTC202406040002-notice_file-서울특별시_제2024-267호_고시.txt,analysis/s5-jayang-hanyang-core-value-resolution.md; data/urban/text/files/26-11215NTC202406040002-26-11215NTC202406040002-notice_file-서울특별시_제2024-267호_고시.tx...,analysis/update-impact-ledger.md; analysis/jyhy2024-s1-public-item-fact-check.md; project-notes/26-jyhy2024.md; analysis/source-text-extraction-audit.md; ana...,project-notes/26-jyhy2024.md; analysis/research-hypothesis-ledger.md; analysis/project-comparison-matrix.md; analysis/reassessment-watchlist.md; analysis/fie...,비용·기반시설·일정 리스크 원문을 확인한 뒤 장기 관찰 등급 유지/하향 결정,applied,verified_original,3,data/urban/text/files/26-11215NTC202406040002-26-11215NTC202406040002-notice_file-서울특별시_제2024-267호_고시.txt; analysis/s5-jayang-hanyang-core-value-resolution.md; project-notes/26-jyhy2024.md,
upd-20260623-0002,26,자양한양아파트 재건축정비사업,2024-267,11215NTC202406040002,direct+evidence,Y,Y,S5-0116,26,자양한양아파트 재건축정비사업,정비구역 면적,confirmed,confirmed,svc-20260624-0231,Y,rank; project_name; notice_code; notice_no; path,,direct_notice_value_confirmed_from_2024_267_and_summary_match,confirmed 유지,data/urban/text/files/26-11215NTC202406040002-26-11215NTC202406040002-notice_file-서울특별시_제2024-267호_고시.txt,analysis/s5-jayang-hanyang-core-value-resolution.md; data/urban/text/files/26-11215NTC202406040002-26-11215NTC202406040002-notice_file-서울특별시_제2024-267호_고시.tx...,analysis/update-impact-ledger.md; analysis/jyhy2024-s1-public-item-fact-check.md; project-notes/26-jyhy2024.md; analysis/source-text-extraction-audit.md; ana...,project-notes/26-jyhy2024.md; analysis/research-hypothesis-ledger.md; analysis/project-comparison-matrix.md; analysis/reassessment-watchlist.md; analysis/fie...,비용·기반시설·일정 리스크 원문을 확인한 뒤 장기 관찰 등급 유지/하향 결정,applied,verified_original,4,data/urban/text/files/26-11215NTC202406040002-26-11215NTC202406040002-notice_file-서울특별시_제2024-267호_고시.txt; https://cleanup.seoul.go.kr/cafe/mastr-cleanup-bsnsSumry/execute.do?cafeId=215900001270s44&stepSeCode=101&div=sumry; analysis/s5-jayang-hanyang-core-value-resolution.md; project-notes/26-jyhy2024.md,
upd-20260623-0002,26,자양한양아파트 재건축정비사업,2024-267,11215NTC202406040002,direct+evidence,Y,Y,S5-0117,26,자양한양아파트 재건축정비사업,용적률,confirmed,confirmed,svc-20260624-0232,Y,rank; project_name; notice_code; notice_no; path,,direct_notice_value_confirmed_from_2024_267_with_precision_split,비교표 display_values에 293.77% 이하 / 241.42% 이하 / 300.0%를 병기,data/urban/text/files/26-11215NTC202406040002-26-11215NTC202406040002-notice_file-서울특별시_제2024-267호_고시.txt,analysis/s5-jayang-hanyang-core-value-resolution.md; data/review/project-comparison-value-overrides.json; data/urban/text/files/26-11215NTC202406040002-26-11...,analysis/update-impact-ledger.md; analysis/jyhy2024-s1-public-item-fact-check.md; project-notes/26-jyhy2024.md; analysis/source-text-extraction-audit.md; ana...,project-notes/26-jyhy2024.md; analysis/research-hypothesis-ledger.md; analysis/project-comparison-matrix.md; analysis/reassessment-watchlist.md; analysis/fie...,비용·기반시설·일정 리스크 원문을 확인한 뒤 장기 관찰 등급 유지/하향 결정,applied,verified_original,5,data/urban/text/files/26-11215NTC202406040002-26-11215NTC202406040002-notice_file-서울특별시_제2024-267호_고시.txt; https://cleanup.seoul.go.kr/cafe/mastr-cleanup-bsnsSumry/execute.do?cafeId=215900001270s44&stepSeCode=101&div=sumry; analysis/s5-jayang-hanyang-core-value-resolution.md; data/review/project-comparison-value-overrides.json,
upd-20260623-0002,26,자양한양아파트 재건축정비사업,2024-267,11215NTC202406040002,direct+evidence,Y,Y,S5-0118,26,자양한양아파트 재건축정비사업,총 세대수,confirmed,confirmed,svc-20260624-0233,Y,rank; project_name; notice_code; notice_no; path,,direct_notice_value_confirmed_from_2024_267_with_household_split,confirmed 유지,data/urban/text/files/26-11215NTC202406040002-26-11215NTC202406040002-notice_file-서울특별시_제2024-267호_고시.txt,analysis/s5-jayang-hanyang-core-value-resolution.md; data/review/project-comparison-value-overrides.json; data/urban/text/files/26-11215NTC202406040002-26-11...,analysis/update-impact-ledger.md; analysis/jyhy2024-s1-public-item-fact-check.md; project-notes/26-jyhy2024.md; analysis/source-text-extraction-audit.md; ana...,project-notes/26-jyhy2024.md; analysis/research-hypothesis-ledger.md; analysis/project-comparison-matrix.md; analysis/reassessment-watchlist.md; analysis/fie...,비용·기반시설·일정 리스크 원문을 확인한 뒤 장기 관찰 등급 유지/하향 결정,applied,verified_original,4,data/urban/text/files/26-11215NTC202406040002-26-11215NTC202406040002-notice_file-서울특별시_제2024-267호_고시.txt; analysis/s5-jayang-hanyang-core-value-resolution.md; data/review/project-comparison-value-overrides.json; project-notes/26-jyhy2024.md,
upd-20260623-0002,26,자양한양아파트 재건축정비사업,2024-267,11215NTC202406040002,direct+evidence,Y,Y,S5-0119,26,자양한양아파트 재건축정비사업,관리처분인가일,deferred,deferred,svc-20260624-0234,Y,rank; project_name; notice_code; notice_no; path,,derived_from_existing_s1_s5_workbooks_and_review_logs,단계 변경 감시표에서 해당 사업장 단계가 바뀌면 다시 열기,data/urban/text/files/26-11215NTC202406040002-26-11215NTC202406040002-notice_file-서울특별시_제2024-267호_고시.txt,data/urban/text/files/26-11215NTC202406040002-26-11215NTC202406040002-notice_file-서울특별시_제2024-267호_고시.txt; project-notes/26-jyhy2024.md,analysis/update-impact-ledger.md; analysis/jyhy2024-s1-public-item-fact-check.md; project-notes/26-jyhy2024.md; analysis/source-text-extraction-audit.md; ana...,project-notes/26-jyhy2024.md; analysis/research-hypothesis-ledger.md; analysis/project-comparison-matrix.md; analysis/reassessment-watchlist.md; analysis/fie...,비용·기반시설·일정 리스크 원문을 확인한 뒤 장기 관찰 등급 유지/하향 결정,applied,verified_original,2,data/urban/text/files/26-11215NTC202406040002-26-11215NTC202406040002-notice_file-서울특별시_제2024-267호_고시.txt; project-notes/26-jyhy2024.md,
upd-20260623-0002,26,자양한양아파트 재건축정비사업,2024-267,11215NTC202406040002,direct+evidence,Y,Y,S5-0120,26,자양한양아파트 재건축정비사업,관리처분 공사비,deferred,deferred,svc-20260624-0235,Y,rank; project_name; notice_code; notice_no; path,,derived_from_existing_s1_s5_workbooks_and_review_logs,단계 변경 감시표에서 해당 사업장 단계가 바뀌면 다시 열기,data/urban/text/files/26-11215NTC202406040002-26-11215NTC202406040002-notice_file-서울특별시_제2024-267호_고시.txt,data/urban/text/files/26-11215NTC202406040002-26-11215NTC202406040002-notice_file-서울특별시_제2024-267호_고시.txt; project-notes/26-jyhy2024.md,analysis/update-impact-ledger.md; analysis/jyhy2024-s1-public-item-fact-check.md; project-notes/26-jyhy2024.md; analysis/source-text-extraction-audit.md; ana...,project-notes/26-jyhy2024.md; analysis/research-hypothesis-ledger.md; analysis/project-comparison-matrix.md; analysis/reassessment-watchlist.md; analysis/fie...,비용·기반시설·일정 리스크 원문을 확인한 뒤 장기 관찰 등급 유지/하향 결정,applied,verified_original,2,data/urban/text/files/26-11215NTC202406040002-26-11215NTC202406040002-notice_file-서울특별시_제2024-267호_고시.txt; project-notes/26-jyhy2024.md,
upd-20260623-0002,26,자양한양아파트 재건축정비사업,2024-267,11215NTC202406040002,direct+evidence,Y,Y,S5-0121,26,자양한양아파트 재건축정비사업,사업시행인가일,deferred,deferred,svc-20260624-0236,Y,rank; project_name; notice_code; notice_no; path,,derived_from_existing_s1_s5_workbooks_and_review_logs,단계 변경 감시표에서 해당 사업장 단계가 바뀌면 다시 열기,data/urban/text/files/26-11215NTC202406040002-26-11215NTC202406040002-notice_file-서울특별시_제2024-267호_고시.txt,data/urban/text/files/26-11215NTC202406040002-26-11215NTC202406040002-notice_file-서울특별시_제2024-267호_고시.txt; project-notes/26-jyhy2024.md,analysis/update-impact-ledger.md; analysis/jyhy2024-s1-public-item-fact-check.md; project-notes/26-jyhy2024.md; analysis/source-text-extraction-audit.md; ana...,project-notes/26-jyhy2024.md; analysis/research-hypothesis-ledger.md; analysis/project-comparison-matrix.md; analysis/reassessment-watchlist.md; analysis/fie...,비용·기반시설·일정 리스크 원문을 확인한 뒤 장기 관찰 등급 유지/하향 결정,applied,verified_original,2,data/urban/text/files/26-11215NTC202406040002-26-11215NTC202406040002-notice_file-서울특별시_제2024-267호_고시.txt; project-notes/26-jyhy2024.md,
upd-20260623-0002,26,자양한양아파트 재건축정비사업,2024-267,11215NTC202406040002,direct+evidence,Y,Y,S5-0122,26,자양한양아파트 재건축정비사업,조합설립인가일,deferred,deferred,svc-20260624-0237,Y,rank; project_name; notice_code; notice_no; path,,derived_from_existing_s1_s5_workbooks_and_review_logs,단계 변경 감시표에서 해당 사업장 단계가 바뀌면 다시 열기,data/urban/text/files/26-11215NTC202406040002-26-11215NTC202406040002-notice_file-서울특별시_제2024-267호_고시.txt,data/urban/text/files/26-11215NTC202406040002-26-11215NTC202406040002-notice_file-서울특별시_제2024-267호_고시.txt; project-notes/26-jyhy2024.md,analysis/update-impact-ledger.md; analysis/jyhy2024-s1-public-item-fact-check.md; project-notes/26-jyhy2024.md; analysis/source-text-extraction-audit.md; ana...,project-notes/26-jyhy2024.md; analysis/research-hypothesis-ledger.md; analysis/project-comparison-matrix.md; analysis/reassessment-watchlist.md; analysis/fie...,비용·기반시설·일정 리스크 원문을 확인한 뒤 장기 관찰 등급 유지/하향 결정,applied,verified_original,2,data/urban/text/files/26-11215NTC202406040002-26-11215NTC202406040002-notice_file-서울특별시_제2024-267호_고시.txt; project-notes/26-jyhy2024.md,
upd-20260623-0003,21,가락삼익맨숀아파트 재건축정비사업 조합,2020-111,11710NTC202010230006,direct+evidence,Y,Y,S1-0028,21,가락삼익맨숀아파트 재건축정비사업 조합,기반시설,confirmed,confirmed,svc-20260624-0028,Y,rank; project_name; notice_code; notice_no; path,,derived_from_existing_s1_s5_workbooks_and_review_logs,confirmed 항목은 사업별 메모와 S1 리뷰 보드에 원문 컨텍스트 확보 상태를 유지,data/urban/text/files/21-11710NTC202010230006-21-11710NTC202010230006-notice_file-송파구_2020-111호_고시.txt:538; data/urban/text/files/21-11710NTC202010230006-21-...,data/urban/text/files/21-11710NTC202010230006-21-11710NTC202010230006-notice_file-송파구_2020-111호_고시.txt:538; data/urban/text/files/21-11710NTC202010230006-21-...,analysis/update-impact-ledger.md; analysis/grsamik-s1-public-item-fact-check.md; project-notes/21-grsamik.md; analysis/official-context-sources.csv; analysis...,project-notes/21-grsamik.md; analysis/research-hypothesis-ledger.md; analysis/project-comparison-matrix.md; analysis/reassessment-watchlist.md; analysis/proj...,비용·기반시설·일정 리스크 원문을 확인한 뒤 장기 관찰 등급 유지/하향 결정,applied,verified_original,4,data/urban/text/files/21-11710NTC202010230006-21-11710NTC202010230006-notice_file-송파구_2020-111호_고시.txt; data/urban/text/files/21-11710NTC2020102300...; P0 2025-07-30 HUG(주택도시보증공사) 이주비·사업비 대출 보증 행정대행 용역업체 선정 입찰 재공고 / P0 2025-07-18 HUG(주택도시보증공사) 이주비·사업비 대출 보증 행정대행 용역업체 선정 입찰 공고 / P1 2023-02-01 사업시행인가 신청을 위한 총회 개최 전 변경된 추정분담금 공개 / P2 2024-12-26 추정분담금안내 및 조합원분양신청안내 / P2 2025-03-11 2025년 민간공사원가자문 서비스 안내; project-notes/21-grsamik.md,
upd-20260623-0003,21,가락삼익맨숀아파트 재건축정비사업 조합,2020-111,11710NTC202010230006,direct+evidence,Y,Y,S1-0029,21,가락삼익맨숀아파트 재건축정비사업 조합,공공기여·기부채납,confirmed,confirmed,svc-20260624-0029,Y,rank; project_name; notice_code; notice_no; path,,derived_from_existing_s1_s5_workbooks_and_review_logs,confirmed 항목은 사업별 메모와 S1 리뷰 보드에 원문 컨텍스트 확보 상태를 유지,data/urban/text/files/21-11710NTC202010230006-21-11710NTC202010230006-notice_file-송파구_2020-111호_고시.txt:28; data/urban/text/files/21-11710NTC202010230006-21-1...,data/urban/text/files/21-11710NTC202010230006-21-11710NTC202010230006-notice_file-송파구_2020-111호_고시.txt:28; data/urban/text/files/21-11710NTC202010230006-21-1...,analysis/update-impact-ledger.md; analysis/grsamik-s1-public-item-fact-check.md; project-notes/21-grsamik.md; analysis/official-context-sources.csv; analysis...,project-notes/21-grsamik.md; analysis/research-hypothesis-ledger.md; analysis/project-comparison-matrix.md; analysis/reassessment-watchlist.md; analysis/proj...,비용·기반시설·일정 리스크 원문을 확인한 뒤 장기 관찰 등급 유지/하향 결정,applied,verified_original,4,data/urban/text/files/21-11710NTC202010230006-21-11710NTC202010230006-notice_file-송파구_2020-111호_고시.txt; data/urban/text/files/21-11710NTC20201023000...; P0 2025-07-30 HUG(주택도시보증공사) 이주비·사업비 대출 보증 행정대행 용역업체 선정 입찰 재공고 / P0 2025-07-18 HUG(주택도시보증공사) 이주비·사업비 대출 보증 행정대행 용역업체 선정 입찰 공고 / P1 2023-02-01 사업시행인가 신청을 위한 총회 개최 전 변경된 추정분담금 공개 / P2 2024-12-26 추정분담금안내 및 조합원분양신청안내 / P2 2025-03-11 2025년 민간공사원가자문 서비스 안내; project-notes/21-grsamik.md,
upd-20260623-0003,21,가락삼익맨숀아파트 재건축정비사업 조합,2020-111,11710NTC202010230006,direct+evidence,Y,Y,S1-0030,21,가락삼익맨숀아파트 재건축정비사업 조합,용적률·비율 산정,confirmed,confirmed,svc-20260624-0030,Y,rank; project_name; notice_code; notice_no; path,,derived_from_existing_s1_s5_workbooks_and_review_logs,confirmed 항목은 사업별 메모와 S1 리뷰 보드에 원문 컨텍스트 확보 상태를 유지,data/urban/text/files/21-11710NTC202010230006-21-11710NTC202010230006-notice_file-송파구_2020-111호_고시.txt:182; data/urban/text/files/21-11710NTC202010230006-21-...,data/urban/text/files/21-11710NTC202010230006-21-11710NTC202010230006-notice_file-송파구_2020-111호_고시.txt:182; data/urban/text/files/21-11710NTC202010230006-21-...,analysis/update-impact-ledger.md; analysis/grsamik-s1-public-item-fact-check.md; project-notes/21-grsamik.md; analysis/official-context-sources.csv; analysis...,project-notes/21-grsamik.md; analysis/research-hypothesis-ledger.md; analysis/project-comparison-matrix.md; analysis/reassessment-watchlist.md; analysis/proj...,비용·기반시설·일정 리스크 원문을 확인한 뒤 장기 관찰 등급 유지/하향 결정,applied,verified_original,4,data/urban/text/files/21-11710NTC202010230006-21-11710NTC202010230006-notice_file-송파구_2020-111호_고시.txt; data/urban/text/files/21-11710NTC2020102300...; P0 2025-07-30 HUG(주택도시보증공사) 이주비·사업비 대출 보증 행정대행 용역업체 선정 입찰 재공고 / P0 2025-07-18 HUG(주택도시보증공사) 이주비·사업비 대출 보증 행정대행 용역업체 선정 입찰 공고 / P1 2023-02-01 사업시행인가 신청을 위한 총회 개최 전 변경된 추정분담금 공개 / P2 2024-12-26 추정분담금안내 및 조합원분양신청안내 / P2 2025-03-11 2025년 민간공사원가자문 서비스 안내; project-notes/21-grsamik.md,
upd-20260623-0003,21,가락삼익맨숀아파트 재건축정비사업 조합,2020-111,11710NTC202010230006,direct+evidence,Y,Y,S5-0098,21,가락삼익맨숀아파트 재건축정비사업 조합,층수,confirmed,confirmed,svc-20260624-0213,Y,rank; project_name; notice_code; notice_no; path,,derived_from_existing_s1_s5_workbooks_and_review_logs,대표값은 사업개요 층수를 유지하고 2020 고시 최고층 후보 31층은 시점별 참고값으로 병기,analysis/management-stage-value-resolution.md; analysis/management-stage-fact-check.md; data/urban/text/files/21-11710NTC202010230006-21-11710NTC202010230006...,analysis/management-stage-value-resolution.md; analysis/stage-definition-conflict-resolution.md; project-notes/21-grsamik.md,analysis/update-impact-ledger.md; analysis/grsamik-s1-public-item-fact-check.md; project-notes/21-grsamik.md; analysis/official-context-sources.csv; analysis...,project-notes/21-grsamik.md; analysis/research-hypothesis-ledger.md; analysis/project-comparison-matrix.md; analysis/reassessment-watchlist.md; analysis/proj...,비용·기반시설·일정 리스크 원문을 확인한 뒤 장기 관찰 등급 유지/하향 결정,applied,verified_original,6,analysis/management-stage-value-resolution.md; analysis/management-stage-fact-check.md; data/urban/text/files/21-11710NTC202010230006-21-11710NTC202010230006-notice_file-송파구_2020-111호_고시.txt; https://cleanup.seoul.go.kr/cafe/mastr-cleanup-bsnsSumry/execute.do?cafeId=710900000676r36&stepSeCode=102&div=sumry,
upd-20260623-0003,21,가락삼익맨숀아파트 재건축정비사업 조합,2020-111,11710NTC202010230006,direct+evidence,Y,Y,S5-0099,21,가락삼익맨숀아파트 재건축정비사업 조합,건폐율,confirmed,confirmed,svc-20260624-0214,Y,rank; project_name; notice_code; notice_no; path,,derived_from_existing_s1_s5_workbooks_and_review_logs,confirmed 항목은 핵심 수치 장부/사업별 메모에 반영 여부를 점검,analysis/management-stage-value-resolution.md; analysis/management-stage-fact-check.md; data/urban/text/files/21-11710NTC202010230006-21-11710NTC202010230006...,analysis/management-stage-value-resolution.md; analysis/management-stage-fact-check.md; data/urban/text/files/21-11710NTC202010230006-21-11710NTC202010230006...,analysis/update-impact-ledger.md; analysis/grsamik-s1-public-item-fact-check.md; project-notes/21-grsamik.md; analysis/official-context-sources.csv; analysis...,project-notes/21-grsamik.md; analysis/research-hypothesis-ledger.md; analysis/project-comparison-matrix.md; analysis/reassessment-watchlist.md; analysis/proj...,비용·기반시설·일정 리스크 원문을 확인한 뒤 장기 관찰 등급 유지/하향 결정,applied,verified_original,5,analysis/management-stage-value-resolution.md; analysis/management-stage-fact-check.md; data/urban/text/files/21-11710NTC202010230006-21-11710NTC202010230006-notice_file-송파구_2020-111호_고시.txt; https://cleanup.seoul.go.kr/cafe/mastr-cleanup-bsnsSumry/execute.do?cafeId=710900000676r36&stepSeCode=102&div=sumry,
upd-20260623-0003,21,가락삼익맨숀아파트 재건축정비사업 조합,2020-111,11710NTC202010230006,direct+evidence,Y,Y,S5-0100,21,가락삼익맨숀아파트 재건축정비사업 조합,정비구역 면적,confirmed,confirmed,svc-20260624-0215,Y,rank; project_name; notice_code; notice_no; path,,derived_from_existing_s1_s5_workbooks_and_review_logs,confirmed 항목은 핵심 수치 장부/사업별 메모에 반영 여부를 점검,analysis/management-stage-value-resolution.md; analysis/management-stage-fact-check.md; data/urban/text/files/21-11710NTC202010230006-21-11710NTC202010230006...,analysis/management-stage-value-resolution.md; analysis/management-stage-fact-check.md; data/urban/text/files/21-11710NTC202010230006-21-11710NTC202010230006...,analysis/update-impact-ledger.md; analysis/grsamik-s1-public-item-fact-check.md; project-notes/21-grsamik.md; analysis/official-context-sources.csv; analysis...,project-notes/21-grsamik.md; analysis/research-hypothesis-ledger.md; analysis/project-comparison-matrix.md; analysis/reassessment-watchlist.md; analysis/proj...,비용·기반시설·일정 리스크 원문을 확인한 뒤 장기 관찰 등급 유지/하향 결정,applied,verified_original,5,analysis/management-stage-value-resolution.md; analysis/management-stage-fact-check.md; data/urban/text/files/21-11710NTC202010230006-21-11710NTC202010230006-notice_file-송파구_2020-111호_고시.txt; https://cleanup.seoul.go.kr/cafe/mastr-cleanup-bsnsSumry/execute.do?cafeId=710900000676r36&stepSeCode=102&div=sumry,
upd-20260623-0003,21,가락삼익맨숀아파트 재건축정비사업 조합,2020-111,11710NTC202010230006,direct+evidence,Y,Y,S5-0101,21,가락삼익맨숀아파트 재건축정비사업 조합,용적률,confirmed,confirmed,svc-20260624-0216,Y,rank; project_name; notice_code; notice_no; path,,derived_from_existing_s1_s5_workbooks_and_review_logs,confirmed 항목은 핵심 수치 장부/사업별 메모에 반영 여부를 점검,analysis/management-stage-value-resolution.md; analysis/management-stage-fact-check.md; data/urban/text/files/21-11710NTC202010230006-21-11710NTC202010230006...,analysis/management-stage-value-resolution.md; analysis/management-stage-fact-check.md; data/urban/text/files/21-11710NTC202010230006-21-11710NTC202010230006...,analysis/update-impact-ledger.md; analysis/grsamik-s1-public-item-fact-check.md; project-notes/21-grsamik.md; analysis/official-context-sources.csv; analysis...,project-notes/21-grsamik.md; analysis/research-hypothesis-ledger.md; analysis/project-comparison-matrix.md; analysis/reassessment-watchlist.md; analysis/proj...,비용·기반시설·일정 리스크 원문을 확인한 뒤 장기 관찰 등급 유지/하향 결정,applied,verified_original,5,analysis/management-stage-value-resolution.md; analysis/management-stage-fact-check.md; data/urban/text/files/21-11710NTC202010230006-21-11710NTC202010230006-notice_file-송파구_2020-111호_고시.txt; https://cleanup.seoul.go.kr/cafe/mastr-cleanup-bsnsSumry/execute.do?cafeId=710900000676r36&stepSeCode=102&div=sumry,
upd-20260623-0003,21,가락삼익맨숀아파트 재건축정비사업 조합,2020-111,11710NTC202010230006,direct+evidence,Y,Y,S5-0102,21,가락삼익맨숀아파트 재건축정비사업 조합,관리처분인가일,confirmed,confirmed,svc-20260624-0217,Y,rank; project_name; notice_code; notice_no; path,,derived_from_existing_s1_s5_workbooks_and_review_logs,confirmed 항목은 핵심 수치 장부/사업별 메모에 반영 여부를 점검,analysis/management-stage-value-resolution.md; analysis/management-stage-fact-check.md; data/urban/text/files/21-11710NTC202010230006-21-11710NTC202010230006...,analysis/management-stage-value-resolution.md; analysis/management-stage-fact-check.md; data/urban/text/files/21-11710NTC202010230006-21-11710NTC202010230006...,analysis/update-impact-ledger.md; analysis/grsamik-s1-public-item-fact-check.md; project-notes/21-grsamik.md; analysis/official-context-sources.csv; analysis...,project-notes/21-grsamik.md; analysis/research-hypothesis-ledger.md; analysis/project-comparison-matrix.md; analysis/reassessment-watchlist.md; analysis/proj...,비용·기반시설·일정 리스크 원문을 확인한 뒤 장기 관찰 등급 유지/하향 결정,applied,verified_original,5,analysis/management-stage-value-resolution.md; analysis/management-stage-fact-check.md; data/urban/text/files/21-11710NTC202010230006-21-11710NTC202010230006-notice_file-송파구_2020-111호_고시.txt; https://cleanup.seoul.go.kr/service/opendata/cafeOthbc/vscrCafe.do?cafeId=710900000676r36&othbcIemSn=213,
upd-20260623-0003,21,가락삼익맨숀아파트 재건축정비사업 조합,2020-111,11710NTC202010230006,direct+evidence,Y,Y,S5-0103,21,가락삼익맨숀아파트 재건축정비사업 조합,관리처분 공사비,confirmed,confirmed,svc-20260624-0218,Y,rank; project_name; notice_code; notice_no; path,,derived_from_existing_s1_s5_workbooks_and_review_logs,confirmed 항목은 핵심 수치 장부/사업별 메모에 반영 여부를 점검,analysis/management-stage-value-resolution.md; analysis/management-stage-fact-check.md; data/urban/text/files/21-11710NTC202010230006-21-11710NTC202010230006...,analysis/management-stage-value-resolution.md; analysis/management-stage-fact-check.md; data/urban/text/files/21-11710NTC202010230006-21-11710NTC202010230006...,analysis/update-impact-ledger.md; analysis/grsamik-s1-public-item-fact-check.md; project-notes/21-grsamik.md; analysis/official-context-sources.csv; analysis...,project-notes/21-grsamik.md; analysis/research-hypothesis-ledger.md; analysis/project-comparison-matrix.md; analysis/reassessment-watchlist.md; analysis/proj...,비용·기반시설·일정 리스크 원문을 확인한 뒤 장기 관찰 등급 유지/하향 결정,applied,verified_original,5,analysis/management-stage-value-resolution.md; analysis/management-stage-fact-check.md; data/urban/text/files/21-11710NTC202010230006-21-11710NTC202010230006-notice_file-송파구_2020-111호_고시.txt; https://cleanup.seoul.go.kr/service/opendata/cafeOthbc/vscrCafe.do?cafeId=710900000676r36&othbcIemSn=210,
upd-20260623-0003,21,가락삼익맨숀아파트 재건축정비사업 조합,2020-111,11710NTC202010230006,direct+evidence,Y,Y,S5-0104,21,가락삼익맨숀아파트 재건축정비사업 조합,사업시행인가일,confirmed,confirmed,svc-20260624-0219,Y,rank; project_name; notice_code; notice_no; path,,derived_from_existing_s1_s5_workbooks_and_review_logs,confirmed 항목은 핵심 수치 장부/사업별 메모에 반영 여부를 점검,analysis/management-stage-value-resolution.md; analysis/management-stage-fact-check.md; data/urban/text/files/21-11710NTC202010230006-21-11710NTC202010230006...,analysis/management-stage-value-resolution.md; analysis/management-stage-fact-check.md; data/urban/text/files/21-11710NTC202010230006-21-11710NTC202010230006...,analysis/update-impact-ledger.md; analysis/grsamik-s1-public-item-fact-check.md; project-notes/21-grsamik.md; analysis/official-context-sources.csv; analysis...,project-notes/21-grsamik.md; analysis/research-hypothesis-ledger.md; analysis/project-comparison-matrix.md; analysis/reassessment-watchlist.md; analysis/proj...,비용·기반시설·일정 리스크 원문을 확인한 뒤 장기 관찰 등급 유지/하향 결정,applied,verified_original,5,analysis/management-stage-value-resolution.md; analysis/management-stage-fact-check.md; data/urban/text/files/21-11710NTC202010230006-21-11710NTC202010230006-notice_file-송파구_2020-111호_고시.txt; https://cleanup.seoul.go.kr/service/opendata/cafeOthbc/vscrCafe.do?cafeId=710900000676r36&othbcIemSn=202,
upd-20260623-0003,21,가락삼익맨숀아파트 재건축정비사업 조합,2020-111,11710NTC202010230006,direct+evidence,Y,Y,S5-0105,21,가락삼익맨숀아파트 재건축정비사업 조합,총 세대수,confirmed,confirmed,svc-20260624-0220,Y,rank; project_name; notice_code; notice_no; path,,derived_from_existing_s1_s5_workbooks_and_review_logs,confirmed 항목은 핵심 수치 장부/사업별 메모에 반영 여부를 점검,analysis/management-stage-value-resolution.md; analysis/management-stage-fact-check.md; data/urban/text/files/21-11710NTC202010230006-21-11710NTC202010230006...,analysis/management-stage-value-resolution.md; analysis/management-stage-fact-check.md; data/urban/text/files/21-11710NTC202010230006-21-11710NTC202010230006...,analysis/update-impact-ledger.md; analysis/grsamik-s1-public-item-fact-check.md; project-notes/21-grsamik.md; analysis/official-context-sources.csv; analysis...,project-notes/21-grsamik.md; analysis/research-hypothesis-ledger.md; analysis/project-comparison-matrix.md; analysis/reassessment-watchlist.md; analysis/proj...,비용·기반시설·일정 리스크 원문을 확인한 뒤 장기 관찰 등급 유지/하향 결정,applied,verified_original,5,analysis/management-stage-value-resolution.md; analysis/management-stage-fact-check.md; data/urban/text/files/21-11710NTC202010230006-21-11710NTC202010230006-notice_file-송파구_2020-111호_고시.txt; https://cleanup.seoul.go.kr/cafe/mastr-cleanup-bsnsSumry/execute.do?cafeId=710900000676r36&stepSeCode=102&div=sumry,
upd-20260623-0003,21,가락삼익맨숀아파트 재건축정비사업 조합,2020-111,11710NTC202010230006,direct+evidence,Y,Y,S5-0106,21,가락삼익맨숀아파트 재건축정비사업 조합,최고높이,confirmed,confirmed,svc-20260624-0221,Y,rank; project_name; notice_code; notice_no; path,,derived_from_existing_s1_s5_workbooks_and_review_logs,confirmed 항목은 핵심 수치 장부/사업별 메모에 반영 여부를 점검,data/urban/text/files/21-11710NTC202010230006-21-11710NTC202010230006-notice_file-송파구_2020-111호_고시.txt,data/urban/text/files/21-11710NTC202010230006-21-11710NTC202010230006-notice_file-송파구_2020-111호_고시.txt; https://cleanup.seoul.go.kr/cafe/mastr-cleanup-bsnsSu...,analysis/update-impact-ledger.md; analysis/grsamik-s1-public-item-fact-check.md; project-notes/21-grsamik.md; analysis/official-context-sources.csv; analysis...,project-notes/21-grsamik.md; analysis/research-hypothesis-ledger.md; analysis/project-comparison-matrix.md; analysis/reassessment-watchlist.md; analysis/proj...,비용·기반시설·일정 리스크 원문을 확인한 뒤 장기 관찰 등급 유지/하향 결정,applied,verified_original,3,data/urban/text/files/21-11710NTC202010230006-21-11710NTC202010230006-notice_file-송파구_2020-111호_고시.txt; https://cleanup.seoul.go.kr/cafe/mastr-cleanup-bsnsSumry/execute.do?cafeId=710900000676r36&stepSeCode=102&div=sumry; project-notes/21-grsamik.md,
upd-20260623-0003,21,가락삼익맨숀아파트 재건축정비사업 조합,2020-111,11710NTC202010230006,direct+evidence,Y,Y,S5-0107,21,가락삼익맨숀아파트 재건축정비사업 조합,고시일,confirmed,confirmed,svc-20260624-0222,Y,rank; project_name; notice_code; notice_no; path,,derived_from_existing_s1_s5_workbooks_and_review_logs,confirmed 항목은 핵심 수치 장부/사업별 메모에 반영 여부를 점검,data/urban/text/files/21-11710NTC202010230006-21-11710NTC202010230006-notice_file-송파구_2020-111호_고시.txt,data/urban/text/files/21-11710NTC202010230006-21-11710NTC202010230006-notice_file-송파구_2020-111호_고시.txt; data/urban/text/files/21-11710NTC202010230006-21-1171...,analysis/update-impact-ledger.md; analysis/grsamik-s1-public-item-fact-check.md; project-notes/21-grsamik.md; analysis/official-context-sources.csv; analysis...,project-notes/21-grsamik.md; analysis/research-hypothesis-ledger.md; analysis/project-comparison-matrix.md; analysis/reassessment-watchlist.md; analysis/proj...,비용·기반시설·일정 리스크 원문을 확인한 뒤 장기 관찰 등급 유지/하향 결정,applied,verified_original,2,data/urban/text/files/21-11710NTC202010230006-21-11710NTC202010230006-notice_file-송파구_2020-111호_고시.txt; project-notes/21-grsamik.md,
upd-20260623-0003,21,가락삼익맨숀아파트 재건축정비사업 조합,2020-111,11710NTC202010230006,direct+evidence,Y,Y,S5-0108,21,가락삼익맨숀아파트 재건축정비사업 조합,고시번호,confirmed,confirmed,svc-20260624-0223,Y,rank; project_name; notice_code; notice_no; path,,derived_from_existing_s1_s5_workbooks_and_review_logs,confirmed 항목은 핵심 수치 장부/사업별 메모에 반영 여부를 점검,data/urban/text/files/21-11710NTC202010230006-21-11710NTC202010230006-notice_file-송파구_2020-111호_고시.txt,data/urban/text/files/21-11710NTC202010230006-21-11710NTC202010230006-notice_file-송파구_2020-111호_고시.txt; data/urban/text/files/21-11710NTC202010230006-21-1171...,analysis/update-impact-ledger.md; analysis/grsamik-s1-public-item-fact-check.md; project-notes/21-grsamik.md; analysis/official-context-sources.csv; analysis...,project-notes/21-grsamik.md; analysis/research-hypothesis-ledger.md; analysis/project-comparison-matrix.md; analysis/reassessment-watchlist.md; analysis/proj...,비용·기반시설·일정 리스크 원문을 확인한 뒤 장기 관찰 등급 유지/하향 결정,applied,verified_original,2,data/urban/text/files/21-11710NTC202010230006-21-11710NTC202010230006-notice_file-송파구_2020-111호_고시.txt; project-notes/21-grsamik.md,
upd-20260623-0003,21,가락삼익맨숀아파트 재건축정비사업 조합,2020-111,11710NTC202010230006,direct,Y,,S4-0010,21,가락삼익맨숀아파트 재건축정비사업 조합,건폐율,confirmed,confirmed,svc-20260624-0059,Y,rank; project_name,,derived_from_existing_s1_s5_workbooks_and_review_logs,confirmed 항목은 핵심 수치 장부/사업별 메모에 반영 여부를 점검,"정보몽땅 공개항목의 별첨 원문, 최신 변경고시, 관리처분 인가 고시 원문","정보몽땅 공개항목의 별첨 원문, 최신 변경고시, 관리처분 인가 고시 원문; P0 2025-07-30 HUG(주택도시보증공사) 이주비·사업비 대출 보증 행정대행 용역업체 선정 입찰 재공고 / P0 2025-07-18 HUG(주택도시보증공사) 이주비·사업비 대출 보증 행정대행 용역업체...",analysis/update-impact-ledger.md; analysis/grsamik-s1-public-item-fact-check.md; project-notes/21-grsamik.md; analysis/official-context-sources.csv; analysis...,project-notes/21-grsamik.md; analysis/research-hypothesis-ledger.md; analysis/project-comparison-matrix.md; analysis/reassessment-watchlist.md; analysis/proj...,비용·기반시설·일정 리스크 원문을 확인한 뒤 장기 관찰 등급 유지/하향 결정,applied,verified_original,3,"정보몽땅 공개항목의 별첨 원문, 최신 변경고시, 관리처분 인가 고시 원문; P0 2025-07-30 HUG(주택도시보증공사) 이주비·사업비 대출 보증 행정대행 용역업체 선정 입찰 재공고 / P0 2025-07-18 HUG(주택도시보증공사) 이주비·사업비 대출 보증 행정대행 용역업체 선정 입찰 공고 / P0 2026-02-13 건축물 해체계획서 작성·인허가 및 석면해체·제거공사 감리 용역 선정 입찰공고; project-notes/21-grsamik.md",
upd-20260623-0003,21,가락삼익맨숀아파트 재건축정비사업 조합,2020-111,11710NTC202010230006,direct,Y,,S4-0011,21,가락삼익맨숀아파트 재건축정비사업 조합,관리처분 공사비,confirmed,confirmed,svc-20260624-0060,Y,rank; project_name,,derived_from_existing_s1_s5_workbooks_and_review_logs,confirmed 항목은 핵심 수치 장부/사업별 메모에 반영 여부를 점검,"정보몽땅 공개항목의 별첨 원문, 최신 변경고시, 관리처분 인가 고시 원문","정보몽땅 공개항목의 별첨 원문, 최신 변경고시, 관리처분 인가 고시 원문; P0 2025-07-30 HUG(주택도시보증공사) 이주비·사업비 대출 보증 행정대행 용역업체 선정 입찰 재공고 / P0 2025-07-18 HUG(주택도시보증공사) 이주비·사업비 대출 보증 행정대행 용역업체...",analysis/update-impact-ledger.md; analysis/grsamik-s1-public-item-fact-check.md; project-notes/21-grsamik.md; analysis/official-context-sources.csv; analysis...,project-notes/21-grsamik.md; analysis/research-hypothesis-ledger.md; analysis/project-comparison-matrix.md; analysis/reassessment-watchlist.md; analysis/proj...,비용·기반시설·일정 리스크 원문을 확인한 뒤 장기 관찰 등급 유지/하향 결정,applied,verified_original,3,"정보몽땅 공개항목의 별첨 원문, 최신 변경고시, 관리처분 인가 고시 원문; P0 2025-07-30 HUG(주택도시보증공사) 이주비·사업비 대출 보증 행정대행 용역업체 선정 입찰 재공고 / P0 2025-07-18 HUG(주택도시보증공사) 이주비·사업비 대출 보증 행정대행 용역업체 선정 입찰 공고 / P0 2026-02-13 건축물 해체계획서 작성·인허가 및 석면해체·제거공사 감리 용역 선정 입찰공고; project-notes/21-grsamik.md",
upd-20260623-0003,21,가락삼익맨숀아파트 재건축정비사업 조합,2020-111,11710NTC202010230006,direct,Y,,S4-0012,21,가락삼익맨숀아파트 재건축정비사업 조합,관리처분인가일,confirmed,confirmed,svc-20260624-0061,Y,rank; project_name,,derived_from_existing_s1_s5_workbooks_and_review_logs,confirmed 항목은 핵심 수치 장부/사업별 메모에 반영 여부를 점검,"정보몽땅 공개항목의 별첨 원문, 최신 변경고시, 관리처분 인가 고시 원문","정보몽땅 공개항목의 별첨 원문, 최신 변경고시, 관리처분 인가 고시 원문; P0 2025-07-30 HUG(주택도시보증공사) 이주비·사업비 대출 보증 행정대행 용역업체 선정 입찰 재공고 / P0 2025-07-18 HUG(주택도시보증공사) 이주비·사업비 대출 보증 행정대행 용역업체...",analysis/update-impact-ledger.md; analysis/grsamik-s1-public-item-fact-check.md; project-notes/21-grsamik.md; analysis/official-context-sources.csv; analysis...,project-notes/21-grsamik.md; analysis/research-hypothesis-ledger.md; analysis/project-comparison-matrix.md; analysis/reassessment-watchlist.md; analysis/proj...,비용·기반시설·일정 리스크 원문을 확인한 뒤 장기 관찰 등급 유지/하향 결정,applied,verified_original,3,"정보몽땅 공개항목의 별첨 원문, 최신 변경고시, 관리처분 인가 고시 원문; P0 2025-07-30 HUG(주택도시보증공사) 이주비·사업비 대출 보증 행정대행 용역업체 선정 입찰 재공고 / P0 2025-07-18 HUG(주택도시보증공사) 이주비·사업비 대출 보증 행정대행 용역업체 선정 입찰 공고 / P0 2026-02-13 건축물 해체계획서 작성·인허가 및 석면해체·제거공사 감리 용역 선정 입찰공고; project-notes/21-grsamik.md",
upd-20260623-0003,21,가락삼익맨숀아파트 재건축정비사업 조합,2020-111,11710NTC202010230006,direct,Y,,S4-0013,21,가락삼익맨숀아파트 재건축정비사업 조합,사업시행인가일,confirmed,confirmed,svc-20260624-0062,Y,rank; project_name,,derived_from_existing_s1_s5_workbooks_and_review_logs,confirmed 항목은 핵심 수치 장부/사업별 메모에 반영 여부를 점검,"정보몽땅 공개항목의 별첨 원문, 최신 변경고시, 관리처분 인가 고시 원문","정보몽땅 공개항목의 별첨 원문, 최신 변경고시, 관리처분 인가 고시 원문; P0 2025-07-30 HUG(주택도시보증공사) 이주비·사업비 대출 보증 행정대행 용역업체 선정 입찰 재공고 / P0 2025-07-18 HUG(주택도시보증공사) 이주비·사업비 대출 보증 행정대행 용역업체...",analysis/update-impact-ledger.md; analysis/grsamik-s1-public-item-fact-check.md; project-notes/21-grsamik.md; analysis/official-context-sources.csv; analysis...,project-notes/21-grsamik.md; analysis/research-hypothesis-ledger.md; analysis/project-comparison-matrix.md; analysis/reassessment-watchlist.md; analysis/proj...,비용·기반시설·일정 리스크 원문을 확인한 뒤 장기 관찰 등급 유지/하향 결정,applied,verified_original,3,"정보몽땅 공개항목의 별첨 원문, 최신 변경고시, 관리처분 인가 고시 원문; P0 2025-07-30 HUG(주택도시보증공사) 이주비·사업비 대출 보증 행정대행 용역업체 선정 입찰 재공고 / P0 2025-07-18 HUG(주택도시보증공사) 이주비·사업비 대출 보증 행정대행 용역업체 선정 입찰 공고 / P0 2026-02-13 건축물 해체계획서 작성·인허가 및 석면해체·제거공사 감리 용역 선정 입찰공고; project-notes/21-grsamik.md",
upd-20260623-0003,21,가락삼익맨숀아파트 재건축정비사업 조합,2020-111,11710NTC202010230006,direct,Y,,S4-0014,21,가락삼익맨숀아파트 재건축정비사업 조합,용적률,confirmed,confirmed,svc-20260624-0063,Y,rank; project_name,,derived_from_existing_s1_s5_workbooks_and_review_logs,confirmed 항목은 핵심 수치 장부/사업별 메모에 반영 여부를 점검,"정보몽땅 공개항목의 별첨 원문, 최신 변경고시, 관리처분 인가 고시 원문","정보몽땅 공개항목의 별첨 원문, 최신 변경고시, 관리처분 인가 고시 원문; P0 2025-07-30 HUG(주택도시보증공사) 이주비·사업비 대출 보증 행정대행 용역업체 선정 입찰 재공고 / P0 2025-07-18 HUG(주택도시보증공사) 이주비·사업비 대출 보증 행정대행 용역업체...",analysis/update-impact-ledger.md; analysis/grsamik-s1-public-item-fact-check.md; project-notes/21-grsamik.md; analysis/official-context-sources.csv; analysis...,project-notes/21-grsamik.md; analysis/research-hypothesis-ledger.md; analysis/project-comparison-matrix.md; analysis/reassessment-watchlist.md; analysis/proj...,비용·기반시설·일정 리스크 원문을 확인한 뒤 장기 관찰 등급 유지/하향 결정,applied,verified_original,3,"정보몽땅 공개항목의 별첨 원문, 최신 변경고시, 관리처분 인가 고시 원문; P0 2025-07-30 HUG(주택도시보증공사) 이주비·사업비 대출 보증 행정대행 용역업체 선정 입찰 재공고 / P0 2025-07-18 HUG(주택도시보증공사) 이주비·사업비 대출 보증 행정대행 용역업체 선정 입찰 공고 / P0 2026-02-13 건축물 해체계획서 작성·인허가 및 석면해체·제거공사 감리 용역 선정 입찰공고; project-notes/21-grsamik.md",
upd-20260623-0003,21,가락삼익맨숀아파트 재건축정비사업 조합,2020-111,11710NTC202010230006,direct,Y,,S4-0015,21,가락삼익맨숀아파트 재건축정비사업 조합,정비구역 면적,confirmed,confirmed,svc-20260624-0064,Y,rank; project_name,,derived_from_existing_s1_s5_workbooks_and_review_logs,confirmed 항목은 핵심 수치 장부/사업별 메모에 반영 여부를 점검,"정보몽땅 공개항목의 별첨 원문, 최신 변경고시, 관리처분 인가 고시 원문","정보몽땅 공개항목의 별첨 원문, 최신 변경고시, 관리처분 인가 고시 원문; P0 2025-07-30 HUG(주택도시보증공사) 이주비·사업비 대출 보증 행정대행 용역업체 선정 입찰 재공고 / P0 2025-07-18 HUG(주택도시보증공사) 이주비·사업비 대출 보증 행정대행 용역업체...",analysis/update-impact-ledger.md; analysis/grsamik-s1-public-item-fact-check.md; project-notes/21-grsamik.md; analysis/official-context-sources.csv; analysis...,project-notes/21-grsamik.md; analysis/research-hypothesis-ledger.md; analysis/project-comparison-matrix.md; analysis/reassessment-watchlist.md; analysis/proj...,비용·기반시설·일정 리스크 원문을 확인한 뒤 장기 관찰 등급 유지/하향 결정,applied,verified_original,3,"정보몽땅 공개항목의 별첨 원문, 최신 변경고시, 관리처분 인가 고시 원문; P0 2025-07-30 HUG(주택도시보증공사) 이주비·사업비 대출 보증 행정대행 용역업체 선정 입찰 재공고 / P0 2025-07-18 HUG(주택도시보증공사) 이주비·사업비 대출 보증 행정대행 용역업체 선정 입찰 공고 / P0 2026-02-13 건축물 해체계획서 작성·인허가 및 석면해체·제거공사 감리 용역 선정 입찰공고; project-notes/21-grsamik.md",
upd-20260623-0003,21,가락삼익맨숀아파트 재건축정비사업 조합,2020-111,11710NTC202010230006,direct,Y,,S4-0016,21,가락삼익맨숀아파트 재건축정비사업 조합,조합설립인가일,confirmed,confirmed,svc-20260624-0065,Y,rank; project_name,,derived_from_existing_s1_s5_workbooks_and_review_logs,confirmed 항목은 핵심 수치 장부/사업별 메모에 반영 여부를 점검,공식 단계 출처에서 확인된 단계일자를 비교표와 사업별 메모에 반영,공식 사업별 페이지에서 확인된 단계일자를 비교표와 사업별 메모에 반영; P0 2025-07-30 HUG(주택도시보증공사) 이주비·사업비 대출 보증 행정대행 용역업체 선정 입찰 재공고 / P0 2025-07-18 HUG(주택도시보증공사) 이주비·사업비 대출 보증 행정대행 용역업체 선...,analysis/update-impact-ledger.md; analysis/grsamik-s1-public-item-fact-check.md; project-notes/21-grsamik.md; analysis/official-context-sources.csv; analysis...,project-notes/21-grsamik.md; analysis/research-hypothesis-ledger.md; analysis/project-comparison-matrix.md; analysis/reassessment-watchlist.md; analysis/proj...,비용·기반시설·일정 리스크 원문을 확인한 뒤 장기 관찰 등급 유지/하향 결정,applied,verified_original,4,공식 단계 출처에서 확인된 단계일자를 비교표와 사업별 메모에 반영; P0 2025-07-30 HUG(주택도시보증공사) 이주비·사업비 대출 보증 행정대행 용역업체 선정 입찰 재공고 / P0 2025-07-18 HUG(주택도시보증공사) 이주비·사업비 대출 보증 행정대행 용역업체 선정 입찰 공고 / P0 2026-02-13 건축물 해체계획서 작성·인허가 및 석면해체·제거공사 감리 용역 선정 입찰공고; 공식 사업별 페이지에서 확인된 단계일자를 비교표와 사업별 메모에 반영; project-notes/21-grsamik.md,
upd-20260623-0003,21,가락삼익맨숀아파트 재건축정비사업 조합,2020-111,11710NTC202010230006,direct,Y,,S4-0017,21,가락삼익맨숀아파트 재건축정비사업 조합,총 세대수,confirmed,confirmed,svc-20260624-0066,Y,rank; project_name,,derived_from_existing_s1_s5_workbooks_and_review_logs,confirmed 항목은 핵심 수치 장부/사업별 메모에 반영 여부를 점검,"정보몽땅 공개항목의 별첨 원문, 최신 변경고시, 관리처분 인가 고시 원문","정보몽땅 공개항목의 별첨 원문, 최신 변경고시, 관리처분 인가 고시 원문; P0 2025-07-30 HUG(주택도시보증공사) 이주비·사업비 대출 보증 행정대행 용역업체 선정 입찰 재공고 / P0 2025-07-18 HUG(주택도시보증공사) 이주비·사업비 대출 보증 행정대행 용역업체...",analysis/update-impact-ledger.md; analysis/grsamik-s1-public-item-fact-check.md; project-notes/21-grsamik.md; analysis/official-context-sources.csv; analysis...,project-notes/21-grsamik.md; analysis/research-hypothesis-ledger.md; analysis/project-comparison-matrix.md; analysis/reassessment-watchlist.md; analysis/proj...,비용·기반시설·일정 리스크 원문을 확인한 뒤 장기 관찰 등급 유지/하향 결정,applied,verified_original,3,"정보몽땅 공개항목의 별첨 원문, 최신 변경고시, 관리처분 인가 고시 원문; P0 2025-07-30 HUG(주택도시보증공사) 이주비·사업비 대출 보증 행정대행 용역업체 선정 입찰 재공고 / P0 2025-07-18 HUG(주택도시보증공사) 이주비·사업비 대출 보증 행정대행 용역업체 선정 입찰 공고 / P0 2026-02-13 건축물 해체계획서 작성·인허가 및 석면해체·제거공사 감리 용역 선정 입찰공고; project-notes/21-grsamik.md",
upd-20260623-0003,21,가락삼익맨숀아파트 재건축정비사업 조합,2020-111,11710NTC202010230006,direct,Y,,S4-0018,21,가락삼익맨숀아파트 재건축정비사업 조합,층수,confirmed,confirmed,svc-20260624-0067,Y,rank; project_name,,derived_from_existing_s1_s5_workbooks_and_review_logs,비교표 대표값은 사업개요 층수를 유지하고 2020 고시 최고층 후보 31층은 시점별 원문값으로 병기,"정보몽땅 공개항목의 별첨 원문, 최신 변경고시, 관리처분 인가 고시 원문",analysis/management-stage-value-resolution.md; analysis/stage-definition-conflict-resolution.md; project-notes/21-grsamik.md,analysis/update-impact-ledger.md; analysis/grsamik-s1-public-item-fact-check.md; project-notes/21-grsamik.md; analysis/official-context-sources.csv; analysis...,project-notes/21-grsamik.md; analysis/research-hypothesis-ledger.md; analysis/project-comparison-matrix.md; analysis/reassessment-watchlist.md; analysis/proj...,비용·기반시설·일정 리스크 원문을 확인한 뒤 장기 관찰 등급 유지/하향 결정,applied,verified_original,5,"정보몽땅 공개항목의 별첨 원문, 최신 변경고시, 관리처분 인가 고시 원문; P0 2025-07-30 HUG(주택도시보증공사) 이주비·사업비 대출 보증 행정대행 용역업체 선정 입찰 재공고 / P0 2025-07-18 HUG(주택도시보증공사) 이주비·사업비 대출 보증 행정대행 용역업체 선정 입찰 공고 / P0 2026-02-13 건축물 해체계획서 작성·인허가 및 석면해체·제거공사 감리 용역 선정 입찰공고; analysis/management-stage-value-resolution.md; analysis/stage-definition-conflict-resolution.md",
upd-20260624-0001,9,잠실우성4차 주택재건축정비사업조합,2021-671,11000NTC202302220005,direct,Y,,S4-0001,9,잠실우성4차 주택재건축정비사업조합,건폐율,confirmed,confirmed,svc-20260624-0050,Y,rank; project_name,,derived_from_existing_s1_s5_workbooks_and_review_logs,비교표 대표값은 사업개요 현재값을 유지하고 2017 고시값 30%는 시점별 원문값으로 병기,"정보몽땅 공개항목의 별첨 원문, 최신 변경고시, 관리처분 인가 고시 원문",analysis/management-stage-value-resolution.md; analysis/management-stage-fact-check.md; analysis/stage-definition-conflict-resolution.md; project-notes/09-tw...,analysis/update-impact-ledger.md; 사업시행계획서/관리처분계획서/최신 변경고시로 수치 시점 확정; project-notes/09-tw2w7iwv.md; analysis/high-blocking-contact-channel-registry.md; analys...,project-notes/09-tw2w7iwv.md; analysis/research-hypothesis-ledger.md; analysis/project-comparison-matrix.md; analysis/reassessment-watchlist.md; analysis/res...,"관리처분 공사비·총사업비 금액, 기준일, 자료명 또는 원문 URL이 회신에 들어 있을 때만 confirmed/partial decision 초안으로 승격한다.",applied,verified_original,6,"정보몽땅 공개항목의 별첨 원문, 최신 변경고시, 관리처분 인가 고시 원문; P0 2026-03-25 이주비 대출을 위한 금융기관 선정 입찰 공고문 / P0 2025-12-24 명도소송 관련 업무를 위한 협력업체(변호사 등) 선정 입찰공고 / P0 2025-11-18 범죄예방 및 이주관리를 위한 협력업체 선정 입찰공고; analysis/management-stage-value-resolution.md; analysis/management-stage-fact-check.md",
upd-20260624-0001,9,잠실우성4차 주택재건축정비사업조합,2021-671,11000NTC202302220005,direct,Y,,S4-0002,9,잠실우성4차 주택재건축정비사업조합,관리처분 공사비,deferred,deferred,svc-20260624-0051,Y,rank; project_name,,derived_from_existing_s1_s5_workbooks_and_review_logs,송파구 새올전자민원창구 접수번호 626590 회신 도착 시 고시번호·고시일·별첨·공사비 기준일을 intake에 기록하고 그때 decision을 재개,"정보몽땅 공개항목의 별첨 원문, 최신 변경고시, 관리처분 인가 고시 원문",project-notes/09-tw2w7iwv.md; analysis/high-blocking-public-web-probe.md; analysis/high-blocking-filing-tracker.md; analysis/high-blocking-response-decision-...,analysis/update-impact-ledger.md; 사업시행계획서/관리처분계획서/최신 변경고시로 수치 시점 확정; project-notes/09-tw2w7iwv.md; analysis/high-blocking-contact-channel-registry.md; analys...,project-notes/09-tw2w7iwv.md; analysis/research-hypothesis-ledger.md; analysis/project-comparison-matrix.md; analysis/reassessment-watchlist.md; analysis/res...,"관리처분 공사비·총사업비 금액, 기준일, 자료명 또는 원문 URL이 회신에 들어 있을 때만 confirmed/partial decision 초안으로 승격한다.",applied,verified_original,6,"정보몽땅 공개항목의 별첨 원문, 최신 변경고시, 관리처분 인가 고시 원문; P0 2026-03-25 이주비 대출을 위한 금융기관 선정 입찰 공고문 / P0 2025-12-24 명도소송 관련 업무를 위한 협력업체(변호사 등) 선정 입찰공고 / P0 2025-11-18 범죄예방 및 이주관리를 위한 협력업체 선정 입찰공고; project-notes/09-tw2w7iwv.md; analysis/high-blocking-public-web-probe.md",
upd-20260624-0001,9,잠실우성4차 주택재건축정비사업조합,2021-671,11000NTC202302220005,direct,Y,,S4-0003,9,잠실우성4차 주택재건축정비사업조합,관리처분인가일,confirmed,confirmed,svc-20260624-0052,Y,rank; project_name,,derived_from_existing_s1_s5_workbooks_and_review_logs,confirmed 항목은 핵심 수치 장부/사업별 메모에 반영 여부를 점검,"정보몽땅 공개항목의 별첨 원문, 최신 변경고시, 관리처분 인가 고시 원문","정보몽땅 공개항목의 별첨 원문, 최신 변경고시, 관리처분 인가 고시 원문; P0 2026-03-25 이주비 대출을 위한 금융기관 선정 입찰 공고문 / P0 2025-12-24 명도소송 관련 업무를 위한 협력업체(변호사 등) 선정 입찰공고 / P0 2025-11-18 범죄예방 및 이...",analysis/update-impact-ledger.md; 사업시행계획서/관리처분계획서/최신 변경고시로 수치 시점 확정; project-notes/09-tw2w7iwv.md; analysis/high-blocking-contact-channel-registry.md; analys...,project-notes/09-tw2w7iwv.md; analysis/research-hypothesis-ledger.md; analysis/project-comparison-matrix.md; analysis/reassessment-watchlist.md; analysis/res...,"관리처분 공사비·총사업비 금액, 기준일, 자료명 또는 원문 URL이 회신에 들어 있을 때만 confirmed/partial decision 초안으로 승격한다.",applied,verified_original,3,"정보몽땅 공개항목의 별첨 원문, 최신 변경고시, 관리처분 인가 고시 원문; P0 2026-03-25 이주비 대출을 위한 금융기관 선정 입찰 공고문 / P0 2025-12-24 명도소송 관련 업무를 위한 협력업체(변호사 등) 선정 입찰공고 / P0 2025-11-18 범죄예방 및 이주관리를 위한 협력업체 선정 입찰공고; project-notes/09-tw2w7iwv.md",
upd-20260624-0001,9,잠실우성4차 주택재건축정비사업조합,2021-671,11000NTC202302220005,direct,Y,,S4-0004,9,잠실우성4차 주택재건축정비사업조합,사업시행인가일,confirmed,confirmed,svc-20260624-0053,Y,rank; project_name,,derived_from_existing_s1_s5_workbooks_and_review_logs,confirmed 항목은 핵심 수치 장부/사업별 메모에 반영 여부를 점검,"정보몽땅 공개항목의 별첨 원문, 최신 변경고시, 관리처분 인가 고시 원문","정보몽땅 공개항목의 별첨 원문, 최신 변경고시, 관리처분 인가 고시 원문; P0 2026-03-25 이주비 대출을 위한 금융기관 선정 입찰 공고문 / P0 2025-12-24 명도소송 관련 업무를 위한 협력업체(변호사 등) 선정 입찰공고 / P0 2025-11-18 범죄예방 및 이...",analysis/update-impact-ledger.md; 사업시행계획서/관리처분계획서/최신 변경고시로 수치 시점 확정; project-notes/09-tw2w7iwv.md; analysis/high-blocking-contact-channel-registry.md; analys...,project-notes/09-tw2w7iwv.md; analysis/research-hypothesis-ledger.md; analysis/project-comparison-matrix.md; analysis/reassessment-watchlist.md; analysis/res...,"관리처분 공사비·총사업비 금액, 기준일, 자료명 또는 원문 URL이 회신에 들어 있을 때만 confirmed/partial decision 초안으로 승격한다.",applied,verified_original,3,"정보몽땅 공개항목의 별첨 원문, 최신 변경고시, 관리처분 인가 고시 원문; P0 2026-03-25 이주비 대출을 위한 금융기관 선정 입찰 공고문 / P0 2025-12-24 명도소송 관련 업무를 위한 협력업체(변호사 등) 선정 입찰공고 / P0 2025-11-18 범죄예방 및 이주관리를 위한 협력업체 선정 입찰공고; project-notes/09-tw2w7iwv.md",
upd-20260624-0001,9,잠실우성4차 주택재건축정비사업조합,2021-671,11000NTC202302220005,direct,Y,,S4-0005,9,잠실우성4차 주택재건축정비사업조합,용적률,confirmed,confirmed,svc-20260624-0172,Y,rank; project_name,,derived_from_existing_s1_s5_workbooks_and_review_logs,confirmed 항목은 핵심 수치 장부/사업별 메모에 반영 여부를 점검,"정보몽땅 공개항목의 별첨 원문, 최신 변경고시, 관리처분 인가 고시 원문",analysis/management-stage-value-resolution.md; analysis/management-stage-fact-check.md; data/urban/text/files/09-11000NTC201707068193-09-11000NTC201707068193...,analysis/update-impact-ledger.md; 사업시행계획서/관리처분계획서/최신 변경고시로 수치 시점 확정; project-notes/09-tw2w7iwv.md; analysis/high-blocking-contact-channel-registry.md; analys...,project-notes/09-tw2w7iwv.md; analysis/research-hypothesis-ledger.md; analysis/project-comparison-matrix.md; analysis/reassessment-watchlist.md; analysis/res...,"관리처분 공사비·총사업비 금액, 기준일, 자료명 또는 원문 URL이 회신에 들어 있을 때만 confirmed/partial decision 초안으로 승격한다.",applied,verified_original,7,"정보몽땅 공개항목의 별첨 원문, 최신 변경고시, 관리처분 인가 고시 원문; P0 2026-03-25 이주비 대출을 위한 금융기관 선정 입찰 공고문 / P0 2025-12-24 명도소송 관련 업무를 위한 협력업체(변호사 등) 선정 입찰공고 / P0 2025-11-18 범죄예방 및 이주관리를 위한 협력업체 선정 입찰공고; analysis/management-stage-value-resolution.md; analysis/management-stage-fact-check.md",
upd-20260624-0001,9,잠실우성4차 주택재건축정비사업조합,2021-671,11000NTC202302220005,direct,Y,,S4-0006,9,잠실우성4차 주택재건축정비사업조합,정비구역 면적,confirmed,confirmed,svc-20260624-0055,Y,rank; project_name,,derived_from_existing_s1_s5_workbooks_and_review_logs,비교표 대표값은 사업개요 현재값을 유지하고 2017 고시 면적은 시점별 원문값으로 병기,"정보몽땅 공개항목의 별첨 원문, 최신 변경고시, 관리처분 인가 고시 원문",analysis/management-stage-value-resolution.md; analysis/management-stage-fact-check.md; analysis/stage-definition-conflict-resolution.md; project-notes/09-tw...,analysis/update-impact-ledger.md; 사업시행계획서/관리처분계획서/최신 변경고시로 수치 시점 확정; project-notes/09-tw2w7iwv.md; analysis/high-blocking-contact-channel-registry.md; analys...,project-notes/09-tw2w7iwv.md; analysis/research-hypothesis-ledger.md; analysis/project-comparison-matrix.md; analysis/reassessment-watchlist.md; analysis/res...,"관리처분 공사비·총사업비 금액, 기준일, 자료명 또는 원문 URL이 회신에 들어 있을 때만 confirmed/partial decision 초안으로 승격한다.",applied,verified_original,6,"정보몽땅 공개항목의 별첨 원문, 최신 변경고시, 관리처분 인가 고시 원문; P0 2026-03-25 이주비 대출을 위한 금융기관 선정 입찰 공고문 / P0 2025-12-24 명도소송 관련 업무를 위한 협력업체(변호사 등) 선정 입찰공고 / P0 2025-11-18 범죄예방 및 이주관리를 위한 협력업체 선정 입찰공고; analysis/management-stage-value-resolution.md; analysis/management-stage-fact-check.md",
upd-20260624-0001,9,잠실우성4차 주택재건축정비사업조합,2021-671,11000NTC202302220005,direct,Y,,S4-0007,9,잠실우성4차 주택재건축정비사업조합,조합설립인가일,confirmed,confirmed,svc-20260624-0056,Y,rank; project_name,,derived_from_existing_s1_s5_workbooks_and_review_logs,confirmed 항목은 핵심 수치 장부/사업별 메모에 반영 여부를 점검,공식 단계 출처에서 확인된 단계일자를 비교표와 사업별 메모에 반영,공식 사업별 페이지에서 확인된 단계일자를 비교표와 사업별 메모에 반영; P0 2026-03-25 이주비 대출을 위한 금융기관 선정 입찰 공고문 / P0 2025-12-24 명도소송 관련 업무를 위한 협력업체(변호사 등) 선정 입찰공고 / P0 2025-11-18 범죄예방 및 이주관...,analysis/update-impact-ledger.md; 사업시행계획서/관리처분계획서/최신 변경고시로 수치 시점 확정; project-notes/09-tw2w7iwv.md; analysis/high-blocking-contact-channel-registry.md; analys...,project-notes/09-tw2w7iwv.md; analysis/research-hypothesis-ledger.md; analysis/project-comparison-matrix.md; analysis/reassessment-watchlist.md; analysis/res...,"관리처분 공사비·총사업비 금액, 기준일, 자료명 또는 원문 URL이 회신에 들어 있을 때만 confirmed/partial decision 초안으로 승격한다.",applied,verified_original,4,공식 단계 출처에서 확인된 단계일자를 비교표와 사업별 메모에 반영; P0 2026-03-25 이주비 대출을 위한 금융기관 선정 입찰 공고문 / P0 2025-12-24 명도소송 관련 업무를 위한 협력업체(변호사 등) 선정 입찰공고 / P0 2025-11-18 범죄예방 및 이주관리를 위한 협력업체 선정 입찰공고; 공식 사업별 페이지에서 확인된 단계일자를 비교표와 사업별 메모에 반영; project-notes/09-tw2w7iwv.md,
upd-20260624-0001,9,잠실우성4차 주택재건축정비사업조합,2021-671,11000NTC202302220005,direct,Y,,S4-0008,9,잠실우성4차 주택재건축정비사업조합,총 세대수,confirmed,confirmed,svc-20260624-0169,Y,rank; project_name,,derived_from_existing_s1_s5_workbooks_and_review_logs,대표값은 사업개요 732세대를 유지하고 고시 916세대는 시점별 참고값으로 병기,"정보몽땅 공개항목의 별첨 원문, 최신 변경고시, 관리처분 인가 고시 원문",analysis/management-stage-value-resolution.md; analysis/management-stage-fact-check.md; analysis/stage-definition-conflict-resolution.md; project-notes/09-tw...,analysis/update-impact-ledger.md; 사업시행계획서/관리처분계획서/최신 변경고시로 수치 시점 확정; project-notes/09-tw2w7iwv.md; analysis/high-blocking-contact-channel-registry.md; analys...,project-notes/09-tw2w7iwv.md; analysis/research-hypothesis-ledger.md; analysis/project-comparison-matrix.md; analysis/reassessment-watchlist.md; analysis/res...,"관리처분 공사비·총사업비 금액, 기준일, 자료명 또는 원문 URL이 회신에 들어 있을 때만 confirmed/partial decision 초안으로 승격한다.",applied,verified_original,6,"정보몽땅 공개항목의 별첨 원문, 최신 변경고시, 관리처분 인가 고시 원문; P0 2026-03-25 이주비 대출을 위한 금융기관 선정 입찰 공고문 / P0 2025-12-24 명도소송 관련 업무를 위한 협력업체(변호사 등) 선정 입찰공고 / P0 2025-11-18 범죄예방 및 이주관리를 위한 협력업체 선정 입찰공고; analysis/management-stage-value-resolution.md; analysis/management-stage-fact-check.md",
upd-20260624-0001,9,잠실우성4차 주택재건축정비사업조합,2021-671,11000NTC202302220005,direct,Y,,S4-0009,9,잠실우성4차 주택재건축정비사업조합,층수,confirmed,confirmed,svc-20260624-0058,Y,rank; project_name,,derived_from_existing_s1_s5_workbooks_and_review_logs,confirmed 항목은 핵심 수치 장부/사업별 메모에 반영 여부를 점검,"정보몽땅 공개항목의 별첨 원문, 최신 변경고시, 관리처분 인가 고시 원문","정보몽땅 공개항목의 별첨 원문, 최신 변경고시, 관리처분 인가 고시 원문; P0 2026-03-25 이주비 대출을 위한 금융기관 선정 입찰 공고문 / P0 2025-12-24 명도소송 관련 업무를 위한 협력업체(변호사 등) 선정 입찰공고 / P0 2025-11-18 범죄예방 및 이...",analysis/update-impact-ledger.md; 사업시행계획서/관리처분계획서/최신 변경고시로 수치 시점 확정; project-notes/09-tw2w7iwv.md; analysis/high-blocking-contact-channel-registry.md; analys...,project-notes/09-tw2w7iwv.md; analysis/research-hypothesis-ledger.md; analysis/project-comparison-matrix.md; analysis/reassessment-watchlist.md; analysis/res...,"관리처분 공사비·총사업비 금액, 기준일, 자료명 또는 원문 URL이 회신에 들어 있을 때만 confirmed/partial decision 초안으로 승격한다.",applied,verified_original,3,"정보몽땅 공개항목의 별첨 원문, 최신 변경고시, 관리처분 인가 고시 원문; P0 2026-03-25 이주비 대출을 위한 금융기관 선정 입찰 공고문 / P0 2025-12-24 명도소송 관련 업무를 위한 협력업체(변호사 등) 선정 입찰공고 / P0 2025-11-18 범죄예방 및 이주관리를 위한 협력업체 선정 입찰공고; project-notes/09-tw2w7iwv.md",
upd-20260624-0001,9,잠실우성4차 주택재건축정비사업조합,2021-671,11000NTC202302220005,direct,Y,,S5-0052,9,잠실우성4차 주택재건축정비사업조합,추진위원회 승인일,confirmed,confirmed,svc-20260624-0167,Y,rank; project_name,,derived_from_existing_s1_s5_workbooks_and_review_logs,"confirmed 값 2009-12-07은 사업별 메모와 비교표에 반영하고, 최초 승인일 분리가 필요할 때만 별도 원인가 공문을 추가 확인",data/urban/text/files/09-11000NTC201707068193-09-11000NTC201707068193-notice_file-서울특별시2017-239.txt,data/cleanup/files/jamsil-woosung4/prtnelapse-20260623.html; analysis/s5-jamsil-woosung4-core-value-resolution.md; project-notes/09-tw2w7iwv.md,analysis/update-impact-ledger.md; 사업시행계획서/관리처분계획서/최신 변경고시로 수치 시점 확정; project-notes/09-tw2w7iwv.md; analysis/high-blocking-contact-channel-registry.md; analys...,project-notes/09-tw2w7iwv.md; analysis/research-hypothesis-ledger.md; analysis/project-comparison-matrix.md; analysis/reassessment-watchlist.md; analysis/res...,"관리처분 공사비·총사업비 금액, 기준일, 자료명 또는 원문 URL이 회신에 들어 있을 때만 confirmed/partial decision 초안으로 승격한다.",applied,verified_original,4,data/urban/text/files/09-11000NTC201707068193-09-11000NTC201707068193-notice_file-서울특별시2017-239.txt; data/cleanup/files/jamsil-woosung4/prtnelapse-20260623.html; analysis/s5-jamsil-woosung4-core-value-resolution.md; project-notes/09-tw2w7iwv.md,
upd-20260624-0001,9,잠실우성4차 주택재건축정비사업조합,2021-671,11000NTC202302220005,direct,Y,,S5-0053,9,잠실우성4차 주택재건축정비사업조합,단계 공개 동의율,confirmed,confirmed,svc-20260624-0168,Y,rank; project_name,,derived_from_existing_s1_s5_workbooks_and_review_logs,"confirmed 값 97.9695%를 사업시행인가 기준값으로 유지하고, 관리처분 단계 동의율은 별도 공개 전까지 추가 추정하지 않음",data/urban/text/files/09-11000NTC201707068193-09-11000NTC201707068193-notice_file-서울특별시2017-239.txt,data/cleanup/management-stage-html/9-710900000108s28-202.html; data/cleanup/files/jamsil-woosung4/prtnelapse-20260623.html; analysis/s5-jamsil-woosung4-core-...,analysis/update-impact-ledger.md; 사업시행계획서/관리처분계획서/최신 변경고시로 수치 시점 확정; project-notes/09-tw2w7iwv.md; analysis/high-blocking-contact-channel-registry.md; analys...,project-notes/09-tw2w7iwv.md; analysis/research-hypothesis-ledger.md; analysis/project-comparison-matrix.md; analysis/reassessment-watchlist.md; analysis/res...,"관리처분 공사비·총사업비 금액, 기준일, 자료명 또는 원문 URL이 회신에 들어 있을 때만 confirmed/partial decision 초안으로 승격한다.",applied,verified_original,6,data/urban/text/files/09-11000NTC201707068193-09-11000NTC201707068193-notice_file-서울특별시2017-239.txt; https://cleanup.seoul.go.kr/service/opendata/cafeOthbc/vscrCafe.do?cafeId=710900000108s28&othbcIemSn=202; data/cleanup/management-stage-html/9-710900000108s28-202.html; data/cleanup/files/jamsil-woosung4/prtnelapse-20260623.html,
upd-20260624-0001,9,잠실우성4차 주택재건축정비사업조합,2021-671,11000NTC202302220005,direct,Y,,S5-0054,9,잠실우성4차 주택재건축정비사업조합,총 세대수,confirmed,confirmed,svc-20260624-0288,Y,rank; project_name,,derived_from_existing_s1_s5_workbooks_and_review_logs,대표값은 사업개요 732세대를 유지하고 고시 916세대는 시점별 참고값으로 병기,analysis/management-stage-value-resolution.md; analysis/management-stage-fact-check.md; data/urban/text/files/09-11000NTC201707068193-09-11000NTC201707068193...,analysis/management-stage-value-resolution.md; analysis/management-stage-fact-check.md; analysis/stage-definition-conflict-resolution.md; project-notes/09-tw...,analysis/update-impact-ledger.md; 사업시행계획서/관리처분계획서/최신 변경고시로 수치 시점 확정; project-notes/09-tw2w7iwv.md; analysis/high-blocking-contact-channel-registry.md; analys...,project-notes/09-tw2w7iwv.md; analysis/research-hypothesis-ledger.md; analysis/project-comparison-matrix.md; analysis/reassessment-watchlist.md; analysis/res...,"관리처분 공사비·총사업비 금액, 기준일, 자료명 또는 원문 URL이 회신에 들어 있을 때만 confirmed/partial decision 초안으로 승격한다.",applied,verified_original,6,analysis/management-stage-value-resolution.md; analysis/management-stage-fact-check.md; data/urban/text/files/09-11000NTC201707068193-09-11000NTC201707068193-notice_file-서울특별시2017-239.txt; https://cleanup.seoul.go.kr/cafe/mastr-cleanup-bsnsSumry/execute.do?cafeId=710900000108s28&stepSeCode=102&div=sumry,
upd-20260624-0001,9,잠실우성4차 주택재건축정비사업조합,2021-671,11000NTC202302220005,direct,Y,,S5-0055,9,잠실우성4차 주택재건축정비사업조합,건폐율,confirmed,confirmed,svc-20260624-0170,Y,rank; project_name,,derived_from_existing_s1_s5_workbooks_and_review_logs,대표값은 사업개요 25%를 유지하고 2017 고시 30%는 시점별 참고값으로 병기,analysis/management-stage-value-resolution.md; analysis/management-stage-fact-check.md; data/urban/text/files/09-11000NTC201707068193-09-11000NTC201707068193...,analysis/management-stage-value-resolution.md; analysis/management-stage-fact-check.md; analysis/stage-definition-conflict-resolution.md; project-notes/09-tw...,analysis/update-impact-ledger.md; 사업시행계획서/관리처분계획서/최신 변경고시로 수치 시점 확정; project-notes/09-tw2w7iwv.md; analysis/high-blocking-contact-channel-registry.md; analys...,project-notes/09-tw2w7iwv.md; analysis/research-hypothesis-ledger.md; analysis/project-comparison-matrix.md; analysis/reassessment-watchlist.md; analysis/res...,"관리처분 공사비·총사업비 금액, 기준일, 자료명 또는 원문 URL이 회신에 들어 있을 때만 confirmed/partial decision 초안으로 승격한다.",applied,verified_original,6,analysis/management-stage-value-resolution.md; analysis/management-stage-fact-check.md; data/urban/text/files/09-11000NTC201707068193-09-11000NTC201707068193-notice_file-서울특별시2017-239.txt; https://cleanup.seoul.go.kr/cafe/mastr-cleanup-bsnsSumry/execute.do?cafeId=710900000108s28&stepSeCode=102&div=sumry,
upd-20260624-0001,9,잠실우성4차 주택재건축정비사업조합,2021-671,11000NTC202302220005,direct,Y,,S5-0056,9,잠실우성4차 주택재건축정비사업조합,정비구역 면적,confirmed,confirmed,svc-20260624-0171,Y,rank; project_name,,derived_from_existing_s1_s5_workbooks_and_review_logs,"대표값은 사업개요 31,961.1㎡를 유지하고 2017 고시 31,630.5㎡는 시점별 참고값으로 병기",analysis/management-stage-value-resolution.md; analysis/management-stage-fact-check.md; data/urban/text/files/09-11000NTC201707068193-09-11000NTC201707068193...,analysis/management-stage-value-resolution.md; analysis/management-stage-fact-check.md; analysis/stage-definition-conflict-resolution.md; project-notes/09-tw...,analysis/update-impact-ledger.md; 사업시행계획서/관리처분계획서/최신 변경고시로 수치 시점 확정; project-notes/09-tw2w7iwv.md; analysis/high-blocking-contact-channel-registry.md; analys...,project-notes/09-tw2w7iwv.md; analysis/research-hypothesis-ledger.md; analysis/project-comparison-matrix.md; analysis/reassessment-watchlist.md; analysis/res...,"관리처분 공사비·총사업비 금액, 기준일, 자료명 또는 원문 URL이 회신에 들어 있을 때만 confirmed/partial decision 초안으로 승격한다.",applied,verified_original,6,analysis/management-stage-value-resolution.md; analysis/management-stage-fact-check.md; data/urban/text/files/09-11000NTC201707068193-09-11000NTC201707068193-notice_file-서울특별시2017-239.txt; https://cleanup.seoul.go.kr/cafe/mastr-cleanup-bsnsSumry/execute.do?cafeId=710900000108s28&stepSeCode=102&div=sumry,
upd-20260624-0001,9,잠실우성4차 주택재건축정비사업조합,2021-671,11000NTC202302220005,direct,Y,,S5-0057,9,잠실우성4차 주택재건축정비사업조합,용적률,confirmed,confirmed,svc-20260624-0289,Y,rank; project_name,,derived_from_existing_s1_s5_workbooks_and_review_logs,confirmed 항목은 핵심 수치 장부/사업별 메모에 반영 여부를 점검,analysis/management-stage-value-resolution.md; analysis/management-stage-fact-check.md; data/urban/text/files/09-11000NTC201707068193-09-11000NTC201707068193...,analysis/management-stage-value-resolution.md; analysis/management-stage-fact-check.md; analysis/stage-definition-conflict-resolution.md; data/urban/text/fil...,analysis/update-impact-ledger.md; 사업시행계획서/관리처분계획서/최신 변경고시로 수치 시점 확정; project-notes/09-tw2w7iwv.md; analysis/high-blocking-contact-channel-registry.md; analys...,project-notes/09-tw2w7iwv.md; analysis/research-hypothesis-ledger.md; analysis/project-comparison-matrix.md; analysis/reassessment-watchlist.md; analysis/res...,"관리처분 공사비·총사업비 금액, 기준일, 자료명 또는 원문 URL이 회신에 들어 있을 때만 confirmed/partial decision 초안으로 승격한다.",applied,verified_original,6,analysis/management-stage-value-resolution.md; analysis/management-stage-fact-check.md; data/urban/text/files/09-11000NTC201707068193-09-11000NTC201707068193-notice_file-서울특별시2017-239.txt; https://cleanup.seoul.go.kr/cafe/mastr-cleanup-bsnsSumry/execute.do?cafeId=710900000108s28&stepSeCode=102&div=sumry,
upd-20260624-0001,9,잠실우성4차 주택재건축정비사업조합,2021-671,11000NTC202302220005,direct,Y,,S5-0058,9,잠실우성4차 주택재건축정비사업조합,관리처분인가일,confirmed,confirmed,svc-20260624-0173,Y,rank; project_name,,derived_from_existing_s1_s5_workbooks_and_review_logs,confirmed 항목은 핵심 수치 장부/사업별 메모에 반영 여부를 점검,analysis/management-stage-value-resolution.md; analysis/management-stage-fact-check.md; data/urban/text/files/09-11000NTC201707068193-09-11000NTC201707068193...,analysis/management-stage-value-resolution.md; analysis/management-stage-fact-check.md; data/urban/text/files/09-11000NTC201707068193-09-11000NTC201707068193...,analysis/update-impact-ledger.md; 사업시행계획서/관리처분계획서/최신 변경고시로 수치 시점 확정; project-notes/09-tw2w7iwv.md; analysis/high-blocking-contact-channel-registry.md; analys...,project-notes/09-tw2w7iwv.md; analysis/research-hypothesis-ledger.md; analysis/project-comparison-matrix.md; analysis/reassessment-watchlist.md; analysis/res...,"관리처분 공사비·총사업비 금액, 기준일, 자료명 또는 원문 URL이 회신에 들어 있을 때만 confirmed/partial decision 초안으로 승격한다.",applied,verified_original,5,analysis/management-stage-value-resolution.md; analysis/management-stage-fact-check.md; data/urban/text/files/09-11000NTC201707068193-09-11000NTC201707068193-notice_file-서울특별시2017-239.txt; https://cleanup.seoul.go.kr/service/opendata/cafeOthbc/vscrCafe.do?cafeId=710900000108s28&othbcIemSn=213,
upd-20260624-0001,9,잠실우성4차 주택재건축정비사업조합,2021-671,11000NTC202302220005,direct,Y,,S5-0059,9,잠실우성4차 주택재건축정비사업조합,사업시행인가일,confirmed,confirmed,svc-20260624-0174,Y,rank; project_name,,derived_from_existing_s1_s5_workbooks_and_review_logs,confirmed 항목은 핵심 수치 장부/사업별 메모에 반영 여부를 점검,analysis/management-stage-value-resolution.md; analysis/management-stage-fact-check.md; data/urban/text/files/09-11000NTC201707068193-09-11000NTC201707068193...,analysis/management-stage-value-resolution.md; analysis/management-stage-fact-check.md; data/urban/text/files/09-11000NTC201707068193-09-11000NTC201707068193...,analysis/update-impact-ledger.md; 사업시행계획서/관리처분계획서/최신 변경고시로 수치 시점 확정; project-notes/09-tw2w7iwv.md; analysis/high-blocking-contact-channel-registry.md; analys...,project-notes/09-tw2w7iwv.md; analysis/research-hypothesis-ledger.md; analysis/project-comparison-matrix.md; analysis/reassessment-watchlist.md; analysis/res...,"관리처분 공사비·총사업비 금액, 기준일, 자료명 또는 원문 URL이 회신에 들어 있을 때만 confirmed/partial decision 초안으로 승격한다.",applied,verified_original,5,analysis/management-stage-value-resolution.md; analysis/management-stage-fact-check.md; data/urban/text/files/09-11000NTC201707068193-09-11000NTC201707068193-notice_file-서울특별시2017-239.txt; https://cleanup.seoul.go.kr/service/opendata/cafeOthbc/vscrCafe.do?cafeId=710900000108s28&othbcIemSn=202,
upd-20260624-0001,9,잠실우성4차 주택재건축정비사업조합,2021-671,11000NTC202302220005,direct,Y,,S5-0060,9,잠실우성4차 주택재건축정비사업조합,층수,confirmed,confirmed,svc-20260624-0175,Y,rank; project_name,,derived_from_existing_s1_s5_workbooks_and_review_logs,confirmed 항목은 핵심 수치 장부/사업별 메모에 반영 여부를 점검,analysis/management-stage-value-resolution.md; analysis/management-stage-fact-check.md; data/urban/text/files/09-11000NTC201707068193-09-11000NTC201707068193...,analysis/management-stage-value-resolution.md; analysis/management-stage-fact-check.md; data/urban/text/files/09-11000NTC201707068193-09-11000NTC201707068193...,analysis/update-impact-ledger.md; 사업시행계획서/관리처분계획서/최신 변경고시로 수치 시점 확정; project-notes/09-tw2w7iwv.md; analysis/high-blocking-contact-channel-registry.md; analys...,project-notes/09-tw2w7iwv.md; analysis/research-hypothesis-ledger.md; analysis/project-comparison-matrix.md; analysis/reassessment-watchlist.md; analysis/res...,"관리처분 공사비·총사업비 금액, 기준일, 자료명 또는 원문 URL이 회신에 들어 있을 때만 confirmed/partial decision 초안으로 승격한다.",applied,verified_original,5,analysis/management-stage-value-resolution.md; analysis/management-stage-fact-check.md; data/urban/text/files/09-11000NTC201707068193-09-11000NTC201707068193-notice_file-서울특별시2017-239.txt; https://cleanup.seoul.go.kr/cafe/mastr-cleanup-bsnsSumry/execute.do?cafeId=710900000108s28&stepSeCode=102&div=sumry,
upd-20260624-0001,9,잠실우성4차 주택재건축정비사업조합,2021-671,11000NTC202302220005,direct,Y,,S5-0061,9,잠실우성4차 주택재건축정비사업조합,최고높이,confirmed,confirmed,svc-20260624-0176,Y,rank; project_name,,derived_from_existing_s1_s5_workbooks_and_review_logs,대표값은 사업개요 100m를 유지하고 2017 고시 101m 이하는 시점별 참고값으로 병기,data/urban/text/files/09-11000NTC201707068193-09-11000NTC201707068193-notice_file-서울특별시2017-239.txt,data/urban/text/files/09-11000NTC201707068193-09-11000NTC201707068193-notice_file-서울특별시2017-239.txt; https://cleanup.seoul.go.kr/cafe/mastr-cleanup-bsnsSumry...,analysis/update-impact-ledger.md; 사업시행계획서/관리처분계획서/최신 변경고시로 수치 시점 확정; project-notes/09-tw2w7iwv.md; analysis/high-blocking-contact-channel-registry.md; analys...,project-notes/09-tw2w7iwv.md; analysis/research-hypothesis-ledger.md; analysis/project-comparison-matrix.md; analysis/reassessment-watchlist.md; analysis/res...,"관리처분 공사비·총사업비 금액, 기준일, 자료명 또는 원문 URL이 회신에 들어 있을 때만 confirmed/partial decision 초안으로 승격한다.",applied,verified_original,3,data/urban/text/files/09-11000NTC201707068193-09-11000NTC201707068193-notice_file-서울특별시2017-239.txt; https://cleanup.seoul.go.kr/cafe/mastr-cleanup-bsnsSumry/execute.do?cafeId=710900000108s28&stepSeCode=102&div=sumry; project-notes/09-tw2w7iwv.md,
upd-20260624-0001,9,잠실우성4차 주택재건축정비사업조합,2021-671,11000NTC202302220005,direct,Y,,S5-0062,9,잠실우성4차 주택재건축정비사업조합,고시일,confirmed,confirmed,svc-20260624-0177,Y,rank; project_name,,derived_from_existing_s1_s5_workbooks_and_review_logs,"confirmed 고시일은 비교표 현재값으로 유지하고, 원문 본문 날짜 줄 재추출은 필요 시만 수행",data/urban/text/files/09-11000NTC201707068193-09-11000NTC201707068193-notice_file-서울특별시2017-239.txt,data/urban/text/notice-text-manifest.csv; data/urban/text/files/09-11000NTC201707068193-09-11000NTC201707068193-notice_file-서울특별시2017-239.txt; analysis/s5-ja...,analysis/update-impact-ledger.md; 사업시행계획서/관리처분계획서/최신 변경고시로 수치 시점 확정; project-notes/09-tw2w7iwv.md; analysis/high-blocking-contact-channel-registry.md; analys...,project-notes/09-tw2w7iwv.md; analysis/research-hypothesis-ledger.md; analysis/project-comparison-matrix.md; analysis/reassessment-watchlist.md; analysis/res...,"관리처분 공사비·총사업비 금액, 기준일, 자료명 또는 원문 URL이 회신에 들어 있을 때만 confirmed/partial decision 초안으로 승격한다.",applied,verified_original,4,data/urban/text/files/09-11000NTC201707068193-09-11000NTC201707068193-notice_file-서울특별시2017-239.txt; data/urban/text/notice-text-manifest.csv; analysis/s5-jamsil-woosung4-core-value-resolution.md; project-notes/09-tw2w7iwv.md,
upd-20260624-0001,9,잠실우성4차 주택재건축정비사업조합,2021-671,11000NTC202302220005,direct,Y,,S5-0063,9,잠실우성4차 주택재건축정비사업조합,고시번호,confirmed,confirmed,svc-20260624-0178,Y,rank; project_name,,derived_from_existing_s1_s5_workbooks_and_review_logs,"confirmed 고시번호는 비교표 현재값으로 유지하고, 서울도시공간포털 noticeCode와 함께 사업별 메모에 연결 상태를 유지",data/urban/text/files/09-11000NTC201707068193-09-11000NTC201707068193-notice_file-서울특별시2017-239.txt,data/urban/text/files/09-11000NTC201707068193-09-11000NTC201707068193-notice_file-서울특별시2017-239.txt; analysis/s5-jamsil-woosung4-core-value-resolution.md; pr...,analysis/update-impact-ledger.md; 사업시행계획서/관리처분계획서/최신 변경고시로 수치 시점 확정; project-notes/09-tw2w7iwv.md; analysis/high-blocking-contact-channel-registry.md; analys...,project-notes/09-tw2w7iwv.md; analysis/research-hypothesis-ledger.md; analysis/project-comparison-matrix.md; analysis/reassessment-watchlist.md; analysis/res...,"관리처분 공사비·총사업비 금액, 기준일, 자료명 또는 원문 URL이 회신에 들어 있을 때만 confirmed/partial decision 초안으로 승격한다.",applied,verified_original,3,data/urban/text/files/09-11000NTC201707068193-09-11000NTC201707068193-notice_file-서울특별시2017-239.txt; analysis/s5-jamsil-woosung4-core-value-resolution.md; project-notes/09-tw2w7iwv.md,
upd-20260624-0002,9,잠실우성4차 주택재건축정비사업조합,2026-49,11000NTC202501230002,direct,Y,,S4-0001,9,잠실우성4차 주택재건축정비사업조합,건폐율,confirmed,confirmed,svc-20260624-0050,Y,rank; project_name,,derived_from_existing_s1_s5_workbooks_and_review_logs,비교표 대표값은 사업개요 현재값을 유지하고 2017 고시값 30%는 시점별 원문값으로 병기,"정보몽땅 공개항목의 별첨 원문, 최신 변경고시, 관리처분 인가 고시 원문",analysis/management-stage-value-resolution.md; analysis/management-stage-fact-check.md; analysis/stage-definition-conflict-resolution.md; project-notes/09-tw...,analysis/update-impact-ledger.md; 사업시행계획서/관리처분계획서/최신 변경고시로 수치 시점 확정; project-notes/09-tw2w7iwv.md; analysis/high-blocking-contact-channel-registry.md; analys...,project-notes/09-tw2w7iwv.md; analysis/research-hypothesis-ledger.md; analysis/project-comparison-matrix.md; analysis/reassessment-watchlist.md; analysis/res...,"관리처분 공사비·총사업비 금액, 기준일, 자료명 또는 원문 URL이 회신에 들어 있을 때만 confirmed/partial decision 초안으로 승격한다.",triaged,unverified,6,"정보몽땅 공개항목의 별첨 원문, 최신 변경고시, 관리처분 인가 고시 원문; P0 2026-03-25 이주비 대출을 위한 금융기관 선정 입찰 공고문 / P0 2025-12-24 명도소송 관련 업무를 위한 협력업체(변호사 등) 선정 입찰공고 / P0 2025-11-18 범죄예방 및 이주관리를 위한 협력업체 선정 입찰공고; analysis/management-stage-value-resolution.md; analysis/management-stage-fact-check.md",
upd-20260624-0002,9,잠실우성4차 주택재건축정비사업조합,2026-49,11000NTC202501230002,direct,Y,,S4-0002,9,잠실우성4차 주택재건축정비사업조합,관리처분 공사비,deferred,deferred,svc-20260624-0051,Y,rank; project_name,,derived_from_existing_s1_s5_workbooks_and_review_logs,송파구 새올전자민원창구 접수번호 626590 회신 도착 시 고시번호·고시일·별첨·공사비 기준일을 intake에 기록하고 그때 decision을 재개,"정보몽땅 공개항목의 별첨 원문, 최신 변경고시, 관리처분 인가 고시 원문",project-notes/09-tw2w7iwv.md; analysis/high-blocking-public-web-probe.md; analysis/high-blocking-filing-tracker.md; analysis/high-blocking-response-decision-...,analysis/update-impact-ledger.md; 사업시행계획서/관리처분계획서/최신 변경고시로 수치 시점 확정; project-notes/09-tw2w7iwv.md; analysis/high-blocking-contact-channel-registry.md; analys...,project-notes/09-tw2w7iwv.md; analysis/research-hypothesis-ledger.md; analysis/project-comparison-matrix.md; analysis/reassessment-watchlist.md; analysis/res...,"관리처분 공사비·총사업비 금액, 기준일, 자료명 또는 원문 URL이 회신에 들어 있을 때만 confirmed/partial decision 초안으로 승격한다.",triaged,unverified,6,"정보몽땅 공개항목의 별첨 원문, 최신 변경고시, 관리처분 인가 고시 원문; P0 2026-03-25 이주비 대출을 위한 금융기관 선정 입찰 공고문 / P0 2025-12-24 명도소송 관련 업무를 위한 협력업체(변호사 등) 선정 입찰공고 / P0 2025-11-18 범죄예방 및 이주관리를 위한 협력업체 선정 입찰공고; project-notes/09-tw2w7iwv.md; analysis/high-blocking-public-web-probe.md",
upd-20260624-0002,9,잠실우성4차 주택재건축정비사업조합,2026-49,11000NTC202501230002,direct,Y,,S4-0003,9,잠실우성4차 주택재건축정비사업조합,관리처분인가일,confirmed,confirmed,svc-20260624-0052,Y,rank; project_name,,derived_from_existing_s1_s5_workbooks_and_review_logs,confirmed 항목은 핵심 수치 장부/사업별 메모에 반영 여부를 점검,"정보몽땅 공개항목의 별첨 원문, 최신 변경고시, 관리처분 인가 고시 원문","정보몽땅 공개항목의 별첨 원문, 최신 변경고시, 관리처분 인가 고시 원문; P0 2026-03-25 이주비 대출을 위한 금융기관 선정 입찰 공고문 / P0 2025-12-24 명도소송 관련 업무를 위한 협력업체(변호사 등) 선정 입찰공고 / P0 2025-11-18 범죄예방 및 이...",analysis/update-impact-ledger.md; 사업시행계획서/관리처분계획서/최신 변경고시로 수치 시점 확정; project-notes/09-tw2w7iwv.md; analysis/high-blocking-contact-channel-registry.md; analys...,project-notes/09-tw2w7iwv.md; analysis/research-hypothesis-ledger.md; analysis/project-comparison-matrix.md; analysis/reassessment-watchlist.md; analysis/res...,"관리처분 공사비·총사업비 금액, 기준일, 자료명 또는 원문 URL이 회신에 들어 있을 때만 confirmed/partial decision 초안으로 승격한다.",triaged,unverified,3,"정보몽땅 공개항목의 별첨 원문, 최신 변경고시, 관리처분 인가 고시 원문; P0 2026-03-25 이주비 대출을 위한 금융기관 선정 입찰 공고문 / P0 2025-12-24 명도소송 관련 업무를 위한 협력업체(변호사 등) 선정 입찰공고 / P0 2025-11-18 범죄예방 및 이주관리를 위한 협력업체 선정 입찰공고; project-notes/09-tw2w7iwv.md",
upd-20260624-0002,9,잠실우성4차 주택재건축정비사업조합,2026-49,11000NTC202501230002,direct,Y,,S4-0004,9,잠실우성4차 주택재건축정비사업조합,사업시행인가일,confirmed,confirmed,svc-20260624-0053,Y,rank; project_name,,derived_from_existing_s1_s5_workbooks_and_review_logs,confirmed 항목은 핵심 수치 장부/사업별 메모에 반영 여부를 점검,"정보몽땅 공개항목의 별첨 원문, 최신 변경고시, 관리처분 인가 고시 원문","정보몽땅 공개항목의 별첨 원문, 최신 변경고시, 관리처분 인가 고시 원문; P0 2026-03-25 이주비 대출을 위한 금융기관 선정 입찰 공고문 / P0 2025-12-24 명도소송 관련 업무를 위한 협력업체(변호사 등) 선정 입찰공고 / P0 2025-11-18 범죄예방 및 이...",analysis/update-impact-ledger.md; 사업시행계획서/관리처분계획서/최신 변경고시로 수치 시점 확정; project-notes/09-tw2w7iwv.md; analysis/high-blocking-contact-channel-registry.md; analys...,project-notes/09-tw2w7iwv.md; analysis/research-hypothesis-ledger.md; analysis/project-comparison-matrix.md; analysis/reassessment-watchlist.md; analysis/res...,"관리처분 공사비·총사업비 금액, 기준일, 자료명 또는 원문 URL이 회신에 들어 있을 때만 confirmed/partial decision 초안으로 승격한다.",triaged,unverified,3,"정보몽땅 공개항목의 별첨 원문, 최신 변경고시, 관리처분 인가 고시 원문; P0 2026-03-25 이주비 대출을 위한 금융기관 선정 입찰 공고문 / P0 2025-12-24 명도소송 관련 업무를 위한 협력업체(변호사 등) 선정 입찰공고 / P0 2025-11-18 범죄예방 및 이주관리를 위한 협력업체 선정 입찰공고; project-notes/09-tw2w7iwv.md",
upd-20260624-0002,9,잠실우성4차 주택재건축정비사업조합,2026-49,11000NTC202501230002,direct,Y,,S4-0005,9,잠실우성4차 주택재건축정비사업조합,용적률,confirmed,confirmed,svc-20260624-0172,Y,rank; project_name,,derived_from_existing_s1_s5_workbooks_and_review_logs,confirmed 항목은 핵심 수치 장부/사업별 메모에 반영 여부를 점검,"정보몽땅 공개항목의 별첨 원문, 최신 변경고시, 관리처분 인가 고시 원문",analysis/management-stage-value-resolution.md; analysis/management-stage-fact-check.md; data/urban/text/files/09-11000NTC201707068193-09-11000NTC201707068193...,analysis/update-impact-ledger.md; 사업시행계획서/관리처분계획서/최신 변경고시로 수치 시점 확정; project-notes/09-tw2w7iwv.md; analysis/high-blocking-contact-channel-registry.md; analys...,project-notes/09-tw2w7iwv.md; analysis/research-hypothesis-ledger.md; analysis/project-comparison-matrix.md; analysis/reassessment-watchlist.md; analysis/res...,"관리처분 공사비·총사업비 금액, 기준일, 자료명 또는 원문 URL이 회신에 들어 있을 때만 confirmed/partial decision 초안으로 승격한다.",triaged,unverified,7,"정보몽땅 공개항목의 별첨 원문, 최신 변경고시, 관리처분 인가 고시 원문; P0 2026-03-25 이주비 대출을 위한 금융기관 선정 입찰 공고문 / P0 2025-12-24 명도소송 관련 업무를 위한 협력업체(변호사 등) 선정 입찰공고 / P0 2025-11-18 범죄예방 및 이주관리를 위한 협력업체 선정 입찰공고; analysis/management-stage-value-resolution.md; analysis/management-stage-fact-check.md",
upd-20260624-0002,9,잠실우성4차 주택재건축정비사업조합,2026-49,11000NTC202501230002,direct,Y,,S4-0006,9,잠실우성4차 주택재건축정비사업조합,정비구역 면적,confirmed,confirmed,svc-20260624-0055,Y,rank; project_name,,derived_from_existing_s1_s5_workbooks_and_review_logs,비교표 대표값은 사업개요 현재값을 유지하고 2017 고시 면적은 시점별 원문값으로 병기,"정보몽땅 공개항목의 별첨 원문, 최신 변경고시, 관리처분 인가 고시 원문",analysis/management-stage-value-resolution.md; analysis/management-stage-fact-check.md; analysis/stage-definition-conflict-resolution.md; project-notes/09-tw...,analysis/update-impact-ledger.md; 사업시행계획서/관리처분계획서/최신 변경고시로 수치 시점 확정; project-notes/09-tw2w7iwv.md; analysis/high-blocking-contact-channel-registry.md; analys...,project-notes/09-tw2w7iwv.md; analysis/research-hypothesis-ledger.md; analysis/project-comparison-matrix.md; analysis/reassessment-watchlist.md; analysis/res...,"관리처분 공사비·총사업비 금액, 기준일, 자료명 또는 원문 URL이 회신에 들어 있을 때만 confirmed/partial decision 초안으로 승격한다.",triaged,unverified,6,"정보몽땅 공개항목의 별첨 원문, 최신 변경고시, 관리처분 인가 고시 원문; P0 2026-03-25 이주비 대출을 위한 금융기관 선정 입찰 공고문 / P0 2025-12-24 명도소송 관련 업무를 위한 협력업체(변호사 등) 선정 입찰공고 / P0 2025-11-18 범죄예방 및 이주관리를 위한 협력업체 선정 입찰공고; analysis/management-stage-value-resolution.md; analysis/management-stage-fact-check.md",
upd-20260624-0002,9,잠실우성4차 주택재건축정비사업조합,2026-49,11000NTC202501230002,direct,Y,,S4-0007,9,잠실우성4차 주택재건축정비사업조합,조합설립인가일,confirmed,confirmed,svc-20260624-0056,Y,rank; project_name,,derived_from_existing_s1_s5_workbooks_and_review_logs,confirmed 항목은 핵심 수치 장부/사업별 메모에 반영 여부를 점검,공식 단계 출처에서 확인된 단계일자를 비교표와 사업별 메모에 반영,공식 사업별 페이지에서 확인된 단계일자를 비교표와 사업별 메모에 반영; P0 2026-03-25 이주비 대출을 위한 금융기관 선정 입찰 공고문 / P0 2025-12-24 명도소송 관련 업무를 위한 협력업체(변호사 등) 선정 입찰공고 / P0 2025-11-18 범죄예방 및 이주관...,analysis/update-impact-ledger.md; 사업시행계획서/관리처분계획서/최신 변경고시로 수치 시점 확정; project-notes/09-tw2w7iwv.md; analysis/high-blocking-contact-channel-registry.md; analys...,project-notes/09-tw2w7iwv.md; analysis/research-hypothesis-ledger.md; analysis/project-comparison-matrix.md; analysis/reassessment-watchlist.md; analysis/res...,"관리처분 공사비·총사업비 금액, 기준일, 자료명 또는 원문 URL이 회신에 들어 있을 때만 confirmed/partial decision 초안으로 승격한다.",triaged,unverified,4,공식 단계 출처에서 확인된 단계일자를 비교표와 사업별 메모에 반영; P0 2026-03-25 이주비 대출을 위한 금융기관 선정 입찰 공고문 / P0 2025-12-24 명도소송 관련 업무를 위한 협력업체(변호사 등) 선정 입찰공고 / P0 2025-11-18 범죄예방 및 이주관리를 위한 협력업체 선정 입찰공고; 공식 사업별 페이지에서 확인된 단계일자를 비교표와 사업별 메모에 반영; project-notes/09-tw2w7iwv.md,
upd-20260624-0002,9,잠실우성4차 주택재건축정비사업조합,2026-49,11000NTC202501230002,direct,Y,,S4-0008,9,잠실우성4차 주택재건축정비사업조합,총 세대수,confirmed,confirmed,svc-20260624-0169,Y,rank; project_name,,derived_from_existing_s1_s5_workbooks_and_review_logs,대표값은 사업개요 732세대를 유지하고 고시 916세대는 시점별 참고값으로 병기,"정보몽땅 공개항목의 별첨 원문, 최신 변경고시, 관리처분 인가 고시 원문",analysis/management-stage-value-resolution.md; analysis/management-stage-fact-check.md; analysis/stage-definition-conflict-resolution.md; project-notes/09-tw...,analysis/update-impact-ledger.md; 사업시행계획서/관리처분계획서/최신 변경고시로 수치 시점 확정; project-notes/09-tw2w7iwv.md; analysis/high-blocking-contact-channel-registry.md; analys...,project-notes/09-tw2w7iwv.md; analysis/research-hypothesis-ledger.md; analysis/project-comparison-matrix.md; analysis/reassessment-watchlist.md; analysis/res...,"관리처분 공사비·총사업비 금액, 기준일, 자료명 또는 원문 URL이 회신에 들어 있을 때만 confirmed/partial decision 초안으로 승격한다.",triaged,unverified,6,"정보몽땅 공개항목의 별첨 원문, 최신 변경고시, 관리처분 인가 고시 원문; P0 2026-03-25 이주비 대출을 위한 금융기관 선정 입찰 공고문 / P0 2025-12-24 명도소송 관련 업무를 위한 협력업체(변호사 등) 선정 입찰공고 / P0 2025-11-18 범죄예방 및 이주관리를 위한 협력업체 선정 입찰공고; analysis/management-stage-value-resolution.md; analysis/management-stage-fact-check.md",
upd-20260624-0002,9,잠실우성4차 주택재건축정비사업조합,2026-49,11000NTC202501230002,direct,Y,,S4-0009,9,잠실우성4차 주택재건축정비사업조합,층수,confirmed,confirmed,svc-20260624-0058,Y,rank; project_name,,derived_from_existing_s1_s5_workbooks_and_review_logs,confirmed 항목은 핵심 수치 장부/사업별 메모에 반영 여부를 점검,"정보몽땅 공개항목의 별첨 원문, 최신 변경고시, 관리처분 인가 고시 원문","정보몽땅 공개항목의 별첨 원문, 최신 변경고시, 관리처분 인가 고시 원문; P0 2026-03-25 이주비 대출을 위한 금융기관 선정 입찰 공고문 / P0 2025-12-24 명도소송 관련 업무를 위한 협력업체(변호사 등) 선정 입찰공고 / P0 2025-11-18 범죄예방 및 이...",analysis/update-impact-ledger.md; 사업시행계획서/관리처분계획서/최신 변경고시로 수치 시점 확정; project-notes/09-tw2w7iwv.md; analysis/high-blocking-contact-channel-registry.md; analys...,project-notes/09-tw2w7iwv.md; analysis/research-hypothesis-ledger.md; analysis/project-comparison-matrix.md; analysis/reassessment-watchlist.md; analysis/res...,"관리처분 공사비·총사업비 금액, 기준일, 자료명 또는 원문 URL이 회신에 들어 있을 때만 confirmed/partial decision 초안으로 승격한다.",triaged,unverified,3,"정보몽땅 공개항목의 별첨 원문, 최신 변경고시, 관리처분 인가 고시 원문; P0 2026-03-25 이주비 대출을 위한 금융기관 선정 입찰 공고문 / P0 2025-12-24 명도소송 관련 업무를 위한 협력업체(변호사 등) 선정 입찰공고 / P0 2025-11-18 범죄예방 및 이주관리를 위한 협력업체 선정 입찰공고; project-notes/09-tw2w7iwv.md",
upd-20260624-0002,9,잠실우성4차 주택재건축정비사업조합,2026-49,11000NTC202501230002,direct,Y,,S5-0052,9,잠실우성4차 주택재건축정비사업조합,추진위원회 승인일,confirmed,confirmed,svc-20260624-0167,Y,rank; project_name,,derived_from_existing_s1_s5_workbooks_and_review_logs,"confirmed 값 2009-12-07은 사업별 메모와 비교표에 반영하고, 최초 승인일 분리가 필요할 때만 별도 원인가 공문을 추가 확인",data/urban/text/files/09-11000NTC201707068193-09-11000NTC201707068193-notice_file-서울특별시2017-239.txt,data/cleanup/files/jamsil-woosung4/prtnelapse-20260623.html; analysis/s5-jamsil-woosung4-core-value-resolution.md; project-notes/09-tw2w7iwv.md,analysis/update-impact-ledger.md; 사업시행계획서/관리처분계획서/최신 변경고시로 수치 시점 확정; project-notes/09-tw2w7iwv.md; analysis/high-blocking-contact-channel-registry.md; analys...,project-notes/09-tw2w7iwv.md; analysis/research-hypothesis-ledger.md; analysis/project-comparison-matrix.md; analysis/reassessment-watchlist.md; analysis/res...,"관리처분 공사비·총사업비 금액, 기준일, 자료명 또는 원문 URL이 회신에 들어 있을 때만 confirmed/partial decision 초안으로 승격한다.",triaged,unverified,4,data/urban/text/files/09-11000NTC201707068193-09-11000NTC201707068193-notice_file-서울특별시2017-239.txt; data/cleanup/files/jamsil-woosung4/prtnelapse-20260623.html; analysis/s5-jamsil-woosung4-core-value-resolution.md; project-notes/09-tw2w7iwv.md,
upd-20260624-0002,9,잠실우성4차 주택재건축정비사업조합,2026-49,11000NTC202501230002,direct,Y,,S5-0053,9,잠실우성4차 주택재건축정비사업조합,단계 공개 동의율,confirmed,confirmed,svc-20260624-0168,Y,rank; project_name,,derived_from_existing_s1_s5_workbooks_and_review_logs,"confirmed 값 97.9695%를 사업시행인가 기준값으로 유지하고, 관리처분 단계 동의율은 별도 공개 전까지 추가 추정하지 않음",data/urban/text/files/09-11000NTC201707068193-09-11000NTC201707068193-notice_file-서울특별시2017-239.txt,data/cleanup/management-stage-html/9-710900000108s28-202.html; data/cleanup/files/jamsil-woosung4/prtnelapse-20260623.html; analysis/s5-jamsil-woosung4-core-...,analysis/update-impact-ledger.md; 사업시행계획서/관리처분계획서/최신 변경고시로 수치 시점 확정; project-notes/09-tw2w7iwv.md; analysis/high-blocking-contact-channel-registry.md; analys...,project-notes/09-tw2w7iwv.md; analysis/research-hypothesis-ledger.md; analysis/project-comparison-matrix.md; analysis/reassessment-watchlist.md; analysis/res...,"관리처분 공사비·총사업비 금액, 기준일, 자료명 또는 원문 URL이 회신에 들어 있을 때만 confirmed/partial decision 초안으로 승격한다.",triaged,unverified,6,data/urban/text/files/09-11000NTC201707068193-09-11000NTC201707068193-notice_file-서울특별시2017-239.txt; https://cleanup.seoul.go.kr/service/opendata/cafeOthbc/vscrCafe.do?cafeId=710900000108s28&othbcIemSn=202; data/cleanup/management-stage-html/9-710900000108s28-202.html; data/cleanup/files/jamsil-woosung4/prtnelapse-20260623.html,
upd-20260624-0002,9,잠실우성4차 주택재건축정비사업조합,2026-49,11000NTC202501230002,direct,Y,,S5-0054,9,잠실우성4차 주택재건축정비사업조합,총 세대수,confirmed,confirmed,svc-20260624-0288,Y,rank; project_name,,derived_from_existing_s1_s5_workbooks_and_review_logs,대표값은 사업개요 732세대를 유지하고 고시 916세대는 시점별 참고값으로 병기,analysis/management-stage-value-resolution.md; analysis/management-stage-fact-check.md; data/urban/text/files/09-11000NTC201707068193-09-11000NTC201707068193...,analysis/management-stage-value-resolution.md; analysis/management-stage-fact-check.md; analysis/stage-definition-conflict-resolution.md; project-notes/09-tw...,analysis/update-impact-ledger.md; 사업시행계획서/관리처분계획서/최신 변경고시로 수치 시점 확정; project-notes/09-tw2w7iwv.md; analysis/high-blocking-contact-channel-registry.md; analys...,project-notes/09-tw2w7iwv.md; analysis/research-hypothesis-ledger.md; analysis/project-comparison-matrix.md; analysis/reassessment-watchlist.md; analysis/res...,"관리처분 공사비·총사업비 금액, 기준일, 자료명 또는 원문 URL이 회신에 들어 있을 때만 confirmed/partial decision 초안으로 승격한다.",triaged,unverified,6,analysis/management-stage-value-resolution.md; analysis/management-stage-fact-check.md; data/urban/text/files/09-11000NTC201707068193-09-11000NTC201707068193-notice_file-서울특별시2017-239.txt; https://cleanup.seoul.go.kr/cafe/mastr-cleanup-bsnsSumry/execute.do?cafeId=710900000108s28&stepSeCode=102&div=sumry,
upd-20260624-0002,9,잠실우성4차 주택재건축정비사업조합,2026-49,11000NTC202501230002,direct,Y,,S5-0055,9,잠실우성4차 주택재건축정비사업조합,건폐율,confirmed,confirmed,svc-20260624-0170,Y,rank; project_name,,derived_from_existing_s1_s5_workbooks_and_review_logs,대표값은 사업개요 25%를 유지하고 2017 고시 30%는 시점별 참고값으로 병기,analysis/management-stage-value-resolution.md; analysis/management-stage-fact-check.md; data/urban/text/files/09-11000NTC201707068193-09-11000NTC201707068193...,analysis/management-stage-value-resolution.md; analysis/management-stage-fact-check.md; analysis/stage-definition-conflict-resolution.md; project-notes/09-tw...,analysis/update-impact-ledger.md; 사업시행계획서/관리처분계획서/최신 변경고시로 수치 시점 확정; project-notes/09-tw2w7iwv.md; analysis/high-blocking-contact-channel-registry.md; analys...,project-notes/09-tw2w7iwv.md; analysis/research-hypothesis-ledger.md; analysis/project-comparison-matrix.md; analysis/reassessment-watchlist.md; analysis/res...,"관리처분 공사비·총사업비 금액, 기준일, 자료명 또는 원문 URL이 회신에 들어 있을 때만 confirmed/partial decision 초안으로 승격한다.",triaged,unverified,6,analysis/management-stage-value-resolution.md; analysis/management-stage-fact-check.md; data/urban/text/files/09-11000NTC201707068193-09-11000NTC201707068193-notice_file-서울특별시2017-239.txt; https://cleanup.seoul.go.kr/cafe/mastr-cleanup-bsnsSumry/execute.do?cafeId=710900000108s28&stepSeCode=102&div=sumry,
upd-20260624-0002,9,잠실우성4차 주택재건축정비사업조합,2026-49,11000NTC202501230002,direct,Y,,S5-0056,9,잠실우성4차 주택재건축정비사업조합,정비구역 면적,confirmed,confirmed,svc-20260624-0171,Y,rank; project_name,,derived_from_existing_s1_s5_workbooks_and_review_logs,"대표값은 사업개요 31,961.1㎡를 유지하고 2017 고시 31,630.5㎡는 시점별 참고값으로 병기",analysis/management-stage-value-resolution.md; analysis/management-stage-fact-check.md; data/urban/text/files/09-11000NTC201707068193-09-11000NTC201707068193...,analysis/management-stage-value-resolution.md; analysis/management-stage-fact-check.md; analysis/stage-definition-conflict-resolution.md; project-notes/09-tw...,analysis/update-impact-ledger.md; 사업시행계획서/관리처분계획서/최신 변경고시로 수치 시점 확정; project-notes/09-tw2w7iwv.md; analysis/high-blocking-contact-channel-registry.md; analys...,project-notes/09-tw2w7iwv.md; analysis/research-hypothesis-ledger.md; analysis/project-comparison-matrix.md; analysis/reassessment-watchlist.md; analysis/res...,"관리처분 공사비·총사업비 금액, 기준일, 자료명 또는 원문 URL이 회신에 들어 있을 때만 confirmed/partial decision 초안으로 승격한다.",triaged,unverified,6,analysis/management-stage-value-resolution.md; analysis/management-stage-fact-check.md; data/urban/text/files/09-11000NTC201707068193-09-11000NTC201707068193-notice_file-서울특별시2017-239.txt; https://cleanup.seoul.go.kr/cafe/mastr-cleanup-bsnsSumry/execute.do?cafeId=710900000108s28&stepSeCode=102&div=sumry,
upd-20260624-0002,9,잠실우성4차 주택재건축정비사업조합,2026-49,11000NTC202501230002,direct,Y,,S5-0057,9,잠실우성4차 주택재건축정비사업조합,용적률,confirmed,confirmed,svc-20260624-0289,Y,rank; project_name,,derived_from_existing_s1_s5_workbooks_and_review_logs,confirmed 항목은 핵심 수치 장부/사업별 메모에 반영 여부를 점검,analysis/management-stage-value-resolution.md; analysis/management-stage-fact-check.md; data/urban/text/files/09-11000NTC201707068193-09-11000NTC201707068193...,analysis/management-stage-value-resolution.md; analysis/management-stage-fact-check.md; analysis/stage-definition-conflict-resolution.md; data/urban/text/fil...,analysis/update-impact-ledger.md; 사업시행계획서/관리처분계획서/최신 변경고시로 수치 시점 확정; project-notes/09-tw2w7iwv.md; analysis/high-blocking-contact-channel-registry.md; analys...,project-notes/09-tw2w7iwv.md; analysis/research-hypothesis-ledger.md; analysis/project-comparison-matrix.md; analysis/reassessment-watchlist.md; analysis/res...,"관리처분 공사비·총사업비 금액, 기준일, 자료명 또는 원문 URL이 회신에 들어 있을 때만 confirmed/partial decision 초안으로 승격한다.",triaged,unverified,6,analysis/management-stage-value-resolution.md; analysis/management-stage-fact-check.md; data/urban/text/files/09-11000NTC201707068193-09-11000NTC201707068193-notice_file-서울특별시2017-239.txt; https://cleanup.seoul.go.kr/cafe/mastr-cleanup-bsnsSumry/execute.do?cafeId=710900000108s28&stepSeCode=102&div=sumry,
upd-20260624-0002,9,잠실우성4차 주택재건축정비사업조합,2026-49,11000NTC202501230002,direct,Y,,S5-0058,9,잠실우성4차 주택재건축정비사업조합,관리처분인가일,confirmed,confirmed,svc-20260624-0173,Y,rank; project_name,,derived_from_existing_s1_s5_workbooks_and_review_logs,confirmed 항목은 핵심 수치 장부/사업별 메모에 반영 여부를 점검,analysis/management-stage-value-resolution.md; analysis/management-stage-fact-check.md; data/urban/text/files/09-11000NTC201707068193-09-11000NTC201707068193...,analysis/management-stage-value-resolution.md; analysis/management-stage-fact-check.md; data/urban/text/files/09-11000NTC201707068193-09-11000NTC201707068193...,analysis/update-impact-ledger.md; 사업시행계획서/관리처분계획서/최신 변경고시로 수치 시점 확정; project-notes/09-tw2w7iwv.md; analysis/high-blocking-contact-channel-registry.md; analys...,project-notes/09-tw2w7iwv.md; analysis/research-hypothesis-ledger.md; analysis/project-comparison-matrix.md; analysis/reassessment-watchlist.md; analysis/res...,"관리처분 공사비·총사업비 금액, 기준일, 자료명 또는 원문 URL이 회신에 들어 있을 때만 confirmed/partial decision 초안으로 승격한다.",triaged,unverified,5,analysis/management-stage-value-resolution.md; analysis/management-stage-fact-check.md; data/urban/text/files/09-11000NTC201707068193-09-11000NTC201707068193-notice_file-서울특별시2017-239.txt; https://cleanup.seoul.go.kr/service/opendata/cafeOthbc/vscrCafe.do?cafeId=710900000108s28&othbcIemSn=213,
upd-20260624-0002,9,잠실우성4차 주택재건축정비사업조합,2026-49,11000NTC202501230002,direct,Y,,S5-0059,9,잠실우성4차 주택재건축정비사업조합,사업시행인가일,confirmed,confirmed,svc-20260624-0174,Y,rank; project_name,,derived_from_existing_s1_s5_workbooks_and_review_logs,confirmed 항목은 핵심 수치 장부/사업별 메모에 반영 여부를 점검,analysis/management-stage-value-resolution.md; analysis/management-stage-fact-check.md; data/urban/text/files/09-11000NTC201707068193-09-11000NTC201707068193...,analysis/management-stage-value-resolution.md; analysis/management-stage-fact-check.md; data/urban/text/files/09-11000NTC201707068193-09-11000NTC201707068193...,analysis/update-impact-ledger.md; 사업시행계획서/관리처분계획서/최신 변경고시로 수치 시점 확정; project-notes/09-tw2w7iwv.md; analysis/high-blocking-contact-channel-registry.md; analys...,project-notes/09-tw2w7iwv.md; analysis/research-hypothesis-ledger.md; analysis/project-comparison-matrix.md; analysis/reassessment-watchlist.md; analysis/res...,"관리처분 공사비·총사업비 금액, 기준일, 자료명 또는 원문 URL이 회신에 들어 있을 때만 confirmed/partial decision 초안으로 승격한다.",triaged,unverified,5,analysis/management-stage-value-resolution.md; analysis/management-stage-fact-check.md; data/urban/text/files/09-11000NTC201707068193-09-11000NTC201707068193-notice_file-서울특별시2017-239.txt; https://cleanup.seoul.go.kr/service/opendata/cafeOthbc/vscrCafe.do?cafeId=710900000108s28&othbcIemSn=202,
upd-20260624-0002,9,잠실우성4차 주택재건축정비사업조합,2026-49,11000NTC202501230002,direct,Y,,S5-0060,9,잠실우성4차 주택재건축정비사업조합,층수,confirmed,confirmed,svc-20260624-0175,Y,rank; project_name,,derived_from_existing_s1_s5_workbooks_and_review_logs,confirmed 항목은 핵심 수치 장부/사업별 메모에 반영 여부를 점검,analysis/management-stage-value-resolution.md; analysis/management-stage-fact-check.md; data/urban/text/files/09-11000NTC201707068193-09-11000NTC201707068193...,analysis/management-stage-value-resolution.md; analysis/management-stage-fact-check.md; data/urban/text/files/09-11000NTC201707068193-09-11000NTC201707068193...,analysis/update-impact-ledger.md; 사업시행계획서/관리처분계획서/최신 변경고시로 수치 시점 확정; project-notes/09-tw2w7iwv.md; analysis/high-blocking-contact-channel-registry.md; analys...,project-notes/09-tw2w7iwv.md; analysis/research-hypothesis-ledger.md; analysis/project-comparison-matrix.md; analysis/reassessment-watchlist.md; analysis/res...,"관리처분 공사비·총사업비 금액, 기준일, 자료명 또는 원문 URL이 회신에 들어 있을 때만 confirmed/partial decision 초안으로 승격한다.",triaged,unverified,5,analysis/management-stage-value-resolution.md; analysis/management-stage-fact-check.md; data/urban/text/files/09-11000NTC201707068193-09-11000NTC201707068193-notice_file-서울특별시2017-239.txt; https://cleanup.seoul.go.kr/cafe/mastr-cleanup-bsnsSumry/execute.do?cafeId=710900000108s28&stepSeCode=102&div=sumry,
upd-20260624-0002,9,잠실우성4차 주택재건축정비사업조합,2026-49,11000NTC202501230002,direct,Y,,S5-0061,9,잠실우성4차 주택재건축정비사업조합,최고높이,confirmed,confirmed,svc-20260624-0176,Y,rank; project_name,,derived_from_existing_s1_s5_workbooks_and_review_logs,대표값은 사업개요 100m를 유지하고 2017 고시 101m 이하는 시점별 참고값으로 병기,data/urban/text/files/09-11000NTC201707068193-09-11000NTC201707068193-notice_file-서울특별시2017-239.txt,data/urban/text/files/09-11000NTC201707068193-09-11000NTC201707068193-notice_file-서울특별시2017-239.txt; https://cleanup.seoul.go.kr/cafe/mastr-cleanup-bsnsSumry...,analysis/update-impact-ledger.md; 사업시행계획서/관리처분계획서/최신 변경고시로 수치 시점 확정; project-notes/09-tw2w7iwv.md; analysis/high-blocking-contact-channel-registry.md; analys...,project-notes/09-tw2w7iwv.md; analysis/research-hypothesis-ledger.md; analysis/project-comparison-matrix.md; analysis/reassessment-watchlist.md; analysis/res...,"관리처분 공사비·총사업비 금액, 기준일, 자료명 또는 원문 URL이 회신에 들어 있을 때만 confirmed/partial decision 초안으로 승격한다.",triaged,unverified,3,data/urban/text/files/09-11000NTC201707068193-09-11000NTC201707068193-notice_file-서울특별시2017-239.txt; https://cleanup.seoul.go.kr/cafe/mastr-cleanup-bsnsSumry/execute.do?cafeId=710900000108s28&stepSeCode=102&div=sumry; project-notes/09-tw2w7iwv.md,
upd-20260624-0002,9,잠실우성4차 주택재건축정비사업조합,2026-49,11000NTC202501230002,direct,Y,,S5-0062,9,잠실우성4차 주택재건축정비사업조합,고시일,confirmed,confirmed,svc-20260624-0177,Y,rank; project_name,,derived_from_existing_s1_s5_workbooks_and_review_logs,"confirmed 고시일은 비교표 현재값으로 유지하고, 원문 본문 날짜 줄 재추출은 필요 시만 수행",data/urban/text/files/09-11000NTC201707068193-09-11000NTC201707068193-notice_file-서울특별시2017-239.txt,data/urban/text/notice-text-manifest.csv; data/urban/text/files/09-11000NTC201707068193-09-11000NTC201707068193-notice_file-서울특별시2017-239.txt; analysis/s5-ja...,analysis/update-impact-ledger.md; 사업시행계획서/관리처분계획서/최신 변경고시로 수치 시점 확정; project-notes/09-tw2w7iwv.md; analysis/high-blocking-contact-channel-registry.md; analys...,project-notes/09-tw2w7iwv.md; analysis/research-hypothesis-ledger.md; analysis/project-comparison-matrix.md; analysis/reassessment-watchlist.md; analysis/res...,"관리처분 공사비·총사업비 금액, 기준일, 자료명 또는 원문 URL이 회신에 들어 있을 때만 confirmed/partial decision 초안으로 승격한다.",triaged,unverified,4,data/urban/text/files/09-11000NTC201707068193-09-11000NTC201707068193-notice_file-서울특별시2017-239.txt; data/urban/text/notice-text-manifest.csv; analysis/s5-jamsil-woosung4-core-value-resolution.md; project-notes/09-tw2w7iwv.md,
upd-20260624-0002,9,잠실우성4차 주택재건축정비사업조합,2026-49,11000NTC202501230002,direct,Y,,S5-0063,9,잠실우성4차 주택재건축정비사업조합,고시번호,confirmed,confirmed,svc-20260624-0178,Y,rank; project_name,,derived_from_existing_s1_s5_workbooks_and_review_logs,"confirmed 고시번호는 비교표 현재값으로 유지하고, 서울도시공간포털 noticeCode와 함께 사업별 메모에 연결 상태를 유지",data/urban/text/files/09-11000NTC201707068193-09-11000NTC201707068193-notice_file-서울특별시2017-239.txt,data/urban/text/files/09-11000NTC201707068193-09-11000NTC201707068193-notice_file-서울특별시2017-239.txt; analysis/s5-jamsil-woosung4-core-value-resolution.md; pr...,analysis/update-impact-ledger.md; 사업시행계획서/관리처분계획서/최신 변경고시로 수치 시점 확정; project-notes/09-tw2w7iwv.md; analysis/high-blocking-contact-channel-registry.md; analys...,project-notes/09-tw2w7iwv.md; analysis/research-hypothesis-ledger.md; analysis/project-comparison-matrix.md; analysis/reassessment-watchlist.md; analysis/res...,"관리처분 공사비·총사업비 금액, 기준일, 자료명 또는 원문 URL이 회신에 들어 있을 때만 confirmed/partial decision 초안으로 승격한다.",triaged,unverified,3,data/urban/text/files/09-11000NTC201707068193-09-11000NTC201707068193-notice_file-서울특별시2017-239.txt; analysis/s5-jamsil-woosung4-core-value-resolution.md; project-notes/09-tw2w7iwv.md,
upd-20260624-0101,,천호3구역,2025-194,11740NTC202511180006,direct+evidence,Y,Y,SX-0001,,천호3구역,고시일,confirmed,confirmed,svc-20260624-0276,Y,project_name; notice_code; notice_no; path; official_url,,expansion_direct_notice_metadata_confirmed_from_notice_text_and_archive_url,확정 고시일을 expansion intake와 강동권 단계 보드에서 유지,data/urban/text/files/exp-short-gd-cheonho3-11740NTC202511180006-exp-short-gd-cheonho3-11740NTC202511180006-notice_file-강동구_제2025-194호_고시.txt,data/urban/text/files/exp-short-gd-cheonho3-11740NTC202511180006-exp-short-gd-cheonho3-11740NTC202511180006-notice_file-강동구_제2025-194호_고시.txt; https://urban....,,,,applied,verified_original,4,data/urban/text/files/exp-short-gd-cheonho3-11740NTC202511180006-exp-short-gd-cheonho3-11740NTC202511180006-notice_file-강동구_제2025-194호_고시.txt; https://urban.seoul.go.kr/UpisArchive/DATA/PM/pdf/11740NTC202511180006/%EA%B0%95%EB%8F%99%EA%B5%AC_%EC%A0%9C2025-194%ED%98%B8_%EA%B3%A0%EC%8B%9C.pdf; https://urban.seoul.go.kr/...; https://urban.seoul.go.kr/view/ntfc/mapForm.pop?noticeCode=11740NTC202511180006,
upd-20260624-0101,,천호3구역,2025-194,11740NTC202511180006,direct+evidence,Y,Y,SX-0002,,천호3구역,고시번호,confirmed,confirmed,svc-20260624-0277,Y,project_name; notice_code; notice_no; path; official_url,,expansion_direct_notice_title_confirmed_from_notice_text_and_archive_url,확정 고시번호를 expansion intake와 강동권 단계 보드에서 유지,data/urban/text/files/exp-short-gd-cheonho3-11740NTC202511180006-exp-short-gd-cheonho3-11740NTC202511180006-notice_file-강동구_제2025-194호_고시.txt,data/urban/text/files/exp-short-gd-cheonho3-11740NTC202511180006-exp-short-gd-cheonho3-11740NTC202511180006-notice_file-강동구_제2025-194호_고시.txt; https://urban....,,,,applied,verified_original,4,data/urban/text/files/exp-short-gd-cheonho3-11740NTC202511180006-exp-short-gd-cheonho3-11740NTC202511180006-notice_file-강동구_제2025-194호_고시.txt; https://urban.seoul.go.kr/UpisArchive/DATA/PM/pdf/11740NTC202511180006/%EA%B0%95%EB%8F%99%EA%B5%AC_%EC%A0%9C2025-194%ED%98%B8_%EA%B3%A0%EC%8B%9C.pdf; https://urban.seoul.go.kr/...; https://urban.seoul.go.kr/view/ntfc/mapForm.pop?noticeCode=11740NTC202511180006,
upd-20260624-0102,,성내미주아파트 주택재건축정비사업,2016-123,11000NTC201608247852,direct+evidence,Y,Y,SX-0003,,성내미주아파트 주택재건축정비사업,고시일,confirmed,confirmed,svc-20260624-0278,Y,project_name; notice_code; notice_no; path; official_url,,expansion_direct_notice_metadata_confirmed_from_notice_text_and_archive_url,확정 고시일을 expansion intake와 강동권 단계 보드에서 유지,data/urban/text/files/exp-short-gd-seongnaemiju-11000NTC201608247852-exp-short-gd-seongnaemiju-11000NTC201608247852-notice_file-강동구2016-123.txt,data/urban/text/files/exp-short-gd-seongnaemiju-11000NTC201608247852-exp-short-gd-seongnaemiju-11000NTC201608247852-notice_file-강동구2016-123.txt; https://urba...,,,,applied,verified_original,3,data/urban/text/files/exp-short-gd-seongnaemiju-11000NTC201608247852-exp-short-gd-seongnaemiju-11000NTC201608247852-notice_file-강동구2016-123.txt; https://urban.seoul.go.kr/UpisArchive/DATA/PM/pdf/%EA%B0%95%EB%8F%99%EA%B5%AC2016-123.PDF; https://urban.seoul.go.kr/view/ntfc/mapForm.pop?noticeCode=11000NTC201608247852,
upd-20260624-0102,,성내미주아파트 주택재건축정비사업,2016-123,11000NTC201608247852,direct+evidence,Y,Y,SX-0004,,성내미주아파트 주택재건축정비사업,고시번호,confirmed,confirmed,svc-20260624-0279,Y,project_name; notice_code; notice_no; path; official_url,,expansion_direct_notice_title_confirmed_from_notice_text_and_archive_url,확정 고시번호를 expansion intake와 강동권 단계 보드에서 유지,data/urban/text/files/exp-short-gd-seongnaemiju-11000NTC201608247852-exp-short-gd-seongnaemiju-11000NTC201608247852-notice_file-강동구2016-123.txt,data/urban/text/files/exp-short-gd-seongnaemiju-11000NTC201608247852-exp-short-gd-seongnaemiju-11000NTC201608247852-notice_file-강동구2016-123.txt; https://urba...,,,,applied,verified_original,3,data/urban/text/files/exp-short-gd-seongnaemiju-11000NTC201608247852-exp-short-gd-seongnaemiju-11000NTC201608247852-notice_file-강동구2016-123.txt; https://urban.seoul.go.kr/UpisArchive/DATA/PM/pdf/%EA%B0%95%EB%8F%99%EA%B5%AC2016-123.PDF; https://urban.seoul.go.kr/view/ntfc/mapForm.pop?noticeCode=11000NTC201608247852,
upd-20260624-0103,,신동아1·2차아파트 주택재건축 정비사업,2025-48,11740NTC202504220008,direct+evidence,Y,Y,SX-0005,,신동아1·2차아파트 주택재건축 정비사업,고시일,confirmed,confirmed,svc-20260624-0280,Y,project_name; notice_code; notice_no; path; official_url,,expansion_direct_notice_metadata_confirmed_from_notice_text_and_archive_url,확정 고시일을 expansion intake와 강동권 단계 보드에서 유지,data/urban/text/files/exp-short-gd-sindonga12-11740NTC202504220008-exp-short-gd-sindonga12-11740NTC202504220008-notice_file-강동구_제2025-48호_고시.txt,data/urban/text/files/exp-short-gd-sindonga12-11740NTC202504220008-exp-short-gd-sindonga12-11740NTC202504220008-notice_file-강동구_제2025-48호_고시.txt; https://urb...,,,,applied,verified_original,4,data/urban/text/files/exp-short-gd-sindonga12-11740NTC202504220008-exp-short-gd-sindonga12-11740NTC202504220008-notice_file-강동구_제2025-48호_고시.txt; https://urban.seoul.go.kr/UpisArchive/DATA/PM/pdf/11740NTC202504220008/%EA%B0%95%EB%8F%99%EA%B5%AC_%EC%A0%9C2025-48%ED%98%B8_%EA%B3%A0%EC%8B%9C.pdf; https://urban.seoul.go.k...; https://urban.seoul.go.kr/view/ntfc/mapForm.pop?noticeCode=11740NTC202504220008,
upd-20260624-0103,,신동아1·2차아파트 주택재건축 정비사업,2025-48,11740NTC202504220008,direct+evidence,Y,Y,SX-0006,,신동아1·2차아파트 주택재건축 정비사업,고시번호,confirmed,confirmed,svc-20260624-0281,Y,project_name; notice_code; notice_no; path; official_url,,expansion_direct_notice_title_confirmed_from_notice_text_and_archive_url,확정 고시번호를 expansion intake와 강동권 단계 보드에서 유지,data/urban/text/files/exp-short-gd-sindonga12-11740NTC202504220008-exp-short-gd-sindonga12-11740NTC202504220008-notice_file-강동구_제2025-48호_고시.txt,data/urban/text/files/exp-short-gd-sindonga12-11740NTC202504220008-exp-short-gd-sindonga12-11740NTC202504220008-notice_file-강동구_제2025-48호_고시.txt; https://urb...,,,,applied,verified_original,4,data/urban/text/files/exp-short-gd-sindonga12-11740NTC202504220008-exp-short-gd-sindonga12-11740NTC202504220008-notice_file-강동구_제2025-48호_고시.txt; https://urban.seoul.go.kr/UpisArchive/DATA/PM/pdf/11740NTC202504220008/%EA%B0%95%EB%8F%99%EA%B5%AC_%EC%A0%9C2025-48%ED%98%B8_%EA%B3%A0%EC%8B%9C.pdf; https://urban.seoul.go.k...; https://urban.seoul.go.kr/view/ntfc/mapForm.pop?noticeCode=11740NTC202504220008,
upd-20260624-0104,,신당 제8구역 주택재개발정비사업,2023-6,11140NTC202302130001,direct+evidence,Y,Y,SX-0007,,신당 제8구역 주택재개발정비사업,고시일,confirmed,confirmed,svc-20260624-0282,Y,project_name; notice_code; notice_no; path; official_url,,expansion_adjacent_notice_metadata_confirmed_from_notice_text_and_archive_url,확정 고시일을 expansion intake와 약수권 보드에서 유지,data/urban/text/files/exp-short-ys-sindang8-11140NTC202302130001-exp-short-ys-sindang8-11140NTC202302130001-notice_file-중구_2023-6호_고시.txt,data/urban/text/files/exp-short-ys-sindang8-11140NTC202302130001-exp-short-ys-sindang8-11140NTC202302130001-notice_file-중구_2023-6호_고시.txt; https://urban.seou...,,,,applied,verified_original,4,data/urban/text/files/exp-short-ys-sindang8-11140NTC202302130001-exp-short-ys-sindang8-11140NTC202302130001-notice_file-중구_2023-6호_고시.txt; https://urban.seoul.go.kr/UpisArchive/DATA/PM/pdf/11140NTC202302130001/%EC%A4%91%EA%B5%AC_2023-6%ED%98%B8_%EA%B3%A0%EC%8B%9C.pdf; https://urban.seoul.go.kr/view/ntfc/mapForm.pop?no...; https://urban.seoul.go.kr/view/ntfc/mapForm.pop?noticeCode=11140NTC202302130001,
upd-20260624-0104,,신당 제8구역 주택재개발정비사업,2023-6,11140NTC202302130001,direct+evidence,Y,Y,SX-0008,,신당 제8구역 주택재개발정비사업,고시번호,confirmed,confirmed,svc-20260624-0283,Y,project_name; notice_code; notice_no; path; official_url,,expansion_adjacent_notice_title_confirmed_from_notice_text_and_archive_url,확정 고시번호를 expansion intake와 약수권 보드에서 유지,data/urban/text/files/exp-short-ys-sindang8-11140NTC202302130001-exp-short-ys-sindang8-11140NTC202302130001-notice_file-중구_2023-6호_고시.txt,data/urban/text/files/exp-short-ys-sindang8-11140NTC202302130001-exp-short-ys-sindang8-11140NTC202302130001-notice_file-중구_2023-6호_고시.txt; https://urban.seou...,,,,applied,verified_original,4,data/urban/text/files/exp-short-ys-sindang8-11140NTC202302130001-exp-short-ys-sindang8-11140NTC202302130001-notice_file-중구_2023-6호_고시.txt; https://urban.seoul.go.kr/UpisArchive/DATA/PM/pdf/11140NTC202302130001/%EC%A4%91%EA%B5%AC_2023-6%ED%98%B8_%EA%B3%A0%EC%8B%9C.pdf; https://urban.seoul.go.kr/view/ntfc/mapForm.pop?no...; https://urban.seoul.go.kr/view/ntfc/mapForm.pop?noticeCode=11140NTC202302130001,
upd-20260624-0105,,신당 제9주택재개발정비구역,2021-102,11140NTC202109170002,direct+evidence,Y,Y,SX-0009,,신당 제9주택재개발정비구역,고시일,confirmed,confirmed,svc-20260624-0284,Y,project_name; notice_code; notice_no; path; official_url,,expansion_adjacent_notice_metadata_confirmed_from_notice_text_and_mapform,확정 고시일을 expansion intake와 약수권 보드에서 유지,data/urban/text/files/exp-short-ys-sindang9-11140NTC202109170002-exp-short-ys-sindang9-11140NTC202109170002-notice_file-중구_2021-102호_고시.txt,data/urban/text/files/exp-short-ys-sindang9-11140NTC202109170002-exp-short-ys-sindang9-11140NTC202109170002-notice_file-중구_2021-102호_고시.txt; https://urban.se...,,,,applied,verified_original,2,data/urban/text/files/exp-short-ys-sindang9-11140NTC202109170002-exp-short-ys-sindang9-11140NTC202109170002-notice_file-중구_2021-102호_고시.txt; https://urban.seoul.go.kr/view/ntfc/mapForm.pop?noticeCode=11140NTC202109170002,
upd-20260624-0105,,신당 제9주택재개발정비구역,2021-102,11140NTC202109170002,direct+evidence,Y,Y,SX-0010,,신당 제9주택재개발정비구역,고시번호,confirmed,confirmed,svc-20260624-0285,Y,project_name; notice_code; notice_no; path; official_url,,expansion_adjacent_notice_title_confirmed_from_notice_text_and_mapform,확정 고시번호를 expansion intake와 약수권 보드에서 유지,data/urban/text/files/exp-short-ys-sindang9-11140NTC202109170002-exp-short-ys-sindang9-11140NTC202109170002-notice_file-중구_2021-102호_고시.txt,data/urban/text/files/exp-short-ys-sindang9-11140NTC202109170002-exp-short-ys-sindang9-11140NTC202109170002-notice_file-중구_2021-102호_고시.txt; https://urban.se...,,,,applied,verified_original,2,data/urban/text/files/exp-short-ys-sindang9-11140NTC202109170002-exp-short-ys-sindang9-11140NTC202109170002-notice_file-중구_2021-102호_고시.txt; https://urban.seoul.go.kr/view/ntfc/mapForm.pop?noticeCode=11140NTC202109170002,
upd-20260624-0106,,금호 제14-1 주택재개발 정비사업,2023-13,11200NTC202302270005,direct+evidence,Y,Y,SX-0011,,금호 제14-1 주택재개발 정비사업,고시일,confirmed,confirmed,svc-20260624-0286,Y,project_name; notice_code; notice_no; path; official_url,,expansion_adjacent_notice_metadata_confirmed_from_notice_text_and_archive_url,확정 고시일을 expansion intake와 약수권 보드에서 유지,data/urban/text/files/exp-short-ys-geumho14-1-11200NTC202302270005-exp-short-ys-geumho14-1-11200NTC202302270005-notice_file-성동구_2023-13호_고시.txt,data/urban/text/files/exp-short-ys-geumho14-1-11200NTC202302270005-exp-short-ys-geumho14-1-11200NTC202302270005-notice_file-성동구_2023-13호_고시.txt; https://urba...,,,,applied,verified_original,4,data/urban/text/files/exp-short-ys-geumho14-1-11200NTC202302270005-exp-short-ys-geumho14-1-11200NTC202302270005-notice_file-성동구_2023-13호_고시.txt; https://urban.seoul.go.kr/UpisArchive/DATA/PM/pdf/11200NTC202302270005/%EC%84%B1%EB%8F%99%EA%B5%AC_2023-13%ED%98%B8_%EA%B3%A0%EC%8B%9C.pdf; https://urban.seoul.go.kr/view/ntf...; https://urban.seoul.go.kr/view/ntfc/mapForm.pop?noticeCode=11200NTC202302270005,
upd-20260624-0106,,금호 제14-1 주택재개발 정비사업,2023-13,11200NTC202302270005,direct+evidence,Y,Y,SX-0012,,금호 제14-1 주택재개발 정비사업,고시번호,confirmed,confirmed,svc-20260624-0287,Y,project_name; notice_code; notice_no; path; official_url,,expansion_adjacent_notice_title_confirmed_from_notice_text_and_archive_url,확정 고시번호를 expansion intake와 약수권 보드에서 유지,data/urban/text/files/exp-short-ys-geumho14-1-11200NTC202302270005-exp-short-ys-geumho14-1-11200NTC202302270005-notice_file-성동구_2023-13호_고시.txt,data/urban/text/files/exp-short-ys-geumho14-1-11200NTC202302270005-exp-short-ys-geumho14-1-11200NTC202302270005-notice_file-성동구_2023-13호_고시.txt; https://urba...,,,,applied,verified_original,4,data/urban/text/files/exp-short-ys-geumho14-1-11200NTC202302270005-exp-short-ys-geumho14-1-11200NTC202302270005-notice_file-성동구_2023-13호_고시.txt; https://urban.seoul.go.kr/UpisArchive/DATA/PM/pdf/11200NTC202302270005/%EC%84%B1%EB%8F%99%EA%B5%AC_2023-13%ED%98%B8_%EA%B3%A0%EC%8B%9C.pdf; https://urban.seoul.go.kr/view/ntf...; https://urban.seoul.go.kr/view/ntfc/mapForm.pop?noticeCode=11200NTC202302270005,
