rank,focus_area,district,project_name,current_stage,risk_signal_level,evidence_grade,field_id,field_label,current_value,verification_status,related_task_priority,interpretation_class,blocking_level,use_rule,trigger,has_source_to_open,source_to_open,next_value_action,related_deferred_closures,deferred_reasons,deferred_followups,project_note
20,잠실/송파,송파구,마천1재정비촉진구역 주택재개발정비사업조합,조합설립인가,very_high,B,total_households,총 세대수,"3,113",ocr_review_required,P0,ocr_or_precision_review,medium,OCR·이미지 판독값은 원문 이미지 판독 로그와 함께만 보정 후보로 사용한다. 자동으로 비교표를 덮어쓰지 않는다.,"원문 이미지 수동 판독, 재OCR, 2차 원문 확인",Y,analysis/ocr-source-review-triage.md; data/urban/text/ocr/images/20-11000NTC197312011134-20-11000NTC197312011134-notice_file-건설부470/page-1.png; data/urban/text/files/20-11000NTC202606080004-20-11000NTC202606080004-notice_file-서울특별시_제2026-298호_고시문.txt,OCR 매칭 실패. 원문 이미지를 직접 확대 확인하거나 재OCR/원본 PDF 재처리,,,,project-notes/20-macheon-1.md
16,잠실/송파,송파구,가락1차현대아파트 재건축정비사업 조합,사업시행인가,very_high,B,floor_area_ratio_pct,용적률,299,ocr_source_value_update_required,P0,ocr_or_precision_review,medium,OCR·이미지 판독값은 원문 이미지 판독 로그와 함께만 보정 후보로 사용한다. 자동으로 비교표를 덮어쓰지 않는다.,"원문 이미지 수동 판독, 재OCR, 2차 원문 확인",Y,analysis/ocr-image-review-decisions.md; data/urban/text/files/16-11000NTC202105100001-16-11000NTC202105100001-notice_file-송파구_2021-88호_고시.txt,floor_area_ratio_pct_official은 299.20으로 정밀도 보정하거나 정비계획 234.09%와 법적상한 299.20%를 별도 필드로 분리,,,,project-notes/16-hyundai.md
16,잠실/송파,송파구,가락1차현대아파트 재건축정비사업 조합,사업시행인가,very_high,B,max_height_m,최고높이,104,ocr_source_value_update_required,P0,ocr_or_precision_review,medium,OCR·이미지 판독값은 원문 이미지 판독 로그와 함께만 보정 후보로 사용한다. 자동으로 비교표를 덮어쓰지 않는다.,"원문 이미지 수동 판독, 재OCR, 2차 원문 확인",Y,analysis/ocr-image-review-decisions.md; data/urban/text/files/16-11000NTC202105100001-16-11000NTC202105100001-notice_file-송파구_2021-88호_고시.txt,max_height_m_official은 104.5로 정밀도 보정하거나 별도 source_value_precise에 104.5m 이하를 기록,,,,project-notes/16-hyundai.md
16,잠실/송파,송파구,가락1차현대아파트 재건축정비사업 조합,사업시행인가,very_high,B,building_coverage_ratio_pct,건폐율,24,ocr_partial_confirmation_pending,P0,ocr_or_precision_review,medium,OCR·이미지 판독값은 원문 이미지 판독 로그와 함께만 보정 후보로 사용한다. 자동으로 비교표를 덮어쓰지 않는다.,"원문 이미지 수동 판독, 재OCR, 2차 원문 확인",Y,analysis/ocr-image-review-decisions.md; data/urban/text/files/16-11000NTC202105100001-16-11000NTC202105100001-notice_file-송파구_2021-88호_고시.txt,building_coverage_ratio_pct_official 24는 바로 확정하지 말고 계획상 건폐율 50% 이하와 사업개요/인가 기준 건폐율을 분리 확인,,,,project-notes/16-hyundai.md
16,잠실/송파,송파구,가락1차현대아파트 재건축정비사업 조합,사업시행인가,very_high,B,floors,층수,지상:21/지하:미확인,ocr_partial_confirmation_pending,P0,ocr_or_precision_review,medium,OCR·이미지 판독값은 원문 이미지 판독 로그와 함께만 보정 후보로 사용한다. 자동으로 비교표를 덮어쓰지 않는다.,"원문 이미지 수동 판독, 재OCR, 2차 원문 확인",Y,analysis/ocr-image-review-decisions.md; data/urban/text/files/16-11000NTC202105100001-16-11000NTC202105100001-notice_file-송파구_2021-88호_고시.txt,floors_official은 지상 최고22층 확인으로 표시하고 지하층은 사업시행계획서 또는 다른 원문에서 2차 확인,,,,project-notes/16-hyundai.md
16,잠실/송파,송파구,가락1차현대아파트 재건축정비사업 조합,사업시행인가,very_high,B,total_households,총 세대수,842,source_value_fill_missing_required,P0,ocr_or_precision_review,medium,OCR·이미지 판독값은 원문 이미지 판독 로그와 함께만 보정 후보로 사용한다. 자동으로 비교표를 덮어쓰지 않는다.,"원문 이미지 수동 판독, 재OCR, 2차 원문 확인",Y,analysis/ocr-image-review-decisions.md; data/urban/text/files/16-11000NTC202105100001-16-11000NTC202105100001-notice_file-송파구_2021-88호_고시.txt,total_households_official 공란 보강 후보로 942세대를 기록하고 사업시행인가 또는 정보몽땅 사업개요와 2차 대조,,,,project-notes/16-hyundai.md
7,강남,강남구,대치쌍용2차아파트 주택재건축정비사업조합,사업시행인가,high,B,floor_area_ratio_pct,용적률,299,ocr_source_value_update_required,P1,ocr_or_precision_review,low,OCR·이미지 판독값은 원문 이미지 판독 로그와 함께만 보정 후보로 사용한다. 자동으로 비교표를 덮어쓰지 않는다.,"원문 이미지 수동 판독, 재OCR, 2차 원문 확인",Y,analysis/ocr-image-review-decisions.md; data/urban/text/files/07-11000NTC201707138200-07-11000NTC201707138200-notice_file-강남구2017-99.txt,floor_area_ratio_pct_official은 법적상한 299.82% 이하로 정밀도 보정하거나 기준용적률 250.0%와 병기,,,,project-notes/07-ssang2.md
19,잠실/송파,송파구,대림가락아파트 재건축정비사업조합,조합설립인가,high,B,floor_area_ratio_pct,용적률,300,ocr_source_value_update_required,P1,ocr_or_precision_review,low,OCR·이미지 판독값은 원문 이미지 판독 로그와 함께만 보정 후보로 사용한다. 자동으로 비교표를 덮어쓰지 않는다.,"원문 이미지 수동 판독, 재OCR, 2차 원문 확인",Y,analysis/ocr-image-review-decisions.md; data/urban/text/files/19-11000NTC202111260001-19-11000NTC202111260001-notice_file-서울특별시_2021-551호_고시.txt,floor_area_ratio_pct_official은 법적상한 299.98% 이하로 정밀도 보정하거나 정비계획 234.36%와 법적상한을 별도 필드로 분리,,,,project-notes/19-daelim.md
7,강남,강남구,대치쌍용2차아파트 주택재건축정비사업조합,사업시행인가,high,B,building_coverage_ratio_pct,건폐율,21,ocr_partial_confirmation_pending,P1,ocr_or_precision_review,low,OCR·이미지 판독값은 원문 이미지 판독 로그와 함께만 보정 후보로 사용한다. 자동으로 비교표를 덮어쓰지 않는다.,"원문 이미지 수동 판독, 재OCR, 2차 원문 확인",Y,analysis/ocr-image-review-decisions.md; data/urban/text/files/07-11000NTC201707138200-07-11000NTC201707138200-notice_file-강남구2017-99.txt,"building_coverage_ratio_pct 21은 실제 건축계획 또는 사업시행계획 원문에서 2차 확인하고, 정비계획 허용 건폐율 30% 이하와 병기",,,,project-notes/07-ssang2.md
7,강남,강남구,대치쌍용2차아파트 주택재건축정비사업조합,사업시행인가,high,B,floors,층수,지상:35/지하:3,ocr_partial_confirmation_pending,P1,ocr_or_precision_review,low,OCR·이미지 판독값은 원문 이미지 판독 로그와 함께만 보정 후보로 사용한다. 자동으로 비교표를 덮어쓰지 않는다.,"원문 이미지 수동 판독, 재OCR, 2차 원문 확인",Y,analysis/ocr-image-review-decisions.md; data/urban/text/files/07-11000NTC201707138200-07-11000NTC201707138200-notice_file-강남구2017-99.txt,floors_official은 지상 최고35층 확인으로 표시하고 지하3층은 사업시행계획서 또는 다른 원문에서 2차 확인,,,,project-notes/07-ssang2.md
7,강남,강남구,대치쌍용2차아파트 주택재건축정비사업조합,사업시행인가,high,B,max_height_m,최고높이,111,ocr_partial_confirmation_pending,P1,ocr_or_precision_review,low,OCR·이미지 판독값은 원문 이미지 판독 로그와 함께만 보정 후보로 사용한다. 자동으로 비교표를 덮어쓰지 않는다.,"원문 이미지 수동 판독, 재OCR, 2차 원문 확인",Y,analysis/ocr-image-review-decisions.md; data/urban/text/files/07-11000NTC201707138200-07-11000NTC201707138200-notice_file-강남구2017-99.txt,"max_height_m 111은 별도 건축심의/사업시행계획 원문에서 2차 확인하고, 2017 정비계획 원문값 110m 이하와 병기",,,,project-notes/07-ssang2.md
7,강남,강남구,대치쌍용2차아파트 주택재건축정비사업조합,사업시행인가,high,B,total_households,총 세대수,490,ocr_partial_confirmation_pending,P1,ocr_or_precision_review,low,OCR·이미지 판독값은 원문 이미지 판독 로그와 함께만 보정 후보로 사용한다. 자동으로 비교표를 덮어쓰지 않는다.,"원문 이미지 수동 판독, 재OCR, 2차 원문 확인",Y,analysis/ocr-image-review-decisions.md; data/urban/text/files/07-11000NTC201707138200-07-11000NTC201707138200-notice_file-강남구2017-99.txt,"total_households 490은 이후 사업시행계획/분양승인 등 다른 원문에서 2차 확인하고, 2017 정비계획 원문값 560세대와 병기",,,,project-notes/07-ssang2.md
17,잠실/송파,송파구,송파한양2차아파트 재건축정비사업 조합,조합설립인가,high,B,building_coverage_ratio_pct,건폐율,30,ocr_partial_confirmation_pending,P1,ocr_or_precision_review,low,OCR·이미지 판독값은 원문 이미지 판독 로그와 함께만 보정 후보로 사용한다. 자동으로 비교표를 덮어쓰지 않는다.,"원문 이미지 수동 판독, 재OCR, 2차 원문 확인",Y,analysis/ocr-image-review-decisions.md; data/urban/text/files/17-11000NTC202506170006-17-11000NTC202506170006-business-notice_file-서울특별시_제2025-239호_고시.txt,building_coverage_ratio_pct 30%는 사업시행계획 또는 별도 정비계획 원문에서 2차 확인,,,,project-notes/17-songpa2.md
17,잠실/송파,송파구,송파한양2차아파트 재건축정비사업 조합,조합설립인가,high,B,floors,층수,지상:29/지하:미확인,ocr_partial_confirmation_pending,P1,ocr_or_precision_review,low,OCR·이미지 판독값은 원문 이미지 판독 로그와 함께만 보정 후보로 사용한다. 자동으로 비교표를 덮어쓰지 않는다.,"원문 이미지 수동 판독, 재OCR, 2차 원문 확인",Y,analysis/ocr-image-review-decisions.md; data/urban/text/files/17-11000NTC202506170006-17-11000NTC202506170006-business-notice_file-서울특별시_제2025-239호_고시.txt,floors_official은 지상 최고29층 확인으로 표시하고 지하층은 사업시행계획서 또는 후속 인가 원문에서 2차 확인,,,,project-notes/17-songpa2.md
19,잠실/송파,송파구,대림가락아파트 재건축정비사업조합,조합설립인가,high,B,building_coverage_ratio_pct,건폐율,21,ocr_partial_confirmation_pending,P1,ocr_or_precision_review,low,OCR·이미지 판독값은 원문 이미지 판독 로그와 함께만 보정 후보로 사용한다. 자동으로 비교표를 덮어쓰지 않는다.,"원문 이미지 수동 판독, 재OCR, 2차 원문 확인",Y,analysis/ocr-image-review-decisions.md; data/urban/text/files/19-11000NTC202111260001-19-11000NTC202111260001-notice_file-서울특별시_2021-551호_고시.txt,"building_coverage_ratio_pct 21은 실제 건축계획 또는 사업시행계획 원문에서 2차 확인하고, 정비계획 허용 건폐율 50% 이하와 병기",,,,project-notes/19-daelim.md
19,잠실/송파,송파구,대림가락아파트 재건축정비사업조합,조합설립인가,high,B,district_area_sqm,정비구역 면적,"34,284.1",ocr_partial_confirmation_pending,P1,ocr_or_precision_review,low,OCR·이미지 판독값은 원문 이미지 판독 로그와 함께만 보정 후보로 사용한다. 자동으로 비교표를 덮어쓰지 않는다.,"원문 이미지 수동 판독, 재OCR, 2차 원문 확인",Y,analysis/ocr-image-review-decisions.md; data/urban/text/files/19-11000NTC202111260001-19-11000NTC202111260001-notice_file-서울특별시_2021-551호_고시.txt,"district_area_sqm 34,284.1은 별도 사업개요 또는 후속 인가 원문에서 2차 확인하고, 2021 정비계획 원문값과 분리",,,,project-notes/19-daelim.md
19,잠실/송파,송파구,대림가락아파트 재건축정비사업조합,조합설립인가,high,B,floors,층수,지상:35/지하:2,ocr_partial_confirmation_pending,P1,ocr_or_precision_review,low,OCR·이미지 판독값은 원문 이미지 판독 로그와 함께만 보정 후보로 사용한다. 자동으로 비교표를 덮어쓰지 않는다.,"원문 이미지 수동 판독, 재OCR, 2차 원문 확인",Y,analysis/ocr-image-review-decisions.md; data/urban/text/files/19-11000NTC202111260001-19-11000NTC202111260001-notice_file-서울특별시_2021-551호_고시.txt,floors_official은 지상 최고35층 확인으로 표시하고 지하2층은 사업시행계획서 또는 건축심의 원문에서 2차 확인,,,,project-notes/19-daelim.md
19,잠실/송파,송파구,대림가락아파트 재건축정비사업조합,조합설립인가,high,B,total_households,총 세대수,786,ocr_partial_confirmation_pending,P1,ocr_or_precision_review,low,OCR·이미지 판독값은 원문 이미지 판독 로그와 함께만 보정 후보로 사용한다. 자동으로 비교표를 덮어쓰지 않는다.,"원문 이미지 수동 판독, 재OCR, 2차 원문 확인",Y,analysis/ocr-image-review-decisions.md; data/urban/text/files/19-11000NTC202111260001-19-11000NTC202111260001-notice_file-서울특별시_2021-551호_고시.txt,"total_households 786은 후속 사업시행계획 또는 정보몽땅 사업개요에서 2차 확인하고, 2021 정비계획 원문값 925세대와 병기",,,,project-notes/19-daelim.md
20,잠실/송파,송파구,마천1재정비촉진구역 주택재개발정비사업조합,조합설립인가,very_high,B,building_coverage_ratio_pct,건폐율,50,source_link_required,P0,usable_with_source_caveat,medium,"정보몽땅/로컬 텍스트/스니펫이 현재값을 뒷받침하면 비교에는 사용할 수 있으나, 본고시 원문 URL 또는 직접 값 대조 상태를 함께 표시한다.","recordCode·noticeCode 연결, 본고시 원문 URL 보강",Y,analysis/ocr-image-review-decisions.md; data/urban/text/files/20-11000NTC202606080004-20-11000NTC202606080004-notice_file-서울특별시_제2026-298호_고시문.txt,마천1의 건폐율은 별도 재정비촉진계획/정비계획 변경 원문에서 다시 연결,,,,project-notes/20-macheon-1.md
20,잠실/송파,송파구,마천1재정비촉진구역 주택재개발정비사업조합,조합설립인가,very_high,B,district_area_sqm,정비구역 면적,"159,816.7",source_link_required,P0,usable_with_source_caveat,medium,"정보몽땅/로컬 텍스트/스니펫이 현재값을 뒷받침하면 비교에는 사용할 수 있으나, 본고시 원문 URL 또는 직접 값 대조 상태를 함께 표시한다.","recordCode·noticeCode 연결, 본고시 원문 URL 보강",Y,analysis/ocr-image-review-decisions.md; data/urban/text/files/20-11000NTC202606080004-20-11000NTC202606080004-notice_file-서울특별시_제2026-298호_고시문.txt,마천1의 현 정비구역 면적은 별도 재정비촉진계획/정비계획 변경 원문에서 다시 연결,,,,project-notes/20-macheon-1.md
20,잠실/송파,송파구,마천1재정비촉진구역 주택재개발정비사업조합,조합설립인가,very_high,B,floor_area_ratio_pct,용적률,277.88,source_link_required,P0,usable_with_source_caveat,medium,"정보몽땅/로컬 텍스트/스니펫이 현재값을 뒷받침하면 비교에는 사용할 수 있으나, 본고시 원문 URL 또는 직접 값 대조 상태를 함께 표시한다.","recordCode·noticeCode 연결, 본고시 원문 URL 보강",Y,analysis/ocr-image-review-decisions.md; data/urban/text/files/20-11000NTC202606080004-20-11000NTC202606080004-notice_file-서울특별시_제2026-298호_고시문.txt,마천1의 용적률은 별도 재정비촉진계획/정비계획 변경 원문에서 다시 연결,,,,project-notes/20-macheon-1.md
20,잠실/송파,송파구,마천1재정비촉진구역 주택재개발정비사업조합,조합설립인가,very_high,B,floors,층수,지상:49/지하:미확인,source_link_required,P0,usable_with_source_caveat,medium,"정보몽땅/로컬 텍스트/스니펫이 현재값을 뒷받침하면 비교에는 사용할 수 있으나, 본고시 원문 URL 또는 직접 값 대조 상태를 함께 표시한다.","recordCode·noticeCode 연결, 본고시 원문 URL 보강",Y,analysis/ocr-image-review-decisions.md; data/urban/text/files/20-11000NTC202606080004-20-11000NTC202606080004-notice_file-서울특별시_제2026-298호_고시문.txt,마천1의 층수는 별도 재정비촉진계획/정비계획 변경 원문에서 다시 연결,,,,project-notes/20-macheon-1.md
20,잠실/송파,송파구,마천1재정비촉진구역 주택재개발정비사업조합,조합설립인가,very_high,B,max_height_m,최고높이,160,source_link_required,P0,usable_with_source_caveat,medium,"정보몽땅/로컬 텍스트/스니펫이 현재값을 뒷받침하면 비교에는 사용할 수 있으나, 본고시 원문 URL 또는 직접 값 대조 상태를 함께 표시한다.","recordCode·noticeCode 연결, 본고시 원문 URL 보강",Y,analysis/ocr-image-review-decisions.md; data/urban/text/files/20-11000NTC202606080004-20-11000NTC202606080004-notice_file-서울특별시_제2026-298호_고시문.txt,마천1의 높이 기준은 별도 재정비촉진계획/정비계획 변경 원문에서 다시 연결,,,,project-notes/20-macheon-1.md
29,구의/광진,광진구,자양1의4구역 가로주택정비사업,조합설립인가,high,C,district_area_sqm,정비구역 면적,"8,419.91",ocr_partial_confirmation_pending,P1,ocr_or_precision_review,low,OCR·이미지 판독값은 원문 이미지 판독 로그와 함께만 보정 후보로 사용한다. 자동으로 비교표를 덮어쓰지 않는다.,"원문 이미지 수동 판독, 재OCR, 2차 원문 확인",Y,analysis/ocr-image-review-decisions.md; data/urban/text/gwangjin-gu/files/29-B0000003-6357990-1-29-B0000003-6357990-gwangjin-gu-1-직인날인-조합설립-변경-인가-공고문.txt; data/urban/text/gwangjin-gu/files/29-B0000003-6353195-1-29-B0000003-6353195-gwangjin-gu-1-공람공고문-안.txt; data/urban/text/gwangjin-gu/files/29-B0000003-6353195-2-29-B0000003-6353195-gwangjin-gu-2-공람의견서.txt,"district_area_sqm 8,419.91은 이전 사업개요 또는 다른 원문에서 2차 확인하고, 2025 변경인가 공고 원문값 8,473.82㎡와 병기",,,,project-notes/29-jayang104.md
17,잠실/송파,송파구,송파한양2차아파트 재건축정비사업 조합,조합설립인가,high,B,total_households,총 세대수,"1,346",source_value_fill_missing_required,P1,ocr_or_precision_review,low,OCR·이미지 판독값은 원문 이미지 판독 로그와 함께만 보정 후보로 사용한다. 자동으로 비교표를 덮어쓰지 않는다.,"원문 이미지 수동 판독, 재OCR, 2차 원문 확인",Y,analysis/ocr-image-review-decisions.md; data/urban/text/files/17-11000NTC202506170006-17-11000NTC202506170006-business-notice_file-서울특별시_제2025-239호_고시.txt,"total_households_official 공란을 직접 고시 1,346세대로 보강하고, 공공주택 254세대 포함 문구를 display_values에 병기",,,,project-notes/17-songpa2.md
23,구의/광진,광진구,광장동 삼성1차아파트 소규모재건축정비사업,조합설립인가,high,D,district_area_sqm,정비구역 면적,"7,653",source_link_required,P0,manual_source_escalation,high,구조화 보조근거는 참고만 하고 본고시 원문·고시번호·담당부서 확인 전에는 확정값으로 쓰지 않는다.,"자치구/정보몽땅 담당 창구 확인, 신규 고시 게시",Y,analysis/source-link-repair-candidates.md; data/cleanup/project-summaries-priority-candidates.json; https://cleanup.seoul.go.kr/cafe/mastr-cleanup-bsnsSumry/execute.do?cafeId=215900000929v34&stepSeCode=102&div=sumry,"recordCode, noticeCode, 고시번호, 원문 파일 연결을 먼저 확정",S2-0002,manual_escalation_required,정보공개청구 회신 도착 시 고시번호·고시일·원문 URL·첨부명을 intake에 기록하고 그때 decision을 재개,project-notes/23-j15171517.md
23,구의/광진,광진구,광장동 삼성1차아파트 소규모재건축정비사업,조합설립인가,high,D,floor_area_ratio_pct,용적률,300,source_link_required,P0,manual_source_escalation,high,구조화 보조근거는 참고만 하고 본고시 원문·고시번호·담당부서 확인 전에는 확정값으로 쓰지 않는다.,"자치구/정보몽땅 담당 창구 확인, 신규 고시 게시",Y,analysis/source-link-repair-candidates.md; data/cleanup/project-summaries-priority-candidates.json; https://cleanup.seoul.go.kr/cafe/mastr-cleanup-bsnsSumry/execute.do?cafeId=215900000929v34&stepSeCode=102&div=sumry,"recordCode, noticeCode, 고시번호, 원문 파일 연결을 먼저 확정",S2-0002,manual_escalation_required,정보공개청구 회신 도착 시 고시번호·고시일·원문 URL·첨부명을 intake에 기록하고 그때 decision을 재개,project-notes/23-j15171517.md
28,구의/광진,광진구,자양번영로3나길 일대 가로주택정비사업,조합설립인가,high,D,district_area_sqm,정비구역 면적,"2,307.5",source_link_required,P0,manual_source_escalation,high,구조화 보조근거는 참고만 하고 본고시 원문·고시번호·담당부서 확인 전에는 확정값으로 쓰지 않는다.,"자치구/정보몽땅 담당 창구 확인, 신규 고시 게시",Y,analysis/source-link-repair-candidates.md; data/cleanup/project-summaries-priority-candidates.json; https://cleanup.seoul.go.kr/cafe/mastr-cleanup-bsnsSumry/execute.do?cafeId=215900001146M77&stepSeCode=102&div=sumry,"recordCode, noticeCode, 고시번호, 원문 파일 연결을 먼저 확정",S2-0003,manual_escalation_required,정보공개청구 회신 도착 시 고시번호·고시일·원문 URL·첨부명을 intake에 기록하고 그때 decision을 재개,project-notes/28-jayang588-22.md
28,구의/광진,광진구,자양번영로3나길 일대 가로주택정비사업,조합설립인가,high,D,floor_area_ratio_pct,용적률,295,source_link_required,P0,manual_source_escalation,high,구조화 보조근거는 참고만 하고 본고시 원문·고시번호·담당부서 확인 전에는 확정값으로 쓰지 않는다.,"자치구/정보몽땅 담당 창구 확인, 신규 고시 게시",Y,analysis/source-link-repair-candidates.md; data/cleanup/project-summaries-priority-candidates.json; https://cleanup.seoul.go.kr/cafe/mastr-cleanup-bsnsSumry/execute.do?cafeId=215900001146M77&stepSeCode=102&div=sumry,"recordCode, noticeCode, 고시번호, 원문 파일 연결을 먼저 확정",S2-0003,manual_escalation_required,정보공개청구 회신 도착 시 고시번호·고시일·원문 URL·첨부명을 intake에 기록하고 그때 decision을 재개,project-notes/28-jayang588-22.md
15,강남,강남구,압구정한양7차아파트 재건축정비사업조합,조합설립인가,high,B,district_area_sqm,정비구역 면적,"16,437.1",source_link_required,P1,usable_with_source_caveat,low,"정보몽땅/로컬 텍스트/스니펫이 현재값을 뒷받침하면 비교에는 사용할 수 있으나, 본고시 원문 URL 또는 직접 값 대조 상태를 함께 표시한다.","recordCode·noticeCode 연결, 본고시 원문 URL 보강",Y,analysis/source-link-repair-candidates.md; data/cleanup/project-summaries-priority-candidates.json; https://cleanup.seoul.go.kr/cafe/mastr-cleanup-bsnsSumry/execute.do?cafeId=680100003000s45&stepSeCode=102&div=sumry; data/urban/text/files/15-11000NTC202312010004-15-11000NTC202312010004-notice_file-서울특별시_제2023-516호_고시.txt,"recordCode, noticeCode, 고시번호, 원문 파일 연결을 먼저 확정",,,,project-notes/15-hanyang7.md
15,강남,강남구,압구정한양7차아파트 재건축정비사업조합,조합설립인가,high,B,notice_no,고시번호,2023-516,source_link_required,P1,usable_with_source_caveat,low,"정보몽땅/로컬 텍스트/스니펫이 현재값을 뒷받침하면 비교에는 사용할 수 있으나, 본고시 원문 URL 또는 직접 값 대조 상태를 함께 표시한다.","recordCode·noticeCode 연결, 본고시 원문 URL 보강",Y,analysis/source-link-repair-candidates.md; data/urban/text/files/15-11000NTC202312010004-15-11000NTC202312010004-notice_file-서울특별시_제2023-516호_고시.txt,"recordCode, noticeCode, 고시번호, 원문 파일 연결을 먼저 확정",,,,project-notes/15-hanyang7.md
17,잠실/송파,송파구,송파한양2차아파트 재건축정비사업 조합,조합설립인가,high,B,max_height_m,최고높이,96,source_link_required,P1,usable_with_source_caveat,low,"정보몽땅/로컬 텍스트/스니펫이 현재값을 뒷받침하면 비교에는 사용할 수 있으나, 본고시 원문 URL 또는 직접 값 대조 상태를 함께 표시한다.","recordCode·noticeCode 연결, 본고시 원문 URL 보강",Y,analysis/ocr-image-review-decisions.md; data/urban/text/files/17-11000NTC202506170006-17-11000NTC202506170006-business-notice_file-서울특별시_제2025-239호_고시.txt,송파한양2차 최고높이 130m는 별도 건축심의/정비계획 원문에서 다시 연결,,,,project-notes/17-songpa2.md
24,구의/광진,광진구,워커힐아파트1단지 재건축정비사업 조합설립추진위원회,추진위원회승인,high,C,district_area_sqm,정비구역 면적,"89,878",source_link_required,P1,usable_with_source_caveat,low,"정보몽땅/로컬 텍스트/스니펫이 현재값을 뒷받침하면 비교에는 사용할 수 있으나, 본고시 원문 URL 또는 직접 값 대조 상태를 함께 표시한다.","recordCode·noticeCode 연결, 본고시 원문 URL 보강",Y,analysis/source-link-repair-candidates.md; data/cleanup/project-summaries-priority-candidates.json; https://cleanup.seoul.go.kr/cafe/mastr-cleanup-bsnsSumry/execute.do?cafeId=215900001363i54&stepSeCode=101&div=sumry; data/urban/text/gwangjin-gu/files/24-B0000378-16413-1-24-B0000378-16413-gwangjin-gu-1-붙임2-주민의견제출서.txt; data/urban/text/gwangjin-gu/files/24-B0000378-16413-2-24-B0000378-16413-gwangjin-gu-2-붙임1-워커힐아파트-일대-도시관리계획수립-전략환경영향평가-항목-범위-등의-결정내용.txt; data/urban/text/gwangjin-gu/files/24-B0000378-16413-3-24-B0000378-16413-gwangjin-gu-3-공고문.txt; data/urban/text/gwangjin-gu/files/24-B0000378-16096-1-24-B0000378-16096-gwangjin-gu-1-공고문.txt; data/urban/text/gwangjin-gu/files/24-B0000378-16096-2-24-B0000378-16096-gwangjin-gu-2-공람의견서-서식.txt,"recordCode, noticeCode, 고시번호, 원문 파일 연결을 먼저 확정",,,,project-notes/24-walkerhill1.md
18,잠실/송파,송파구,송파미성아파트 재건축정비사업조합,조합설립인가,watch,B,total_households,총 세대수,810,source_value_fill_missing_required,,ocr_or_precision_review,low,OCR·이미지 판독값은 원문 이미지 판독 로그와 함께만 보정 후보로 사용한다. 자동으로 비교표를 덮어쓰지 않는다.,"원문 이미지 수동 판독, 재OCR, 2차 원문 확인",Y,analysis/songpa-notice-value-corroboration.md; data/urban/text/files/18-11710NTC202104230008-18-11710NTC202104230008-notice_file-서울특별시_2021-146호_고시.txt,현재 공란인 총 세대수의 원문 확인 후보로 기록하되 건축위원회 최종 결정 가능성 주석 유지,,,,project-notes/18-songpams.md
9,잠실/송파,송파구,잠실우성4차 주택재건축정비사업조합,관리처분인가,very_high,B,management_construction_cost,관리처분 공사비,,management_stage_followup_needed,P0,manual_source_escalation,high,구조화 보조근거는 참고만 하고 본고시 원문·고시번호·담당부서 확인 전에는 확정값으로 쓰지 않는다.,"자치구/정보몽땅 담당 창구 확인, 신규 고시 게시",Y,analysis/management-stage-value-resolution.md; analysis/management-stage-fact-check.md; data/urban/text/files/09-11000NTC201707068193-09-11000NTC201707068193-notice_file-서울특별시2017-239.txt,"관리처분 별첨 또는 조합 공개표에서 공사비 보강 / 정보몽땅 공개항목의 별첨 원문, 최신 변경고시, 관리처분 인가 고시 원문",S4-0002,manual_escalation_required,송파구 새올전자민원창구 접수번호 626590 회신 도착 시 고시번호·고시일·별첨·공사비 기준일을 intake에 기록하고 그때 decision을 재개,project-notes/09-tw2w7iwv.md
5,잠실/송파,송파구,"장미1,2,3차아파트 주택재건축정비사업 조합",조합설립인가,very_high,B,notice_date,고시일,,value_missing,P0,source_available_extract_later,medium,원문 또는 후보 파일은 있으나 필드값을 확정하지 못했다. 공란으로 유지하되 다음 OCR/수동 판독 때 보강한다.,"원문 이미지 확대 판독, 키워드 스니펫 재추출, 후속 공개항목",Y,data/urban/text/files/05-11000NTC202505290003-05-11000NTC202505290003-notice_file-서울특별시_제2025-278호_고시.txt,공식 원문 또는 정보몽땅 공개항목에서 값을 보강하거나 미공개 사유를 기록,,,,project-notes/05-jmapt1.md
3,잠실/송파,송파구,잠실우성아파트 재건축정비사업조합,조합설립인가,very_high,B,total_households,총 세대수,,value_missing,P1,source_available_extract_later,low,원문 또는 후보 파일은 있으나 필드값을 확정하지 못했다. 공란으로 유지하되 다음 OCR/수동 판독 때 보강한다.,"원문 이미지 확대 판독, 키워드 스니펫 재추출, 후속 공개항목",Y,data/urban/text/files/03-11000NTC201512177681-03-11000NTC201512177681-notice_file-서울특별시2015-401.txt,공식 원문 또는 정보몽땅 공개항목에서 값을 보강하거나 미공개 사유를 기록,,,,project-notes/03-q1qk5nf6.md
5,잠실/송파,송파구,"장미1,2,3차아파트 주택재건축정비사업 조합",조합설립인가,very_high,B,building_coverage_ratio_pct,건폐율,,value_missing,P1,source_available_extract_later,low,원문 또는 후보 파일은 있으나 필드값을 확정하지 못했다. 공란으로 유지하되 다음 OCR/수동 판독 때 보강한다.,"원문 이미지 확대 판독, 키워드 스니펫 재추출, 후속 공개항목",Y,data/urban/text/files/05-11000NTC202505290003-05-11000NTC202505290003-notice_file-서울특별시_제2025-278호_고시.txt,공식 원문 또는 정보몽땅 공개항목에서 값을 보강하거나 미공개 사유를 기록,,,,project-notes/05-jmapt1.md
5,잠실/송파,송파구,"장미1,2,3차아파트 주택재건축정비사업 조합",조합설립인가,very_high,B,floors,층수,,value_missing,P1,source_available_extract_later,low,원문 또는 후보 파일은 있으나 필드값을 확정하지 못했다. 공란으로 유지하되 다음 OCR/수동 판독 때 보강한다.,"원문 이미지 확대 판독, 키워드 스니펫 재추출, 후속 공개항목",Y,data/urban/text/files/05-11000NTC202505290003-05-11000NTC202505290003-notice_file-서울특별시_제2025-278호_고시.txt,공식 원문 또는 정보몽땅 공개항목에서 값을 보강하거나 미공개 사유를 기록,,,,project-notes/05-jmapt1.md
5,잠실/송파,송파구,"장미1,2,3차아파트 주택재건축정비사업 조합",조합설립인가,very_high,B,max_height_m,최고높이,,value_missing,P1,source_available_extract_later,low,원문 또는 후보 파일은 있으나 필드값을 확정하지 못했다. 공란으로 유지하되 다음 OCR/수동 판독 때 보강한다.,"원문 이미지 확대 판독, 키워드 스니펫 재추출, 후속 공개항목",Y,data/urban/text/files/05-11000NTC202505290003-05-11000NTC202505290003-notice_file-서울특별시_제2025-278호_고시.txt,공식 원문 또는 정보몽땅 공개항목에서 값을 보강하거나 미공개 사유를 기록,,,,project-notes/05-jmapt1.md
5,잠실/송파,송파구,"장미1,2,3차아파트 주택재건축정비사업 조합",조합설립인가,very_high,B,total_households,총 세대수,,value_missing,P1,source_available_extract_later,low,원문 또는 후보 파일은 있으나 필드값을 확정하지 못했다. 공란으로 유지하되 다음 OCR/수동 판독 때 보강한다.,"원문 이미지 확대 판독, 키워드 스니펫 재추출, 후속 공개항목",Y,data/urban/text/files/05-11000NTC202505290003-05-11000NTC202505290003-notice_file-서울특별시_제2025-278호_고시.txt,공식 원문 또는 정보몽땅 공개항목에서 값을 보강하거나 미공개 사유를 기록,,,,project-notes/05-jmapt1.md
23,구의/광진,광진구,광장동 삼성1차아파트 소규모재건축정비사업,조합설립인가,high,D,notice_date,고시일,,value_missing,P0,manual_source_escalation,high,구조화 보조근거는 참고만 하고 본고시 원문·고시번호·담당부서 확인 전에는 확정값으로 쓰지 않는다.,"자치구/정보몽땅 담당 창구 확인, 신규 고시 게시",N,,공식 원문 또는 정보몽땅 공개항목에서 값을 보강하거나 미공개 사유를 기록,S2-0002,manual_escalation_required,정보공개청구 회신 도착 시 고시번호·고시일·원문 URL·첨부명을 intake에 기록하고 그때 decision을 재개,project-notes/23-j15171517.md
23,구의/광진,광진구,광장동 삼성1차아파트 소규모재건축정비사업,조합설립인가,high,D,notice_no,고시번호,,value_missing,P0,manual_source_escalation,high,구조화 보조근거는 참고만 하고 본고시 원문·고시번호·담당부서 확인 전에는 확정값으로 쓰지 않는다.,"자치구/정보몽땅 담당 창구 확인, 신규 고시 게시",N,,공식 원문 또는 정보몽땅 공개항목에서 값을 보강하거나 미공개 사유를 기록,S2-0002,manual_escalation_required,정보공개청구 회신 도착 시 고시번호·고시일·원문 URL·첨부명을 intake에 기록하고 그때 decision을 재개,project-notes/23-j15171517.md
28,구의/광진,광진구,자양번영로3나길 일대 가로주택정비사업,조합설립인가,high,D,notice_date,고시일,,value_missing,P0,manual_source_escalation,high,구조화 보조근거는 참고만 하고 본고시 원문·고시번호·담당부서 확인 전에는 확정값으로 쓰지 않는다.,"자치구/정보몽땅 담당 창구 확인, 신규 고시 게시",N,,공식 원문 또는 정보몽땅 공개항목에서 값을 보강하거나 미공개 사유를 기록,S2-0003,manual_escalation_required,정보공개청구 회신 도착 시 고시번호·고시일·원문 URL·첨부명을 intake에 기록하고 그때 decision을 재개,project-notes/28-jayang588-22.md
28,구의/광진,광진구,자양번영로3나길 일대 가로주택정비사업,조합설립인가,high,D,notice_no,고시번호,,value_missing,P0,manual_source_escalation,high,구조화 보조근거는 참고만 하고 본고시 원문·고시번호·담당부서 확인 전에는 확정값으로 쓰지 않는다.,"자치구/정보몽땅 담당 창구 확인, 신규 고시 게시",N,,공식 원문 또는 정보몽땅 공개항목에서 값을 보강하거나 미공개 사유를 기록,S2-0003,manual_escalation_required,정보공개청구 회신 도착 시 고시번호·고시일·원문 URL·첨부명을 intake에 기록하고 그때 decision을 재개,project-notes/28-jayang588-22.md
9,잠실/송파,송파구,잠실우성4차 주택재건축정비사업조합,관리처분인가,very_high,B,promotion_committee_approval_date,추진위원회 승인일,,value_missing,,source_available_extract_later,low,원문 또는 후보 파일은 있으나 필드값을 확정하지 못했다. 공란으로 유지하되 다음 OCR/수동 판독 때 보강한다.,"원문 이미지 확대 판독, 키워드 스니펫 재추출, 후속 공개항목",Y,data/urban/text/files/09-11000NTC201707068193-09-11000NTC201707068193-notice_file-서울특별시2017-239.txt,공식 원문 또는 정보몽땅 공개항목에서 값을 보강하거나 미공개 사유를 기록,,,,project-notes/09-tw2w7iwv.md
9,잠실/송파,송파구,잠실우성4차 주택재건축정비사업조합,관리처분인가,very_high,B,stage_consent_rate_pct,단계 공개 동의율,,value_missing,,source_available_extract_later,low,원문 또는 후보 파일은 있으나 필드값을 확정하지 못했다. 공란으로 유지하되 다음 OCR/수동 판독 때 보강한다.,"원문 이미지 확대 판독, 키워드 스니펫 재추출, 후속 공개항목",Y,data/urban/text/files/09-11000NTC201707068193-09-11000NTC201707068193-notice_file-서울특별시2017-239.txt,공식 원문 또는 정보몽땅 공개항목에서 값을 보강하거나 미공개 사유를 기록,,,,project-notes/09-tw2w7iwv.md
13,구의/광진,광진구,자양제7구역 주택재건축정비사업 조합,조합설립인가,very_high,A,promotion_committee_approval_date,추진위원회 승인일,,value_missing,,source_available_extract_later,low,원문 또는 후보 파일은 있으나 필드값을 확정하지 못했다. 공란으로 유지하되 다음 OCR/수동 판독 때 보강한다.,"원문 이미지 확대 판독, 키워드 스니펫 재추출, 후속 공개항목",Y,data/urban/text/files/13-11000NTC201808300002-13-11000NTC201808300002-notice_file-서울특별시2018-268.txt,공식 원문 또는 정보몽땅 공개항목에서 값을 보강하거나 미공개 사유를 기록,,,,project-notes/13-jayang7.md
13,구의/광진,광진구,자양제7구역 주택재건축정비사업 조합,조합설립인가,very_high,A,stage_consent_rate_pct,단계 공개 동의율,,value_missing,,source_available_extract_later,low,원문 또는 후보 파일은 있으나 필드값을 확정하지 못했다. 공란으로 유지하되 다음 OCR/수동 판독 때 보강한다.,"원문 이미지 확대 판독, 키워드 스니펫 재추출, 후속 공개항목",Y,data/urban/text/files/13-11000NTC201808300002-13-11000NTC201808300002-notice_file-서울특별시2018-268.txt,공식 원문 또는 정보몽땅 공개항목에서 값을 보강하거나 미공개 사유를 기록,,,,project-notes/13-jayang7.md
13,구의/광진,광진구,자양제7구역 주택재건축정비사업 조합,조합설립인가,very_high,A,union_approval_date,조합설립인가일,,value_missing,,source_available_extract_later,low,원문 또는 후보 파일은 있으나 필드값을 확정하지 못했다. 공란으로 유지하되 다음 OCR/수동 판독 때 보강한다.,"원문 이미지 확대 판독, 키워드 스니펫 재추출, 후속 공개항목",Y,data/urban/text/files/13-11000NTC201808300002-13-11000NTC201808300002-notice_file-서울특별시2018-268.txt,공식 원문 또는 정보몽땅 공개항목에서 값을 보강하거나 미공개 사유를 기록,,,,project-notes/13-jayang7.md
15,강남,강남구,압구정한양7차아파트 재건축정비사업조합,조합설립인가,high,B,notice_date,고시일,,value_missing,P1,source_available_extract_later,low,원문 또는 후보 파일은 있으나 필드값을 확정하지 못했다. 공란으로 유지하되 다음 OCR/수동 판독 때 보강한다.,"원문 이미지 확대 판독, 키워드 스니펫 재추출, 후속 공개항목",Y,data/urban/text/files/15-11000NTC202312010004-15-11000NTC202312010004-notice_file-서울특별시_제2023-516호_고시.txt,공식 원문 또는 정보몽땅 공개항목에서 값을 보강하거나 미공개 사유를 기록,,,,project-notes/15-hanyang7.md
16,잠실/송파,송파구,가락1차현대아파트 재건축정비사업 조합,사업시행인가,very_high,B,stage_consent_rate_pct,단계 공개 동의율,,value_missing,,source_available_extract_later,low,원문 또는 후보 파일은 있으나 필드값을 확정하지 못했다. 공란으로 유지하되 다음 OCR/수동 판독 때 보강한다.,"원문 이미지 확대 판독, 키워드 스니펫 재추출, 후속 공개항목",Y,data/urban/text/files/16-11000NTC202105100001-16-11000NTC202105100001-notice_file-송파구_2021-88호_고시.txt,공식 원문 또는 정보몽땅 공개항목에서 값을 보강하거나 미공개 사유를 기록,,,,project-notes/16-hyundai.md
24,구의/광진,광진구,워커힐아파트1단지 재건축정비사업 조합설립추진위원회,추진위원회승인,high,C,notice_date,고시일,,value_missing,P1,source_available_extract_later,low,원문 또는 후보 파일은 있으나 필드값을 확정하지 못했다. 공란으로 유지하되 다음 OCR/수동 판독 때 보강한다.,"원문 이미지 확대 판독, 키워드 스니펫 재추출, 후속 공개항목",Y,data/urban/text/gwangjin-gu/files/24-B0000378-16413-1-24-B0000378-16413-gwangjin-gu-1-붙임2-주민의견제출서.txt; data/urban/text/gwangjin-gu/files/24-B0000378-16413-2-24-B0000378-16413-gwangjin-gu-2-붙임1-워커힐아파트-일대-도시관리계획수립-전략환경영향평가-항목-범위-등의-결정내용.txt; data/urban/text/gwangjin-gu/files/24-B0000378-16413-3-24-B0000378-16413-gwangjin-gu-3-공고문.txt; data/urban/text/gwangjin-gu/files/24-B0000378-16096-1-24-B0000378-16096-gwangjin-gu-1-공고문.txt; data/urban/text/gwangjin-gu/files/24-B0000378-16096-2-24-B0000378-16096-gwangjin-gu-2-공람의견서-서식.txt,공식 원문 또는 정보몽땅 공개항목에서 값을 보강하거나 미공개 사유를 기록,,,,project-notes/24-walkerhill1.md
24,구의/광진,광진구,워커힐아파트1단지 재건축정비사업 조합설립추진위원회,추진위원회승인,high,C,notice_no,고시번호,,value_missing,P1,source_available_extract_later,low,원문 또는 후보 파일은 있으나 필드값을 확정하지 못했다. 공란으로 유지하되 다음 OCR/수동 판독 때 보강한다.,"원문 이미지 확대 판독, 키워드 스니펫 재추출, 후속 공개항목",Y,data/urban/text/gwangjin-gu/files/24-B0000378-16413-1-24-B0000378-16413-gwangjin-gu-1-붙임2-주민의견제출서.txt; data/urban/text/gwangjin-gu/files/24-B0000378-16413-2-24-B0000378-16413-gwangjin-gu-2-붙임1-워커힐아파트-일대-도시관리계획수립-전략환경영향평가-항목-범위-등의-결정내용.txt; data/urban/text/gwangjin-gu/files/24-B0000378-16413-3-24-B0000378-16413-gwangjin-gu-3-공고문.txt; data/urban/text/gwangjin-gu/files/24-B0000378-16096-1-24-B0000378-16096-gwangjin-gu-1-공고문.txt; data/urban/text/gwangjin-gu/files/24-B0000378-16096-2-24-B0000378-16096-gwangjin-gu-2-공람의견서-서식.txt,공식 원문 또는 정보몽땅 공개항목에서 값을 보강하거나 미공개 사유를 기록,,,,project-notes/24-walkerhill1.md
26,구의/광진,광진구,자양한양아파트 재건축정비사업,추진위원회승인,very_high,B,promotion_committee_approval_date,추진위원회 승인일,,value_missing,,source_available_extract_later,low,원문 또는 후보 파일은 있으나 필드값을 확정하지 못했다. 공란으로 유지하되 다음 OCR/수동 판독 때 보강한다.,"원문 이미지 확대 판독, 키워드 스니펫 재추출, 후속 공개항목",Y,data/urban/text/files/26-11215NTC202406040002-26-11215NTC202406040002-notice_file-서울특별시_제2024-267호_고시.txt,공식 원문 또는 정보몽땅 공개항목에서 값을 보강하거나 미공개 사유를 기록,,,,project-notes/26-jyhy2024.md
26,구의/광진,광진구,자양한양아파트 재건축정비사업,추진위원회승인,very_high,B,stage_consent_rate_pct,단계 공개 동의율,,value_missing,,source_available_extract_later,low,원문 또는 후보 파일은 있으나 필드값을 확정하지 못했다. 공란으로 유지하되 다음 OCR/수동 판독 때 보강한다.,"원문 이미지 확대 판독, 키워드 스니펫 재추출, 후속 공개항목",Y,data/urban/text/files/26-11215NTC202406040002-26-11215NTC202406040002-notice_file-서울특별시_제2024-267호_고시.txt,공식 원문 또는 정보몽땅 공개항목에서 값을 보강하거나 미공개 사유를 기록,,,,project-notes/26-jyhy2024.md
29,구의/광진,광진구,자양1의4구역 가로주택정비사업,조합설립인가,high,C,notice_date,고시일,,value_missing,P1,source_available_extract_later,low,원문 또는 후보 파일은 있으나 필드값을 확정하지 못했다. 공란으로 유지하되 다음 OCR/수동 판독 때 보강한다.,"원문 이미지 확대 판독, 키워드 스니펫 재추출, 후속 공개항목",Y,data/urban/text/gwangjin-gu/files/29-B0000003-6357990-1-29-B0000003-6357990-gwangjin-gu-1-직인날인-조합설립-변경-인가-공고문.txt; data/urban/text/gwangjin-gu/files/29-B0000003-6353195-1-29-B0000003-6353195-gwangjin-gu-1-공람공고문-안.txt; data/urban/text/gwangjin-gu/files/29-B0000003-6353195-2-29-B0000003-6353195-gwangjin-gu-2-공람의견서.txt,공식 원문 또는 정보몽땅 공개항목에서 값을 보강하거나 미공개 사유를 기록,,,,project-notes/29-jayang104.md
29,구의/광진,광진구,자양1의4구역 가로주택정비사업,조합설립인가,high,C,notice_no,고시번호,,value_missing,P1,source_available_extract_later,low,원문 또는 후보 파일은 있으나 필드값을 확정하지 못했다. 공란으로 유지하되 다음 OCR/수동 판독 때 보강한다.,"원문 이미지 확대 판독, 키워드 스니펫 재추출, 후속 공개항목",Y,data/urban/text/gwangjin-gu/files/29-B0000003-6357990-1-29-B0000003-6357990-gwangjin-gu-1-직인날인-조합설립-변경-인가-공고문.txt; data/urban/text/gwangjin-gu/files/29-B0000003-6353195-1-29-B0000003-6353195-gwangjin-gu-1-공람공고문-안.txt; data/urban/text/gwangjin-gu/files/29-B0000003-6353195-2-29-B0000003-6353195-gwangjin-gu-2-공람의견서.txt,공식 원문 또는 정보몽땅 공개항목에서 값을 보강하거나 미공개 사유를 기록,,,,project-notes/29-jayang104.md
7,강남,강남구,대치쌍용2차아파트 주택재건축정비사업조합,사업시행인가,high,B,project_approval_date,사업시행인가일,,value_missing,,source_available_extract_later,low,원문 또는 후보 파일은 있으나 필드값을 확정하지 못했다. 공란으로 유지하되 다음 OCR/수동 판독 때 보강한다.,"원문 이미지 확대 판독, 키워드 스니펫 재추출, 후속 공개항목",Y,data/urban/text/files/07-11000NTC201707138200-07-11000NTC201707138200-notice_file-강남구2017-99.txt,공식 원문 또는 정보몽땅 공개항목에서 값을 보강하거나 미공개 사유를 기록,,,,project-notes/07-ssang2.md
7,강남,강남구,대치쌍용2차아파트 주택재건축정비사업조합,사업시행인가,high,B,promotion_committee_approval_date,추진위원회 승인일,,value_missing,,source_available_extract_later,low,원문 또는 후보 파일은 있으나 필드값을 확정하지 못했다. 공란으로 유지하되 다음 OCR/수동 판독 때 보강한다.,"원문 이미지 확대 판독, 키워드 스니펫 재추출, 후속 공개항목",Y,data/urban/text/files/07-11000NTC201707138200-07-11000NTC201707138200-notice_file-강남구2017-99.txt,공식 원문 또는 정보몽땅 공개항목에서 값을 보강하거나 미공개 사유를 기록,,,,project-notes/07-ssang2.md
7,강남,강남구,대치쌍용2차아파트 주택재건축정비사업조합,사업시행인가,high,B,stage_consent_rate_pct,단계 공개 동의율,,value_missing,,source_available_extract_later,low,원문 또는 후보 파일은 있으나 필드값을 확정하지 못했다. 공란으로 유지하되 다음 OCR/수동 판독 때 보강한다.,"원문 이미지 확대 판독, 키워드 스니펫 재추출, 후속 공개항목",Y,data/urban/text/files/07-11000NTC201707138200-07-11000NTC201707138200-notice_file-강남구2017-99.txt,공식 원문 또는 정보몽땅 공개항목에서 값을 보강하거나 미공개 사유를 기록,,,,project-notes/07-ssang2.md
7,강남,강남구,대치쌍용2차아파트 주택재건축정비사업조합,사업시행인가,high,B,union_approval_date,조합설립인가일,,value_missing,,source_available_extract_later,low,원문 또는 후보 파일은 있으나 필드값을 확정하지 못했다. 공란으로 유지하되 다음 OCR/수동 판독 때 보강한다.,"원문 이미지 확대 판독, 키워드 스니펫 재추출, 후속 공개항목",Y,data/urban/text/files/07-11000NTC201707138200-07-11000NTC201707138200-notice_file-강남구2017-99.txt,공식 원문 또는 정보몽땅 공개항목에서 값을 보강하거나 미공개 사유를 기록,,,,project-notes/07-ssang2.md
8,강남,강남구,대치쌍용1차아파트 주택재건축정비사업조합,사업시행인가,high,B,project_approval_date,사업시행인가일,,value_missing,,source_available_extract_later,low,원문 또는 후보 파일은 있으나 필드값을 확정하지 못했다. 공란으로 유지하되 다음 OCR/수동 판독 때 보강한다.,"원문 이미지 확대 판독, 키워드 스니펫 재추출, 후속 공개항목",Y,data/urban/text/files/08-11680NTC202112010001-08-11680NTC202112010001-business-notice_file-강남구_2021-203호_고시.txt,공식 원문 또는 정보몽땅 공개항목에서 값을 보강하거나 미공개 사유를 기록,,,,project-notes/08-ssang1.md
8,강남,강남구,대치쌍용1차아파트 주택재건축정비사업조합,사업시행인가,high,B,promotion_committee_approval_date,추진위원회 승인일,,value_missing,,source_available_extract_later,low,원문 또는 후보 파일은 있으나 필드값을 확정하지 못했다. 공란으로 유지하되 다음 OCR/수동 판독 때 보강한다.,"원문 이미지 확대 판독, 키워드 스니펫 재추출, 후속 공개항목",Y,data/urban/text/files/08-11680NTC202112010001-08-11680NTC202112010001-business-notice_file-강남구_2021-203호_고시.txt,공식 원문 또는 정보몽땅 공개항목에서 값을 보강하거나 미공개 사유를 기록,,,,project-notes/08-ssang1.md
8,강남,강남구,대치쌍용1차아파트 주택재건축정비사업조합,사업시행인가,high,B,stage_consent_rate_pct,단계 공개 동의율,,value_missing,,source_available_extract_later,low,원문 또는 후보 파일은 있으나 필드값을 확정하지 못했다. 공란으로 유지하되 다음 OCR/수동 판독 때 보강한다.,"원문 이미지 확대 판독, 키워드 스니펫 재추출, 후속 공개항목",Y,data/urban/text/files/08-11680NTC202112010001-08-11680NTC202112010001-business-notice_file-강남구_2021-203호_고시.txt,공식 원문 또는 정보몽땅 공개항목에서 값을 보강하거나 미공개 사유를 기록,,,,project-notes/08-ssang1.md
8,강남,강남구,대치쌍용1차아파트 주택재건축정비사업조합,사업시행인가,high,B,total_households,총 세대수,,value_missing,P3,source_available_extract_later,low,원문 또는 후보 파일은 있으나 필드값을 확정하지 못했다. 공란으로 유지하되 다음 OCR/수동 판독 때 보강한다.,"원문 이미지 확대 판독, 키워드 스니펫 재추출, 후속 공개항목",Y,data/urban/text/files/08-11680NTC202112010001-08-11680NTC202112010001-business-notice_file-강남구_2021-203호_고시.txt,공식 원문 또는 정보몽땅 공개항목에서 값을 보강하거나 미공개 사유를 기록,,,,project-notes/08-ssang1.md
8,강남,강남구,대치쌍용1차아파트 주택재건축정비사업조합,사업시행인가,high,B,union_approval_date,조합설립인가일,,value_missing,,source_available_extract_later,low,원문 또는 후보 파일은 있으나 필드값을 확정하지 못했다. 공란으로 유지하되 다음 OCR/수동 판독 때 보강한다.,"원문 이미지 확대 판독, 키워드 스니펫 재추출, 후속 공개항목",Y,data/urban/text/files/08-11680NTC202112010001-08-11680NTC202112010001-business-notice_file-강남구_2021-203호_고시.txt,공식 원문 또는 정보몽땅 공개항목에서 값을 보강하거나 미공개 사유를 기록,,,,project-notes/08-ssang1.md
11,강남,강남구,압구정아파트지구 특별계획구역4,조합설립인가,high,B,promotion_committee_approval_date,추진위원회 승인일,,value_missing,,source_available_extract_later,low,원문 또는 후보 파일은 있으나 필드값을 확정하지 못했다. 공란으로 유지하되 다음 OCR/수동 판독 때 보강한다.,"원문 이미지 확대 판독, 키워드 스니펫 재추출, 후속 공개항목",Y,data/urban/text/files/11-11000NTC202312010004-11-11000NTC202312010004-notice_file-서울특별시_제2023-516호_고시.txt,공식 원문 또는 정보몽땅 공개항목에서 값을 보강하거나 미공개 사유를 기록,,,,project-notes/11-apgujeong4.md
11,강남,강남구,압구정아파트지구 특별계획구역4,조합설립인가,high,B,stage_consent_rate_pct,단계 공개 동의율,,value_missing,,source_available_extract_later,low,원문 또는 후보 파일은 있으나 필드값을 확정하지 못했다. 공란으로 유지하되 다음 OCR/수동 판독 때 보강한다.,"원문 이미지 확대 판독, 키워드 스니펫 재추출, 후속 공개항목",Y,data/urban/text/files/11-11000NTC202312010004-11-11000NTC202312010004-notice_file-서울특별시_제2023-516호_고시.txt,공식 원문 또는 정보몽땅 공개항목에서 값을 보강하거나 미공개 사유를 기록,,,,project-notes/11-apgujeong4.md
11,강남,강남구,압구정아파트지구 특별계획구역4,조합설립인가,high,B,total_households,총 세대수,,value_missing,P3,source_available_extract_later,low,원문 또는 후보 파일은 있으나 필드값을 확정하지 못했다. 공란으로 유지하되 다음 OCR/수동 판독 때 보강한다.,"원문 이미지 확대 판독, 키워드 스니펫 재추출, 후속 공개항목",Y,data/urban/text/files/11-11000NTC202312010004-11-11000NTC202312010004-notice_file-서울특별시_제2023-516호_고시.txt,공식 원문 또는 정보몽땅 공개항목에서 값을 보강하거나 미공개 사유를 기록,,,,project-notes/11-apgujeong4.md
11,강남,강남구,압구정아파트지구 특별계획구역4,조합설립인가,high,B,union_approval_date,조합설립인가일,,value_missing,,source_available_extract_later,low,원문 또는 후보 파일은 있으나 필드값을 확정하지 못했다. 공란으로 유지하되 다음 OCR/수동 판독 때 보강한다.,"원문 이미지 확대 판독, 키워드 스니펫 재추출, 후속 공개항목",Y,data/urban/text/files/11-11000NTC202312010004-11-11000NTC202312010004-notice_file-서울특별시_제2023-516호_고시.txt,공식 원문 또는 정보몽땅 공개항목에서 값을 보강하거나 미공개 사유를 기록,,,,project-notes/11-apgujeong4.md
12,강남,강남구,압구정아파트지구 특별계획구역5 재건축정비사업조합,조합설립인가,high,B,building_coverage_ratio_pct,건폐율,,value_missing,P3,source_available_extract_later,low,원문 또는 후보 파일은 있으나 필드값을 확정하지 못했다. 공란으로 유지하되 다음 OCR/수동 판독 때 보강한다.,"원문 이미지 확대 판독, 키워드 스니펫 재추출, 후속 공개항목",Y,data/urban/text/files/12-11000NTC202312010004-12-11000NTC202312010004-notice_file-서울특별시_제2023-516호_고시.txt,공식 원문 또는 정보몽땅 공개항목에서 값을 보강하거나 미공개 사유를 기록,,,,project-notes/12-apgujeong5.md
12,강남,강남구,압구정아파트지구 특별계획구역5 재건축정비사업조합,조합설립인가,high,B,floor_area_ratio_pct,용적률,,value_missing,P3,source_available_extract_later,low,원문 또는 후보 파일은 있으나 필드값을 확정하지 못했다. 공란으로 유지하되 다음 OCR/수동 판독 때 보강한다.,"원문 이미지 확대 판독, 키워드 스니펫 재추출, 후속 공개항목",Y,data/urban/text/files/12-11000NTC202312010004-12-11000NTC202312010004-notice_file-서울특별시_제2023-516호_고시.txt,공식 원문 또는 정보몽땅 공개항목에서 값을 보강하거나 미공개 사유를 기록,,,,project-notes/12-apgujeong5.md
12,강남,강남구,압구정아파트지구 특별계획구역5 재건축정비사업조합,조합설립인가,high,B,floors,층수,,value_missing,P3,source_available_extract_later,low,원문 또는 후보 파일은 있으나 필드값을 확정하지 못했다. 공란으로 유지하되 다음 OCR/수동 판독 때 보강한다.,"원문 이미지 확대 판독, 키워드 스니펫 재추출, 후속 공개항목",Y,data/urban/text/files/12-11000NTC202312010004-12-11000NTC202312010004-notice_file-서울특별시_제2023-516호_고시.txt,공식 원문 또는 정보몽땅 공개항목에서 값을 보강하거나 미공개 사유를 기록,,,,project-notes/12-apgujeong5.md
12,강남,강남구,압구정아파트지구 특별계획구역5 재건축정비사업조합,조합설립인가,high,B,max_height_m,최고높이,,value_missing,P3,source_available_extract_later,low,원문 또는 후보 파일은 있으나 필드값을 확정하지 못했다. 공란으로 유지하되 다음 OCR/수동 판독 때 보강한다.,"원문 이미지 확대 판독, 키워드 스니펫 재추출, 후속 공개항목",Y,data/urban/text/files/12-11000NTC202312010004-12-11000NTC202312010004-notice_file-서울특별시_제2023-516호_고시.txt,공식 원문 또는 정보몽땅 공개항목에서 값을 보강하거나 미공개 사유를 기록,,,,project-notes/12-apgujeong5.md
12,강남,강남구,압구정아파트지구 특별계획구역5 재건축정비사업조합,조합설립인가,high,B,promotion_committee_approval_date,추진위원회 승인일,,value_missing,,source_available_extract_later,low,원문 또는 후보 파일은 있으나 필드값을 확정하지 못했다. 공란으로 유지하되 다음 OCR/수동 판독 때 보강한다.,"원문 이미지 확대 판독, 키워드 스니펫 재추출, 후속 공개항목",Y,data/urban/text/files/12-11000NTC202312010004-12-11000NTC202312010004-notice_file-서울특별시_제2023-516호_고시.txt,공식 원문 또는 정보몽땅 공개항목에서 값을 보강하거나 미공개 사유를 기록,,,,project-notes/12-apgujeong5.md
12,강남,강남구,압구정아파트지구 특별계획구역5 재건축정비사업조합,조합설립인가,high,B,stage_consent_rate_pct,단계 공개 동의율,,value_missing,,source_available_extract_later,low,원문 또는 후보 파일은 있으나 필드값을 확정하지 못했다. 공란으로 유지하되 다음 OCR/수동 판독 때 보강한다.,"원문 이미지 확대 판독, 키워드 스니펫 재추출, 후속 공개항목",Y,data/urban/text/files/12-11000NTC202312010004-12-11000NTC202312010004-notice_file-서울특별시_제2023-516호_고시.txt,공식 원문 또는 정보몽땅 공개항목에서 값을 보강하거나 미공개 사유를 기록,,,,project-notes/12-apgujeong5.md
12,강남,강남구,압구정아파트지구 특별계획구역5 재건축정비사업조합,조합설립인가,high,B,total_households,총 세대수,,value_missing,P3,source_available_extract_later,low,원문 또는 후보 파일은 있으나 필드값을 확정하지 못했다. 공란으로 유지하되 다음 OCR/수동 판독 때 보강한다.,"원문 이미지 확대 판독, 키워드 스니펫 재추출, 후속 공개항목",Y,data/urban/text/files/12-11000NTC202312010004-12-11000NTC202312010004-notice_file-서울특별시_제2023-516호_고시.txt,공식 원문 또는 정보몽땅 공개항목에서 값을 보강하거나 미공개 사유를 기록,,,,project-notes/12-apgujeong5.md
12,강남,강남구,압구정아파트지구 특별계획구역5 재건축정비사업조합,조합설립인가,high,B,union_approval_date,조합설립인가일,,value_missing,,source_available_extract_later,low,원문 또는 후보 파일은 있으나 필드값을 확정하지 못했다. 공란으로 유지하되 다음 OCR/수동 판독 때 보강한다.,"원문 이미지 확대 판독, 키워드 스니펫 재추출, 후속 공개항목",Y,data/urban/text/files/12-11000NTC202312010004-12-11000NTC202312010004-notice_file-서울특별시_제2023-516호_고시.txt,공식 원문 또는 정보몽땅 공개항목에서 값을 보강하거나 미공개 사유를 기록,,,,project-notes/12-apgujeong5.md
15,강남,강남구,압구정한양7차아파트 재건축정비사업조합,조합설립인가,high,B,building_coverage_ratio_pct,건폐율,,value_missing,P3,source_available_extract_later,low,원문 또는 후보 파일은 있으나 필드값을 확정하지 못했다. 공란으로 유지하되 다음 OCR/수동 판독 때 보강한다.,"원문 이미지 확대 판독, 키워드 스니펫 재추출, 후속 공개항목",Y,data/urban/text/files/15-11000NTC202312010004-15-11000NTC202312010004-notice_file-서울특별시_제2023-516호_고시.txt,공식 원문 또는 정보몽땅 공개항목에서 값을 보강하거나 미공개 사유를 기록,,,,project-notes/15-hanyang7.md
15,강남,강남구,압구정한양7차아파트 재건축정비사업조합,조합설립인가,high,B,floor_area_ratio_pct,용적률,,value_missing,P3,source_available_extract_later,low,원문 또는 후보 파일은 있으나 필드값을 확정하지 못했다. 공란으로 유지하되 다음 OCR/수동 판독 때 보강한다.,"원문 이미지 확대 판독, 키워드 스니펫 재추출, 후속 공개항목",Y,data/urban/text/files/15-11000NTC202312010004-15-11000NTC202312010004-notice_file-서울특별시_제2023-516호_고시.txt,공식 원문 또는 정보몽땅 공개항목에서 값을 보강하거나 미공개 사유를 기록,,,,project-notes/15-hanyang7.md
15,강남,강남구,압구정한양7차아파트 재건축정비사업조합,조합설립인가,high,B,floors,층수,,value_missing,P3,source_available_extract_later,low,원문 또는 후보 파일은 있으나 필드값을 확정하지 못했다. 공란으로 유지하되 다음 OCR/수동 판독 때 보강한다.,"원문 이미지 확대 판독, 키워드 스니펫 재추출, 후속 공개항목",Y,data/urban/text/files/15-11000NTC202312010004-15-11000NTC202312010004-notice_file-서울특별시_제2023-516호_고시.txt,공식 원문 또는 정보몽땅 공개항목에서 값을 보강하거나 미공개 사유를 기록,,,,project-notes/15-hanyang7.md
15,강남,강남구,압구정한양7차아파트 재건축정비사업조합,조합설립인가,high,B,max_height_m,최고높이,,value_missing,P3,source_available_extract_later,low,원문 또는 후보 파일은 있으나 필드값을 확정하지 못했다. 공란으로 유지하되 다음 OCR/수동 판독 때 보강한다.,"원문 이미지 확대 판독, 키워드 스니펫 재추출, 후속 공개항목",Y,data/urban/text/files/15-11000NTC202312010004-15-11000NTC202312010004-notice_file-서울특별시_제2023-516호_고시.txt,공식 원문 또는 정보몽땅 공개항목에서 값을 보강하거나 미공개 사유를 기록,,,,project-notes/15-hanyang7.md
15,강남,강남구,압구정한양7차아파트 재건축정비사업조합,조합설립인가,high,B,promotion_committee_approval_date,추진위원회 승인일,,value_missing,,source_available_extract_later,low,원문 또는 후보 파일은 있으나 필드값을 확정하지 못했다. 공란으로 유지하되 다음 OCR/수동 판독 때 보강한다.,"원문 이미지 확대 판독, 키워드 스니펫 재추출, 후속 공개항목",Y,data/urban/text/files/15-11000NTC202312010004-15-11000NTC202312010004-notice_file-서울특별시_제2023-516호_고시.txt,공식 원문 또는 정보몽땅 공개항목에서 값을 보강하거나 미공개 사유를 기록,,,,project-notes/15-hanyang7.md
15,강남,강남구,압구정한양7차아파트 재건축정비사업조합,조합설립인가,high,B,stage_consent_rate_pct,단계 공개 동의율,,value_missing,,source_available_extract_later,low,원문 또는 후보 파일은 있으나 필드값을 확정하지 못했다. 공란으로 유지하되 다음 OCR/수동 판독 때 보강한다.,"원문 이미지 확대 판독, 키워드 스니펫 재추출, 후속 공개항목",Y,data/urban/text/files/15-11000NTC202312010004-15-11000NTC202312010004-notice_file-서울특별시_제2023-516호_고시.txt,공식 원문 또는 정보몽땅 공개항목에서 값을 보강하거나 미공개 사유를 기록,,,,project-notes/15-hanyang7.md
15,강남,강남구,압구정한양7차아파트 재건축정비사업조합,조합설립인가,high,B,total_households,총 세대수,,value_missing,P3,source_available_extract_later,low,원문 또는 후보 파일은 있으나 필드값을 확정하지 못했다. 공란으로 유지하되 다음 OCR/수동 판독 때 보강한다.,"원문 이미지 확대 판독, 키워드 스니펫 재추출, 후속 공개항목",Y,data/urban/text/files/15-11000NTC202312010004-15-11000NTC202312010004-notice_file-서울특별시_제2023-516호_고시.txt,공식 원문 또는 정보몽땅 공개항목에서 값을 보강하거나 미공개 사유를 기록,,,,project-notes/15-hanyang7.md
15,강남,강남구,압구정한양7차아파트 재건축정비사업조합,조합설립인가,high,B,union_approval_date,조합설립인가일,,value_missing,,source_available_extract_later,low,원문 또는 후보 파일은 있으나 필드값을 확정하지 못했다. 공란으로 유지하되 다음 OCR/수동 판독 때 보강한다.,"원문 이미지 확대 판독, 키워드 스니펫 재추출, 후속 공개항목",Y,data/urban/text/files/15-11000NTC202312010004-15-11000NTC202312010004-notice_file-서울특별시_제2023-516호_고시.txt,공식 원문 또는 정보몽땅 공개항목에서 값을 보강하거나 미공개 사유를 기록,,,,project-notes/15-hanyang7.md
17,잠실/송파,송파구,송파한양2차아파트 재건축정비사업 조합,조합설립인가,high,B,promotion_committee_approval_date,추진위원회 승인일,,value_missing,,source_available_extract_later,low,원문 또는 후보 파일은 있으나 필드값을 확정하지 못했다. 공란으로 유지하되 다음 OCR/수동 판독 때 보강한다.,"원문 이미지 확대 판독, 키워드 스니펫 재추출, 후속 공개항목",Y,data/urban/text/files/17-11000NTC202506170006-17-11000NTC202506170006-business-notice_file-서울특별시_제2025-239호_고시.txt,공식 원문 또는 정보몽땅 공개항목에서 값을 보강하거나 미공개 사유를 기록,,,,project-notes/17-songpa2.md
17,잠실/송파,송파구,송파한양2차아파트 재건축정비사업 조합,조합설립인가,high,B,stage_consent_rate_pct,단계 공개 동의율,,value_missing,,source_available_extract_later,low,원문 또는 후보 파일은 있으나 필드값을 확정하지 못했다. 공란으로 유지하되 다음 OCR/수동 판독 때 보강한다.,"원문 이미지 확대 판독, 키워드 스니펫 재추출, 후속 공개항목",Y,data/urban/text/files/17-11000NTC202506170006-17-11000NTC202506170006-business-notice_file-서울특별시_제2025-239호_고시.txt,공식 원문 또는 정보몽땅 공개항목에서 값을 보강하거나 미공개 사유를 기록,,,,project-notes/17-songpa2.md
17,잠실/송파,송파구,송파한양2차아파트 재건축정비사업 조합,조합설립인가,high,B,union_approval_date,조합설립인가일,,value_missing,,source_available_extract_later,low,원문 또는 후보 파일은 있으나 필드값을 확정하지 못했다. 공란으로 유지하되 다음 OCR/수동 판독 때 보강한다.,"원문 이미지 확대 판독, 키워드 스니펫 재추출, 후속 공개항목",Y,data/urban/text/files/17-11000NTC202506170006-17-11000NTC202506170006-business-notice_file-서울특별시_제2025-239호_고시.txt,공식 원문 또는 정보몽땅 공개항목에서 값을 보강하거나 미공개 사유를 기록,,,,project-notes/17-songpa2.md
19,잠실/송파,송파구,대림가락아파트 재건축정비사업조합,조합설립인가,high,B,promotion_committee_approval_date,추진위원회 승인일,,value_missing,,source_available_extract_later,low,원문 또는 후보 파일은 있으나 필드값을 확정하지 못했다. 공란으로 유지하되 다음 OCR/수동 판독 때 보강한다.,"원문 이미지 확대 판독, 키워드 스니펫 재추출, 후속 공개항목",Y,data/urban/text/files/19-11000NTC202111260001-19-11000NTC202111260001-notice_file-서울특별시_2021-551호_고시.txt,공식 원문 또는 정보몽땅 공개항목에서 값을 보강하거나 미공개 사유를 기록,,,,project-notes/19-daelim.md
19,잠실/송파,송파구,대림가락아파트 재건축정비사업조합,조합설립인가,high,B,stage_consent_rate_pct,단계 공개 동의율,,value_missing,,source_available_extract_later,low,원문 또는 후보 파일은 있으나 필드값을 확정하지 못했다. 공란으로 유지하되 다음 OCR/수동 판독 때 보강한다.,"원문 이미지 확대 판독, 키워드 스니펫 재추출, 후속 공개항목",Y,data/urban/text/files/19-11000NTC202111260001-19-11000NTC202111260001-notice_file-서울특별시_2021-551호_고시.txt,공식 원문 또는 정보몽땅 공개항목에서 값을 보강하거나 미공개 사유를 기록,,,,project-notes/19-daelim.md
19,잠실/송파,송파구,대림가락아파트 재건축정비사업조합,조합설립인가,high,B,union_approval_date,조합설립인가일,,value_missing,,source_available_extract_later,low,원문 또는 후보 파일은 있으나 필드값을 확정하지 못했다. 공란으로 유지하되 다음 OCR/수동 판독 때 보강한다.,"원문 이미지 확대 판독, 키워드 스니펫 재추출, 후속 공개항목",Y,data/urban/text/files/19-11000NTC202111260001-19-11000NTC202111260001-notice_file-서울특별시_2021-551호_고시.txt,공식 원문 또는 정보몽땅 공개항목에서 값을 보강하거나 미공개 사유를 기록,,,,project-notes/19-daelim.md
22,구의/광진,광진구,중곡아파트 주택재건축정비사업조합,조합설립인가,high,B,promotion_committee_approval_date,추진위원회 승인일,,value_missing,,source_available_extract_later,low,원문 또는 후보 파일은 있으나 필드값을 확정하지 못했다. 공란으로 유지하되 다음 OCR/수동 판독 때 보강한다.,"원문 이미지 확대 판독, 키워드 스니펫 재추출, 후속 공개항목",Y,data/urban/text/files/22-11000NTC201411137333-22-11000NTC201411137333-notice_file-서울특별시2014-382.txt,공식 원문 또는 정보몽땅 공개항목에서 값을 보강하거나 미공개 사유를 기록,,,,project-notes/22-junggokapt.md
22,구의/광진,광진구,중곡아파트 주택재건축정비사업조합,조합설립인가,high,B,stage_consent_rate_pct,단계 공개 동의율,,value_missing,,source_available_extract_later,low,원문 또는 후보 파일은 있으나 필드값을 확정하지 못했다. 공란으로 유지하되 다음 OCR/수동 판독 때 보강한다.,"원문 이미지 확대 판독, 키워드 스니펫 재추출, 후속 공개항목",Y,data/urban/text/files/22-11000NTC201411137333-22-11000NTC201411137333-notice_file-서울특별시2014-382.txt,공식 원문 또는 정보몽땅 공개항목에서 값을 보강하거나 미공개 사유를 기록,,,,project-notes/22-junggokapt.md
22,구의/광진,광진구,중곡아파트 주택재건축정비사업조합,조합설립인가,high,B,total_households,총 세대수,,value_missing,P3,source_available_extract_later,low,원문 또는 후보 파일은 있으나 필드값을 확정하지 못했다. 공란으로 유지하되 다음 OCR/수동 판독 때 보강한다.,"원문 이미지 확대 판독, 키워드 스니펫 재추출, 후속 공개항목",Y,data/urban/text/files/22-11000NTC201411137333-22-11000NTC201411137333-notice_file-서울특별시2014-382.txt,공식 원문 또는 정보몽땅 공개항목에서 값을 보강하거나 미공개 사유를 기록,,,,project-notes/22-junggokapt.md
22,구의/광진,광진구,중곡아파트 주택재건축정비사업조합,조합설립인가,high,B,union_approval_date,조합설립인가일,,value_missing,,source_available_extract_later,low,원문 또는 후보 파일은 있으나 필드값을 확정하지 못했다. 공란으로 유지하되 다음 OCR/수동 판독 때 보강한다.,"원문 이미지 확대 판독, 키워드 스니펫 재추출, 후속 공개항목",Y,data/urban/text/files/22-11000NTC201411137333-22-11000NTC201411137333-notice_file-서울특별시2014-382.txt,공식 원문 또는 정보몽땅 공개항목에서 값을 보강하거나 미공개 사유를 기록,,,,project-notes/22-junggokapt.md
23,구의/광진,광진구,광장동 삼성1차아파트 소규모재건축정비사업,조합설립인가,high,D,promotion_committee_approval_date,추진위원회 승인일,,value_missing,,manual_source_escalation,medium,구조화 보조근거는 참고만 하고 본고시 원문·고시번호·담당부서 확인 전에는 확정값으로 쓰지 않는다.,"자치구/정보몽땅 담당 창구 확인, 신규 고시 게시",N,,공식 원문 또는 정보몽땅 공개항목에서 값을 보강하거나 미공개 사유를 기록,S2-0002,manual_escalation_required,정보공개청구 회신 도착 시 고시번호·고시일·원문 URL·첨부명을 intake에 기록하고 그때 decision을 재개,project-notes/23-j15171517.md
24,구의/광진,광진구,워커힐아파트1단지 재건축정비사업 조합설립추진위원회,추진위원회승인,high,C,building_coverage_ratio_pct,건폐율,,value_missing,P3,source_available_extract_later,low,원문 또는 후보 파일은 있으나 필드값을 확정하지 못했다. 공란으로 유지하되 다음 OCR/수동 판독 때 보강한다.,"원문 이미지 확대 판독, 키워드 스니펫 재추출, 후속 공개항목",Y,data/urban/text/gwangjin-gu/files/24-B0000378-16413-1-24-B0000378-16413-gwangjin-gu-1-붙임2-주민의견제출서.txt; data/urban/text/gwangjin-gu/files/24-B0000378-16413-2-24-B0000378-16413-gwangjin-gu-2-붙임1-워커힐아파트-일대-도시관리계획수립-전략환경영향평가-항목-범위-등의-결정내용.txt; data/urban/text/gwangjin-gu/files/24-B0000378-16413-3-24-B0000378-16413-gwangjin-gu-3-공고문.txt; data/urban/text/gwangjin-gu/files/24-B0000378-16096-1-24-B0000378-16096-gwangjin-gu-1-공고문.txt; data/urban/text/gwangjin-gu/files/24-B0000378-16096-2-24-B0000378-16096-gwangjin-gu-2-공람의견서-서식.txt,공식 원문 또는 정보몽땅 공개항목에서 값을 보강하거나 미공개 사유를 기록,,,,project-notes/24-walkerhill1.md
24,구의/광진,광진구,워커힐아파트1단지 재건축정비사업 조합설립추진위원회,추진위원회승인,high,C,floor_area_ratio_pct,용적률,,value_missing,P3,source_available_extract_later,low,원문 또는 후보 파일은 있으나 필드값을 확정하지 못했다. 공란으로 유지하되 다음 OCR/수동 판독 때 보강한다.,"원문 이미지 확대 판독, 키워드 스니펫 재추출, 후속 공개항목",Y,data/urban/text/gwangjin-gu/files/24-B0000378-16413-1-24-B0000378-16413-gwangjin-gu-1-붙임2-주민의견제출서.txt; data/urban/text/gwangjin-gu/files/24-B0000378-16413-2-24-B0000378-16413-gwangjin-gu-2-붙임1-워커힐아파트-일대-도시관리계획수립-전략환경영향평가-항목-범위-등의-결정내용.txt; data/urban/text/gwangjin-gu/files/24-B0000378-16413-3-24-B0000378-16413-gwangjin-gu-3-공고문.txt; data/urban/text/gwangjin-gu/files/24-B0000378-16096-1-24-B0000378-16096-gwangjin-gu-1-공고문.txt; data/urban/text/gwangjin-gu/files/24-B0000378-16096-2-24-B0000378-16096-gwangjin-gu-2-공람의견서-서식.txt,공식 원문 또는 정보몽땅 공개항목에서 값을 보강하거나 미공개 사유를 기록,,,,project-notes/24-walkerhill1.md
24,구의/광진,광진구,워커힐아파트1단지 재건축정비사업 조합설립추진위원회,추진위원회승인,high,C,floors,층수,,value_missing,P3,source_available_extract_later,low,원문 또는 후보 파일은 있으나 필드값을 확정하지 못했다. 공란으로 유지하되 다음 OCR/수동 판독 때 보강한다.,"원문 이미지 확대 판독, 키워드 스니펫 재추출, 후속 공개항목",Y,data/urban/text/gwangjin-gu/files/24-B0000378-16413-1-24-B0000378-16413-gwangjin-gu-1-붙임2-주민의견제출서.txt; data/urban/text/gwangjin-gu/files/24-B0000378-16413-2-24-B0000378-16413-gwangjin-gu-2-붙임1-워커힐아파트-일대-도시관리계획수립-전략환경영향평가-항목-범위-등의-결정내용.txt; data/urban/text/gwangjin-gu/files/24-B0000378-16413-3-24-B0000378-16413-gwangjin-gu-3-공고문.txt; data/urban/text/gwangjin-gu/files/24-B0000378-16096-1-24-B0000378-16096-gwangjin-gu-1-공고문.txt; data/urban/text/gwangjin-gu/files/24-B0000378-16096-2-24-B0000378-16096-gwangjin-gu-2-공람의견서-서식.txt,공식 원문 또는 정보몽땅 공개항목에서 값을 보강하거나 미공개 사유를 기록,,,,project-notes/24-walkerhill1.md
24,구의/광진,광진구,워커힐아파트1단지 재건축정비사업 조합설립추진위원회,추진위원회승인,high,C,max_height_m,최고높이,,value_missing,P3,source_available_extract_later,low,원문 또는 후보 파일은 있으나 필드값을 확정하지 못했다. 공란으로 유지하되 다음 OCR/수동 판독 때 보강한다.,"원문 이미지 확대 판독, 키워드 스니펫 재추출, 후속 공개항목",Y,data/urban/text/gwangjin-gu/files/24-B0000378-16413-1-24-B0000378-16413-gwangjin-gu-1-붙임2-주민의견제출서.txt; data/urban/text/gwangjin-gu/files/24-B0000378-16413-2-24-B0000378-16413-gwangjin-gu-2-붙임1-워커힐아파트-일대-도시관리계획수립-전략환경영향평가-항목-범위-등의-결정내용.txt; data/urban/text/gwangjin-gu/files/24-B0000378-16413-3-24-B0000378-16413-gwangjin-gu-3-공고문.txt; data/urban/text/gwangjin-gu/files/24-B0000378-16096-1-24-B0000378-16096-gwangjin-gu-1-공고문.txt; data/urban/text/gwangjin-gu/files/24-B0000378-16096-2-24-B0000378-16096-gwangjin-gu-2-공람의견서-서식.txt,공식 원문 또는 정보몽땅 공개항목에서 값을 보강하거나 미공개 사유를 기록,,,,project-notes/24-walkerhill1.md
24,구의/광진,광진구,워커힐아파트1단지 재건축정비사업 조합설립추진위원회,추진위원회승인,high,C,total_households,총 세대수,,value_missing,P3,source_available_extract_later,low,원문 또는 후보 파일은 있으나 필드값을 확정하지 못했다. 공란으로 유지하되 다음 OCR/수동 판독 때 보강한다.,"원문 이미지 확대 판독, 키워드 스니펫 재추출, 후속 공개항목",Y,data/urban/text/gwangjin-gu/files/24-B0000378-16413-1-24-B0000378-16413-gwangjin-gu-1-붙임2-주민의견제출서.txt; data/urban/text/gwangjin-gu/files/24-B0000378-16413-2-24-B0000378-16413-gwangjin-gu-2-붙임1-워커힐아파트-일대-도시관리계획수립-전략환경영향평가-항목-범위-등의-결정내용.txt; data/urban/text/gwangjin-gu/files/24-B0000378-16413-3-24-B0000378-16413-gwangjin-gu-3-공고문.txt; data/urban/text/gwangjin-gu/files/24-B0000378-16096-1-24-B0000378-16096-gwangjin-gu-1-공고문.txt; data/urban/text/gwangjin-gu/files/24-B0000378-16096-2-24-B0000378-16096-gwangjin-gu-2-공람의견서-서식.txt,공식 원문 또는 정보몽땅 공개항목에서 값을 보강하거나 미공개 사유를 기록,,,,project-notes/24-walkerhill1.md
25,구의/광진,광진구,한양연립 일대 가로주택정비사업,사업시행인가,high,B,promotion_committee_approval_date,추진위원회 승인일,,value_missing,,source_available_extract_later,low,원문 또는 후보 파일은 있으나 필드값을 확정하지 못했다. 공란으로 유지하되 다음 OCR/수동 판독 때 보강한다.,"원문 이미지 확대 판독, 키워드 스니펫 재추출, 후속 공개항목",Y,data/urban/text/gwangjin-gu/html/25-B0000003-6186353.txt,공식 원문 또는 정보몽땅 공개항목에서 값을 보강하거나 미공개 사유를 기록,,,,project-notes/25-hanyanggaro.md
25,구의/광진,광진구,한양연립 일대 가로주택정비사업,사업시행인가,high,B,stage_consent_rate_pct,단계 공개 동의율,,value_missing,,source_available_extract_later,low,원문 또는 후보 파일은 있으나 필드값을 확정하지 못했다. 공란으로 유지하되 다음 OCR/수동 판독 때 보강한다.,"원문 이미지 확대 판독, 키워드 스니펫 재추출, 후속 공개항목",Y,data/urban/text/gwangjin-gu/html/25-B0000003-6186353.txt,공식 원문 또는 정보몽땅 공개항목에서 값을 보강하거나 미공개 사유를 기록,,,,project-notes/25-hanyanggaro.md
25,구의/광진,광진구,한양연립 일대 가로주택정비사업,사업시행인가,high,B,union_approval_date,조합설립인가일,,value_missing,,source_available_extract_later,low,원문 또는 후보 파일은 있으나 필드값을 확정하지 못했다. 공란으로 유지하되 다음 OCR/수동 판독 때 보강한다.,"원문 이미지 확대 판독, 키워드 스니펫 재추출, 후속 공개항목",Y,data/urban/text/gwangjin-gu/html/25-B0000003-6186353.txt,공식 원문 또는 정보몽땅 공개항목에서 값을 보강하거나 미공개 사유를 기록,,,,project-notes/25-hanyanggaro.md
27,구의/광진,광진구,광장극동아파트 재건축사업 (신속통합기획),정비구역지정,high,B,total_households,총 세대수,,value_missing,P3,source_available_extract_later,low,원문 또는 후보 파일은 있으나 필드값을 확정하지 못했다. 공란으로 유지하되 다음 OCR/수동 판독 때 보강한다.,"원문 이미지 확대 판독, 키워드 스니펫 재추출, 후속 공개항목",Y,data/urban/text/files/27-11215NTC202509240002-27-11215NTC202509240002-business-notice_file--정정-고시문-제2026-308호-_260604_오기정정.txt,공식 원문 또는 정보몽땅 공개항목에서 값을 보강하거나 미공개 사유를 기록,,,,project-notes/27-kukdong-reborn.md
28,구의/광진,광진구,자양번영로3나길 일대 가로주택정비사업,조합설립인가,high,D,promotion_committee_approval_date,추진위원회 승인일,,value_missing,,manual_source_escalation,medium,구조화 보조근거는 참고만 하고 본고시 원문·고시번호·담당부서 확인 전에는 확정값으로 쓰지 않는다.,"자치구/정보몽땅 담당 창구 확인, 신규 고시 게시",N,,공식 원문 또는 정보몽땅 공개항목에서 값을 보강하거나 미공개 사유를 기록,S2-0003,manual_escalation_required,정보공개청구 회신 도착 시 고시번호·고시일·원문 URL·첨부명을 intake에 기록하고 그때 decision을 재개,project-notes/28-jayang588-22.md
28,구의/광진,광진구,자양번영로3나길 일대 가로주택정비사업,조합설립인가,high,D,total_households,총 세대수,,value_missing,P3,manual_source_escalation,medium,구조화 보조근거는 참고만 하고 본고시 원문·고시번호·담당부서 확인 전에는 확정값으로 쓰지 않는다.,"자치구/정보몽땅 담당 창구 확인, 신규 고시 게시",N,,공식 원문 또는 정보몽땅 공개항목에서 값을 보강하거나 미공개 사유를 기록,S2-0003,manual_escalation_required,정보공개청구 회신 도착 시 고시번호·고시일·원문 URL·첨부명을 intake에 기록하고 그때 decision을 재개,project-notes/28-jayang588-22.md
29,구의/광진,광진구,자양1의4구역 가로주택정비사업,조합설립인가,high,C,building_coverage_ratio_pct,건폐율,,value_missing,P3,source_available_extract_later,low,원문 또는 후보 파일은 있으나 필드값을 확정하지 못했다. 공란으로 유지하되 다음 OCR/수동 판독 때 보강한다.,"원문 이미지 확대 판독, 키워드 스니펫 재추출, 후속 공개항목",Y,data/urban/text/gwangjin-gu/files/29-B0000003-6357990-1-29-B0000003-6357990-gwangjin-gu-1-직인날인-조합설립-변경-인가-공고문.txt; data/urban/text/gwangjin-gu/files/29-B0000003-6353195-1-29-B0000003-6353195-gwangjin-gu-1-공람공고문-안.txt; data/urban/text/gwangjin-gu/files/29-B0000003-6353195-2-29-B0000003-6353195-gwangjin-gu-2-공람의견서.txt,공식 원문 또는 정보몽땅 공개항목에서 값을 보강하거나 미공개 사유를 기록,,,,project-notes/29-jayang104.md
29,구의/광진,광진구,자양1의4구역 가로주택정비사업,조합설립인가,high,C,floor_area_ratio_pct,용적률,,value_missing,P3,source_available_extract_later,low,원문 또는 후보 파일은 있으나 필드값을 확정하지 못했다. 공란으로 유지하되 다음 OCR/수동 판독 때 보강한다.,"원문 이미지 확대 판독, 키워드 스니펫 재추출, 후속 공개항목",Y,data/urban/text/gwangjin-gu/files/29-B0000003-6357990-1-29-B0000003-6357990-gwangjin-gu-1-직인날인-조합설립-변경-인가-공고문.txt; data/urban/text/gwangjin-gu/files/29-B0000003-6353195-1-29-B0000003-6353195-gwangjin-gu-1-공람공고문-안.txt; data/urban/text/gwangjin-gu/files/29-B0000003-6353195-2-29-B0000003-6353195-gwangjin-gu-2-공람의견서.txt,공식 원문 또는 정보몽땅 공개항목에서 값을 보강하거나 미공개 사유를 기록,,,,project-notes/29-jayang104.md
29,구의/광진,광진구,자양1의4구역 가로주택정비사업,조합설립인가,high,C,floors,층수,,value_missing,P3,source_available_extract_later,low,원문 또는 후보 파일은 있으나 필드값을 확정하지 못했다. 공란으로 유지하되 다음 OCR/수동 판독 때 보강한다.,"원문 이미지 확대 판독, 키워드 스니펫 재추출, 후속 공개항목",Y,data/urban/text/gwangjin-gu/files/29-B0000003-6357990-1-29-B0000003-6357990-gwangjin-gu-1-직인날인-조합설립-변경-인가-공고문.txt; data/urban/text/gwangjin-gu/files/29-B0000003-6353195-1-29-B0000003-6353195-gwangjin-gu-1-공람공고문-안.txt; data/urban/text/gwangjin-gu/files/29-B0000003-6353195-2-29-B0000003-6353195-gwangjin-gu-2-공람의견서.txt,공식 원문 또는 정보몽땅 공개항목에서 값을 보강하거나 미공개 사유를 기록,,,,project-notes/29-jayang104.md
29,구의/광진,광진구,자양1의4구역 가로주택정비사업,조합설립인가,high,C,max_height_m,최고높이,,value_missing,P3,source_available_extract_later,low,원문 또는 후보 파일은 있으나 필드값을 확정하지 못했다. 공란으로 유지하되 다음 OCR/수동 판독 때 보강한다.,"원문 이미지 확대 판독, 키워드 스니펫 재추출, 후속 공개항목",Y,data/urban/text/gwangjin-gu/files/29-B0000003-6357990-1-29-B0000003-6357990-gwangjin-gu-1-직인날인-조합설립-변경-인가-공고문.txt; data/urban/text/gwangjin-gu/files/29-B0000003-6353195-1-29-B0000003-6353195-gwangjin-gu-1-공람공고문-안.txt; data/urban/text/gwangjin-gu/files/29-B0000003-6353195-2-29-B0000003-6353195-gwangjin-gu-2-공람의견서.txt,공식 원문 또는 정보몽땅 공개항목에서 값을 보강하거나 미공개 사유를 기록,,,,project-notes/29-jayang104.md
29,구의/광진,광진구,자양1의4구역 가로주택정비사업,조합설립인가,high,C,promotion_committee_approval_date,추진위원회 승인일,,value_missing,,source_available_extract_later,low,원문 또는 후보 파일은 있으나 필드값을 확정하지 못했다. 공란으로 유지하되 다음 OCR/수동 판독 때 보강한다.,"원문 이미지 확대 판독, 키워드 스니펫 재추출, 후속 공개항목",Y,data/urban/text/gwangjin-gu/files/29-B0000003-6357990-1-29-B0000003-6357990-gwangjin-gu-1-직인날인-조합설립-변경-인가-공고문.txt; data/urban/text/gwangjin-gu/files/29-B0000003-6353195-1-29-B0000003-6353195-gwangjin-gu-1-공람공고문-안.txt; data/urban/text/gwangjin-gu/files/29-B0000003-6353195-2-29-B0000003-6353195-gwangjin-gu-2-공람의견서.txt,공식 원문 또는 정보몽땅 공개항목에서 값을 보강하거나 미공개 사유를 기록,,,,project-notes/29-jayang104.md
29,구의/광진,광진구,자양1의4구역 가로주택정비사업,조합설립인가,high,C,total_households,총 세대수,,value_missing,P3,source_available_extract_later,low,원문 또는 후보 파일은 있으나 필드값을 확정하지 못했다. 공란으로 유지하되 다음 OCR/수동 판독 때 보강한다.,"원문 이미지 확대 판독, 키워드 스니펫 재추출, 후속 공개항목",Y,data/urban/text/gwangjin-gu/files/29-B0000003-6357990-1-29-B0000003-6357990-gwangjin-gu-1-직인날인-조합설립-변경-인가-공고문.txt; data/urban/text/gwangjin-gu/files/29-B0000003-6353195-1-29-B0000003-6353195-gwangjin-gu-1-공람공고문-안.txt; data/urban/text/gwangjin-gu/files/29-B0000003-6353195-2-29-B0000003-6353195-gwangjin-gu-2-공람의견서.txt,공식 원문 또는 정보몽땅 공개항목에서 값을 보강하거나 미공개 사유를 기록,,,,project-notes/29-jayang104.md
30,구의/광진,광진구,자양4동 A구역 주택재개발사업,정비구역지정,high,B,building_coverage_ratio_pct,건폐율,,value_missing,P3,source_available_extract_later,low,원문 또는 후보 파일은 있으나 필드값을 확정하지 못했다. 공란으로 유지하되 다음 OCR/수동 판독 때 보강한다.,"원문 이미지 확대 판독, 키워드 스니펫 재추출, 후속 공개항목",Y,data/urban/text/files/30-11215NTC202505200003-30-11215NTC202505200003-notice_file-서울특별시_제2025-356호_고시.txt,공식 원문 또는 정보몽땅 공개항목에서 값을 보강하거나 미공개 사유를 기록,,,,project-notes/30-jayangdong.md
30,구의/광진,광진구,자양4동 A구역 주택재개발사업,정비구역지정,high,B,floor_area_ratio_pct,용적률,,value_missing,P3,source_available_extract_later,low,원문 또는 후보 파일은 있으나 필드값을 확정하지 못했다. 공란으로 유지하되 다음 OCR/수동 판독 때 보강한다.,"원문 이미지 확대 판독, 키워드 스니펫 재추출, 후속 공개항목",Y,data/urban/text/files/30-11215NTC202505200003-30-11215NTC202505200003-notice_file-서울특별시_제2025-356호_고시.txt,공식 원문 또는 정보몽땅 공개항목에서 값을 보강하거나 미공개 사유를 기록,,,,project-notes/30-jayangdong.md
30,구의/광진,광진구,자양4동 A구역 주택재개발사업,정비구역지정,high,B,floors,층수,,value_missing,P3,source_available_extract_later,low,원문 또는 후보 파일은 있으나 필드값을 확정하지 못했다. 공란으로 유지하되 다음 OCR/수동 판독 때 보강한다.,"원문 이미지 확대 판독, 키워드 스니펫 재추출, 후속 공개항목",Y,data/urban/text/files/30-11215NTC202505200003-30-11215NTC202505200003-notice_file-서울특별시_제2025-356호_고시.txt,공식 원문 또는 정보몽땅 공개항목에서 값을 보강하거나 미공개 사유를 기록,,,,project-notes/30-jayangdong.md
30,구의/광진,광진구,자양4동 A구역 주택재개발사업,정비구역지정,high,B,max_height_m,최고높이,,value_missing,P3,source_available_extract_later,low,원문 또는 후보 파일은 있으나 필드값을 확정하지 못했다. 공란으로 유지하되 다음 OCR/수동 판독 때 보강한다.,"원문 이미지 확대 판독, 키워드 스니펫 재추출, 후속 공개항목",Y,data/urban/text/files/30-11215NTC202505200003-30-11215NTC202505200003-notice_file-서울특별시_제2025-356호_고시.txt,공식 원문 또는 정보몽땅 공개항목에서 값을 보강하거나 미공개 사유를 기록,,,,project-notes/30-jayangdong.md
30,구의/광진,광진구,자양4동 A구역 주택재개발사업,정비구역지정,high,B,total_households,총 세대수,,value_missing,P3,source_available_extract_later,low,원문 또는 후보 파일은 있으나 필드값을 확정하지 못했다. 공란으로 유지하되 다음 OCR/수동 판독 때 보강한다.,"원문 이미지 확대 판독, 키워드 스니펫 재추출, 후속 공개항목",Y,data/urban/text/files/30-11215NTC202505200003-30-11215NTC202505200003-notice_file-서울특별시_제2025-356호_고시.txt,공식 원문 또는 정보몽땅 공개항목에서 값을 보강하거나 미공개 사유를 기록,,,,project-notes/30-jayangdong.md
18,잠실/송파,송파구,송파미성아파트 재건축정비사업조합,조합설립인가,watch,B,promotion_committee_approval_date,추진위원회 승인일,,value_missing,,source_available_extract_later,low,원문 또는 후보 파일은 있으나 필드값을 확정하지 못했다. 공란으로 유지하되 다음 OCR/수동 판독 때 보강한다.,"원문 이미지 확대 판독, 키워드 스니펫 재추출, 후속 공개항목",Y,data/urban/text/files/18-11710NTC202104230008-18-11710NTC202104230008-notice_file-서울특별시_2021-146호_고시.txt,공식 원문 또는 정보몽땅 공개항목에서 값을 보강하거나 미공개 사유를 기록,,,,project-notes/18-songpams.md
18,잠실/송파,송파구,송파미성아파트 재건축정비사업조합,조합설립인가,watch,B,stage_consent_rate_pct,단계 공개 동의율,,value_missing,,source_available_extract_later,low,원문 또는 후보 파일은 있으나 필드값을 확정하지 못했다. 공란으로 유지하되 다음 OCR/수동 판독 때 보강한다.,"원문 이미지 확대 판독, 키워드 스니펫 재추출, 후속 공개항목",Y,data/urban/text/files/18-11710NTC202104230008-18-11710NTC202104230008-notice_file-서울특별시_2021-146호_고시.txt,공식 원문 또는 정보몽땅 공개항목에서 값을 보강하거나 미공개 사유를 기록,,,,project-notes/18-songpams.md
18,잠실/송파,송파구,송파미성아파트 재건축정비사업조합,조합설립인가,watch,B,union_approval_date,조합설립인가일,,value_missing,,source_available_extract_later,low,원문 또는 후보 파일은 있으나 필드값을 확정하지 못했다. 공란으로 유지하되 다음 OCR/수동 판독 때 보강한다.,"원문 이미지 확대 판독, 키워드 스니펫 재추출, 후속 공개항목",Y,data/urban/text/files/18-11710NTC202104230008-18-11710NTC202104230008-notice_file-서울특별시_2021-146호_고시.txt,공식 원문 또는 정보몽땅 공개항목에서 값을 보강하거나 미공개 사유를 기록,,,,project-notes/18-songpams.md
9,잠실/송파,송파구,잠실우성4차 주택재건축정비사업조합,관리처분인가,very_high,B,total_households,총 세대수,732,source_date_split_required,P0,source_basis_split,medium,단일 대표값으로 병합하지 않는다. 고시 시점·사업시행·관리처분·사업개요 값을 별도 기준으로 병기한다.,"같은 기준의 후속 원문 확보, 관리처분 별첨 확보",Y,analysis/management-stage-value-resolution.md; analysis/management-stage-fact-check.md; data/urban/text/files/09-11000NTC201707068193-09-11000NTC201707068193-notice_file-서울특별시2017-239.txt,"사업개요와 고시문 세대수 차이를 시점차로 두고 최신 인가 원문 확인 / 정보몽땅 공개항목의 별첨 원문, 최신 변경고시, 관리처분 인가 고시 원문",,,,project-notes/09-tw2w7iwv.md
21,잠실/송파,송파구,가락삼익맨숀아파트 재건축정비사업 조합,관리처분인가,very_high,B,floors,층수,지상:29/지하:4,source_date_split_required,P0,source_basis_split,medium,단일 대표값으로 병합하지 않는다. 고시 시점·사업시행·관리처분·사업개요 값을 별도 기준으로 병기한다.,"같은 기준의 후속 원문 확보, 관리처분 별첨 확보",Y,analysis/management-stage-value-resolution.md; analysis/management-stage-fact-check.md; data/urban/text/files/21-11710NTC202010230006-21-11710NTC202010230006-notice_file-송파구_2020-111호_고시.txt,"최고층 후보와 사업개요 층수를 별도 기록하고 최신 사업시행 원문 확인 / 정보몽땅 공개항목의 별첨 원문, 최신 변경고시, 관리처분 인가 고시 원문",,,,project-notes/21-grsamik.md
9,잠실/송파,송파구,잠실우성4차 주택재건축정비사업조합,관리처분인가,very_high,B,building_coverage_ratio_pct,건폐율,25,source_date_split_required,P1,source_basis_split,medium,단일 대표값으로 병합하지 않는다. 고시 시점·사업시행·관리처분·사업개요 값을 별도 기준으로 병기한다.,"같은 기준의 후속 원문 확보, 관리처분 별첨 확보",Y,analysis/management-stage-value-resolution.md; analysis/management-stage-fact-check.md; data/urban/text/files/09-11000NTC201707068193-09-11000NTC201707068193-notice_file-서울특별시2017-239.txt,"고시문 후보값과 사업개요 값 차이를 시점차로 유지 / 정보몽땅 공개항목의 별첨 원문, 최신 변경고시, 관리처분 인가 고시 원문",,,,project-notes/09-tw2w7iwv.md
9,잠실/송파,송파구,잠실우성4차 주택재건축정비사업조합,관리처분인가,very_high,B,district_area_sqm,정비구역 면적,"31,961.1",source_date_split_required,P1,source_basis_split,medium,단일 대표값으로 병합하지 않는다. 고시 시점·사업시행·관리처분·사업개요 값을 별도 기준으로 병기한다.,"같은 기준의 후속 원문 확보, 관리처분 별첨 확보",Y,analysis/management-stage-value-resolution.md; analysis/management-stage-fact-check.md; data/urban/text/files/09-11000NTC201707068193-09-11000NTC201707068193-notice_file-서울특별시2017-239.txt,"사업개요 현재값과 정비구역 지정 고시 값을 별도 열로 유지 / 정보몽땅 공개항목의 별첨 원문, 최신 변경고시, 관리처분 인가 고시 원문",,,,project-notes/09-tw2w7iwv.md
18,잠실/송파,송파구,송파미성아파트 재건축정비사업조합,조합설립인가,watch,B,building_coverage_ratio_pct,건폐율,19,source_definition_split_required,,source_basis_split,medium,단일 대표값으로 병합하지 않는다. 고시 시점·사업시행·관리처분·사업개요 값을 별도 기준으로 병기한다.,"같은 기준의 후속 원문 확보, 관리처분 별첨 확보",Y,analysis/songpa-notice-value-corroboration.md; data/urban/text/files/18-11710NTC202104230008-18-11710NTC202104230008-notice_file-서울특별시_2021-146호_고시.txt,정보몽땅 현재값 19%와 고시 기준 50% 이하를 덮어쓰지 않고 기준/계획/실시설계 단계 차이로 분리,,,,project-notes/18-songpams.md
14,강남,강남구,"개포주공6,7단지아파트 재건축정비사업조합",사업시행인가,very_high,A,floors,층수,지상:35/지하:4,partial_original_notice_confirmation,P0,context_only,low,상위계획·보조공고 문맥으로만 사용하고 직접 사업 수치 확정에는 사용하지 않는다.,직접 정비계획/사업시행/건축심의 원문 확보,Y,analysis/s5-gaepo6_7-core-value-resolution.md; analysis/gaepo6_7-s1-public-item-fact-check.md; data/urban/text/files/14-53675-14-gangnam-gu-53675-1-240426_개포주공67단지-정비계획-경미한변경-고시문-안.txt,"지상층은 최신 변경고시, 지하층은 정보몽땅 사업개요 보조값으로 병기한 대표값으로 유지",,,,project-notes/14-gaepo6_7.md
17,잠실/송파,송파구,송파한양2차아파트 재건축정비사업 조합,조합설립인가,high,B,floor_area_ratio_pct,용적률,230,partial_original_notice_confirmation,P1,context_only,low,상위계획·보조공고 문맥으로만 사용하고 직접 사업 수치 확정에는 사용하지 않는다.,직접 정비계획/사업시행/건축심의 원문 확보,Y,analysis/songpa-notice-value-corroboration.md; data/urban/text/files/17-11000NTC202506170006-17-11000NTC202506170006-business-notice_file-서울특별시_제2025-239호_고시.txt,floor_area_ratio_pct_official 230% 이하 확정,,,,project-notes/17-songpa2.md
1,잠실/송파,송파구,잠실5단지아파트 주택재건축정비사업조합,조합설립인가,very_high,A,building_coverage_ratio_pct,건폐율,22,structured_value_needs_manual_confirmation,P0,usable_with_source_caveat,medium,"정보몽땅/로컬 텍스트/스니펫이 현재값을 뒷받침하면 비교에는 사용할 수 있으나, 본고시 원문 URL 또는 직접 값 대조 상태를 함께 표시한다.","recordCode·noticeCode 연결, 본고시 원문 URL 보강",Y,data/urban/text/files/01-11710NTC202409230003-01-11710NTC202409230003-notice_file-서울특별시_제2024-432호_고시.txt,구조화 값의 원천과 기준일을 확인하고 사업별 메모에 확정/보류 상태를 기록,,,,project-notes/01-jamsil5apt.md
1,잠실/송파,송파구,잠실5단지아파트 주택재건축정비사업조합,조합설립인가,very_high,A,floors,층수,지상:70/지하:4,structured_value_needs_manual_confirmation,P0,usable_with_source_caveat,medium,"정보몽땅/로컬 텍스트/스니펫이 현재값을 뒷받침하면 비교에는 사용할 수 있으나, 본고시 원문 URL 또는 직접 값 대조 상태를 함께 표시한다.","recordCode·noticeCode 연결, 본고시 원문 URL 보강",Y,data/urban/text/files/01-11710NTC202409230003-01-11710NTC202409230003-notice_file-서울특별시_제2024-432호_고시.txt,구조화 값의 원천과 기준일을 확인하고 사업별 메모에 확정/보류 상태를 기록,,,,project-notes/01-jamsil5apt.md
1,잠실/송파,송파구,잠실5단지아파트 주택재건축정비사업조합,조합설립인가,very_high,A,max_height_m,최고높이,280,structured_value_needs_manual_confirmation,P0,usable_with_source_caveat,medium,"정보몽땅/로컬 텍스트/스니펫이 현재값을 뒷받침하면 비교에는 사용할 수 있으나, 본고시 원문 URL 또는 직접 값 대조 상태를 함께 표시한다.","recordCode·noticeCode 연결, 본고시 원문 URL 보강",Y,data/urban/text/files/01-11710NTC202409230003-01-11710NTC202409230003-notice_file-서울특별시_제2024-432호_고시.txt,구조화 값의 원천과 기준일을 확인하고 사업별 메모에 확정/보류 상태를 기록,,,,project-notes/01-jamsil5apt.md
2,강남,강남구,압구정아파트지구 특별계획구역② 재건축정비사업조합,조합설립인가,very_high,B,building_coverage_ratio_pct,건폐율,16,structured_value_needs_manual_confirmation,P0,usable_with_source_caveat,medium,"정보몽땅/로컬 텍스트/스니펫이 현재값을 뒷받침하면 비교에는 사용할 수 있으나, 본고시 원문 URL 또는 직접 값 대조 상태를 함께 표시한다.","recordCode·noticeCode 연결, 본고시 원문 URL 보강",Y,data/urban/text/files/02-11000NTC202504070006-02-11000NTC202504070006-notice_file-서울특별시_제2025-136호_고시.txt,구조화 값의 원천과 기준일을 확인하고 사업별 메모에 확정/보류 상태를 기록,,,,project-notes/02-apgujeong2.md
2,강남,강남구,압구정아파트지구 특별계획구역② 재건축정비사업조합,조합설립인가,very_high,B,floors,층수,지상:35/지하:3,structured_value_needs_manual_confirmation,P0,usable_with_source_caveat,medium,"정보몽땅/로컬 텍스트/스니펫이 현재값을 뒷받침하면 비교에는 사용할 수 있으나, 본고시 원문 URL 또는 직접 값 대조 상태를 함께 표시한다.","recordCode·noticeCode 연결, 본고시 원문 URL 보강",Y,data/urban/text/files/02-11000NTC202504070006-02-11000NTC202504070006-notice_file-서울특별시_제2025-136호_고시.txt,구조화 값의 원천과 기준일을 확인하고 사업별 메모에 확정/보류 상태를 기록,,,,project-notes/02-apgujeong2.md
2,강남,강남구,압구정아파트지구 특별계획구역② 재건축정비사업조합,조합설립인가,very_high,B,max_height_m,최고높이,110,structured_value_needs_manual_confirmation,P0,usable_with_source_caveat,medium,"정보몽땅/로컬 텍스트/스니펫이 현재값을 뒷받침하면 비교에는 사용할 수 있으나, 본고시 원문 URL 또는 직접 값 대조 상태를 함께 표시한다.","recordCode·noticeCode 연결, 본고시 원문 URL 보강",Y,data/urban/text/files/02-11000NTC202504070006-02-11000NTC202504070006-notice_file-서울특별시_제2025-136호_고시.txt,구조화 값의 원천과 기준일을 확인하고 사업별 메모에 확정/보류 상태를 기록,,,,project-notes/02-apgujeong2.md
3,잠실/송파,송파구,잠실우성아파트 재건축정비사업조합,조합설립인가,very_high,B,building_coverage_ratio_pct,건폐율,23,structured_value_needs_manual_confirmation,P0,usable_with_source_caveat,medium,"정보몽땅/로컬 텍스트/스니펫이 현재값을 뒷받침하면 비교에는 사용할 수 있으나, 본고시 원문 URL 또는 직접 값 대조 상태를 함께 표시한다.","recordCode·noticeCode 연결, 본고시 원문 URL 보강",Y,data/urban/text/files/03-11000NTC201512177681-03-11000NTC201512177681-notice_file-서울특별시2015-401.txt,구조화 값의 원천과 기준일을 확인하고 사업별 메모에 확정/보류 상태를 기록,,,,project-notes/03-q1qk5nf6.md
3,잠실/송파,송파구,잠실우성아파트 재건축정비사업조합,조합설립인가,very_high,B,floors,층수,지상:49/지하:4,structured_value_needs_manual_confirmation,P0,usable_with_source_caveat,medium,"정보몽땅/로컬 텍스트/스니펫이 현재값을 뒷받침하면 비교에는 사용할 수 있으나, 본고시 원문 URL 또는 직접 값 대조 상태를 함께 표시한다.","recordCode·noticeCode 연결, 본고시 원문 URL 보강",Y,data/urban/text/files/03-11000NTC201512177681-03-11000NTC201512177681-notice_file-서울특별시2015-401.txt,구조화 값의 원천과 기준일을 확인하고 사업별 메모에 확정/보류 상태를 기록,,,,project-notes/03-q1qk5nf6.md
3,잠실/송파,송파구,잠실우성아파트 재건축정비사업조합,조합설립인가,very_high,B,max_height_m,최고높이,105,structured_value_needs_manual_confirmation,P0,usable_with_source_caveat,medium,"정보몽땅/로컬 텍스트/스니펫이 현재값을 뒷받침하면 비교에는 사용할 수 있으나, 본고시 원문 URL 또는 직접 값 대조 상태를 함께 표시한다.","recordCode·noticeCode 연결, 본고시 원문 URL 보강",Y,data/urban/text/files/03-11000NTC201512177681-03-11000NTC201512177681-notice_file-서울특별시2015-401.txt,구조화 값의 원천과 기준일을 확인하고 사업별 메모에 확정/보류 상태를 기록,,,,project-notes/03-q1qk5nf6.md
4,강남,강남구,은마아파트 재건축정비사업조합,조합설립인가,very_high,A,building_coverage_ratio_pct,건폐율,18,structured_value_needs_manual_confirmation,P0,usable_with_source_caveat,medium,"정보몽땅/로컬 텍스트/스니펫이 현재값을 뒷받침하면 비교에는 사용할 수 있으나, 본고시 원문 URL 또는 직접 값 대조 상태를 함께 표시한다.","recordCode·noticeCode 연결, 본고시 원문 URL 보강",Y,data/urban/text/files/04-11680NTC202303030002-04-11680NTC202303030002-notice_file-서울특별시_2023-51호_고시.txt,구조화 값의 원천과 기준일을 확인하고 사업별 메모에 확정/보류 상태를 기록,,,,project-notes/04-the-eunma.md
4,강남,강남구,은마아파트 재건축정비사업조합,조합설립인가,very_high,A,floors,층수,지상:35/지하:3,structured_value_needs_manual_confirmation,P0,usable_with_source_caveat,medium,"정보몽땅/로컬 텍스트/스니펫이 현재값을 뒷받침하면 비교에는 사용할 수 있으나, 본고시 원문 URL 또는 직접 값 대조 상태를 함께 표시한다.","recordCode·noticeCode 연결, 본고시 원문 URL 보강",Y,data/urban/text/files/04-11680NTC202303030002-04-11680NTC202303030002-notice_file-서울특별시_2023-51호_고시.txt,구조화 값의 원천과 기준일을 확인하고 사업별 메모에 확정/보류 상태를 기록,,,,project-notes/04-the-eunma.md
4,강남,강남구,은마아파트 재건축정비사업조합,조합설립인가,very_high,A,max_height_m,최고높이,118.4,structured_value_needs_manual_confirmation,P0,usable_with_source_caveat,medium,"정보몽땅/로컬 텍스트/스니펫이 현재값을 뒷받침하면 비교에는 사용할 수 있으나, 본고시 원문 URL 또는 직접 값 대조 상태를 함께 표시한다.","recordCode·noticeCode 연결, 본고시 원문 URL 보강",Y,data/urban/text/files/04-11680NTC202303030002-04-11680NTC202303030002-notice_file-서울특별시_2023-51호_고시.txt,구조화 값의 원천과 기준일을 확인하고 사업별 메모에 확정/보류 상태를 기록,,,,project-notes/04-the-eunma.md
10,강남,강남구,압구정아파트지구 특별계획구역③ 재건축정비사업 조합,조합설립인가,very_high,B,building_coverage_ratio_pct,건폐율,50,structured_value_needs_manual_confirmation,P0,usable_with_source_caveat,medium,"정보몽땅/로컬 텍스트/스니펫이 현재값을 뒷받침하면 비교에는 사용할 수 있으나, 본고시 원문 URL 또는 직접 값 대조 상태를 함께 표시한다.","recordCode·noticeCode 연결, 본고시 원문 URL 보강",Y,data/cleanup/files/apgujeong3-official/summary-20260623.html,구조화 값의 원천과 기준일을 확인하고 사업별 메모에 확정/보류 상태를 기록,,,,project-notes/10-apgujeong3.md
10,강남,강남구,압구정아파트지구 특별계획구역③ 재건축정비사업 조합,조합설립인가,very_high,B,floors,층수,지상:65/지하:3,structured_value_needs_manual_confirmation,P0,usable_with_source_caveat,medium,"정보몽땅/로컬 텍스트/스니펫이 현재값을 뒷받침하면 비교에는 사용할 수 있으나, 본고시 원문 URL 또는 직접 값 대조 상태를 함께 표시한다.","recordCode·noticeCode 연결, 본고시 원문 URL 보강",Y,data/cleanup/files/apgujeong3-official/summary-20260623.html,구조화 값의 원천과 기준일을 확인하고 사업별 메모에 확정/보류 상태를 기록,,,,project-notes/10-apgujeong3.md
10,강남,강남구,압구정아파트지구 특별계획구역③ 재건축정비사업 조합,조합설립인가,very_high,B,max_height_m,최고높이,250,structured_value_needs_manual_confirmation,P0,usable_with_source_caveat,medium,"정보몽땅/로컬 텍스트/스니펫이 현재값을 뒷받침하면 비교에는 사용할 수 있으나, 본고시 원문 URL 또는 직접 값 대조 상태를 함께 표시한다.","recordCode·noticeCode 연결, 본고시 원문 URL 보강",Y,data/cleanup/files/apgujeong3-official/summary-20260623.html,구조화 값의 원천과 기준일을 확인하고 사업별 메모에 확정/보류 상태를 기록,,,,project-notes/10-apgujeong3.md
13,구의/광진,광진구,자양제7구역 주택재건축정비사업 조합,조합설립인가,very_high,A,building_coverage_ratio_pct,건폐율,22,structured_value_needs_manual_confirmation,P0,usable_with_source_caveat,medium,"정보몽땅/로컬 텍스트/스니펫이 현재값을 뒷받침하면 비교에는 사용할 수 있으나, 본고시 원문 URL 또는 직접 값 대조 상태를 함께 표시한다.","recordCode·noticeCode 연결, 본고시 원문 URL 보강",Y,data/urban/text/files/13-11000NTC201808300002-13-11000NTC201808300002-notice_file-서울특별시2018-268.txt,구조화 값의 원천과 기준일을 확인하고 사업별 메모에 확정/보류 상태를 기록,,,,project-notes/13-jayang7.md
13,구의/광진,광진구,자양제7구역 주택재건축정비사업 조합,조합설립인가,very_high,A,floors,층수,지상:25/지하:2,structured_value_needs_manual_confirmation,P0,usable_with_source_caveat,medium,"정보몽땅/로컬 텍스트/스니펫이 현재값을 뒷받침하면 비교에는 사용할 수 있으나, 본고시 원문 URL 또는 직접 값 대조 상태를 함께 표시한다.","recordCode·noticeCode 연결, 본고시 원문 URL 보강",Y,data/urban/text/files/13-11000NTC201808300002-13-11000NTC201808300002-notice_file-서울특별시2018-268.txt,구조화 값의 원천과 기준일을 확인하고 사업별 메모에 확정/보류 상태를 기록,,,,project-notes/13-jayang7.md
13,구의/광진,광진구,자양제7구역 주택재건축정비사업 조합,조합설립인가,very_high,A,max_height_m,최고높이,75,structured_value_needs_manual_confirmation,P0,usable_with_source_caveat,medium,"정보몽땅/로컬 텍스트/스니펫이 현재값을 뒷받침하면 비교에는 사용할 수 있으나, 본고시 원문 URL 또는 직접 값 대조 상태를 함께 표시한다.","recordCode·noticeCode 연결, 본고시 원문 URL 보강",Y,data/urban/text/files/13-11000NTC201808300002-13-11000NTC201808300002-notice_file-서울특별시2018-268.txt,구조화 값의 원천과 기준일을 확인하고 사업별 메모에 확정/보류 상태를 기록,,,,project-notes/13-jayang7.md
21,잠실/송파,송파구,가락삼익맨숀아파트 재건축정비사업 조합,관리처분인가,very_high,B,max_height_m,최고높이,125,structured_value_needs_manual_confirmation,P0,usable_with_source_caveat,medium,"정보몽땅/로컬 텍스트/스니펫이 현재값을 뒷받침하면 비교에는 사용할 수 있으나, 본고시 원문 URL 또는 직접 값 대조 상태를 함께 표시한다.","recordCode·noticeCode 연결, 본고시 원문 URL 보강",Y,data/urban/text/files/21-11710NTC202010230006-21-11710NTC202010230006-notice_file-송파구_2020-111호_고시.txt,구조화 값의 원천과 기준일을 확인하고 사업별 메모에 확정/보류 상태를 기록,,,,project-notes/21-grsamik.md
26,구의/광진,광진구,자양한양아파트 재건축정비사업,추진위원회승인,very_high,B,building_coverage_ratio_pct,건폐율,50,structured_value_needs_manual_confirmation,P0,usable_with_source_caveat,medium,"정보몽땅/로컬 텍스트/스니펫이 현재값을 뒷받침하면 비교에는 사용할 수 있으나, 본고시 원문 URL 또는 직접 값 대조 상태를 함께 표시한다.","recordCode·noticeCode 연결, 본고시 원문 URL 보강",Y,data/urban/text/files/26-11215NTC202406040002-26-11215NTC202406040002-notice_file-서울특별시_제2024-267호_고시.txt,구조화 값의 원천과 기준일을 확인하고 사업별 메모에 확정/보류 상태를 기록,,,,project-notes/26-jyhy2024.md
26,구의/광진,광진구,자양한양아파트 재건축정비사업,추진위원회승인,very_high,B,floors,층수,지상:40/지하:미확인,structured_value_needs_manual_confirmation,P0,usable_with_source_caveat,medium,"정보몽땅/로컬 텍스트/스니펫이 현재값을 뒷받침하면 비교에는 사용할 수 있으나, 본고시 원문 URL 또는 직접 값 대조 상태를 함께 표시한다.","recordCode·noticeCode 연결, 본고시 원문 URL 보강",Y,data/urban/text/files/26-11215NTC202406040002-26-11215NTC202406040002-notice_file-서울특별시_제2024-267호_고시.txt,구조화 값의 원천과 기준일을 확인하고 사업별 메모에 확정/보류 상태를 기록,,,,project-notes/26-jyhy2024.md
26,구의/광진,광진구,자양한양아파트 재건축정비사업,추진위원회승인,very_high,B,max_height_m,최고높이,121,structured_value_needs_manual_confirmation,P0,usable_with_source_caveat,medium,"정보몽땅/로컬 텍스트/스니펫이 현재값을 뒷받침하면 비교에는 사용할 수 있으나, 본고시 원문 URL 또는 직접 값 대조 상태를 함께 표시한다.","recordCode·noticeCode 연결, 본고시 원문 URL 보강",Y,data/urban/text/files/26-11215NTC202406040002-26-11215NTC202406040002-notice_file-서울특별시_제2024-267호_고시.txt,구조화 값의 원천과 기준일을 확인하고 사업별 메모에 확정/보류 상태를 기록,,,,project-notes/26-jyhy2024.md
5,잠실/송파,송파구,"장미1,2,3차아파트 주택재건축정비사업 조합",조합설립인가,very_high,B,district_area_sqm,정비구역 면적,"343,266.7",auxiliary_notice_context_only,P0,context_only,low,상위계획·보조공고 문맥으로만 사용하고 직접 사업 수치 확정에는 사용하지 않는다.,직접 정비계획/사업시행/건축심의 원문 확보,Y,analysis/songpa-notice-value-corroboration.md; data/urban/text/files/05-11000NTC202505290003-05-11000NTC202505290003-notice_file-서울특별시_제2025-278호_고시.txt,"정보몽땅 사업개요 343,266.7㎡를 보조값으로 유지하고 장미 사업별 정비계획/사업시행 원문을 별도 확보",S5-0049; S5-0050; S5-0051,defer; defer; defer,단계 변경 감시표에서 해당 사업장 단계가 바뀌면 다시 열기; 단계 변경 감시표에서 해당 사업장 단계가 바뀌면 다시 열기; 단계 변경 감시표에서 해당 사업장 단계가 바뀌면 다시 열기,project-notes/05-jmapt1.md
5,잠실/송파,송파구,"장미1,2,3차아파트 주택재건축정비사업 조합",조합설립인가,very_high,B,floor_area_ratio_pct,용적률,,auxiliary_notice_context_only,P0,context_only,low,상위계획·보조공고 문맥으로만 사용하고 직접 사업 수치 확정에는 사용하지 않는다.,직접 정비계획/사업시행/건축심의 원문 확보,Y,analysis/songpa-notice-value-corroboration.md; data/urban/text/files/05-11000NTC202505290003-05-11000NTC202505290003-notice_file-서울특별시_제2025-278호_고시.txt,상위 계획 기준으로만 기록하고 사업별 용적률 공식값은 공란 유지,S5-0049; S5-0050; S5-0051,defer; defer; defer,단계 변경 감시표에서 해당 사업장 단계가 바뀌면 다시 열기; 단계 변경 감시표에서 해당 사업장 단계가 바뀌면 다시 열기; 단계 변경 감시표에서 해당 사업장 단계가 바뀌면 다시 열기,project-notes/05-jmapt1.md
5,잠실/송파,송파구,"장미1,2,3차아파트 주택재건축정비사업 조합",조합설립인가,very_high,B,notice_no,고시번호,2025-278,auxiliary_notice_context_only,P0,context_only,low,상위계획·보조공고 문맥으로만 사용하고 직접 사업 수치 확정에는 사용하지 않는다.,직접 정비계획/사업시행/건축심의 원문 확보,Y,analysis/songpa-notice-value-corroboration.md; data/urban/text/files/05-11000NTC202505290003-05-11000NTC202505290003-notice_file-서울특별시_제2025-278호_고시.txt,"원문 연결은 유지하되 장미1,2,3차 사업별 정비계획 고시로 승격하지 않음",S5-0049; S5-0050; S5-0051,defer; defer; defer,단계 변경 감시표에서 해당 사업장 단계가 바뀌면 다시 열기; 단계 변경 감시표에서 해당 사업장 단계가 바뀌면 다시 열기; 단계 변경 감시표에서 해당 사업장 단계가 바뀌면 다시 열기,project-notes/05-jmapt1.md
18,잠실/송파,송파구,송파미성아파트 재건축정비사업조합,조합설립인가,watch,B,floors,층수,지상:32/지하:3,partial_original_notice_confirmation,,context_only,low,상위계획·보조공고 문맥으로만 사용하고 직접 사업 수치 확정에는 사용하지 않는다.,직접 정비계획/사업시행/건축심의 원문 확보,Y,analysis/songpa-notice-value-corroboration.md; data/urban/text/files/18-11710NTC202104230008-18-11710NTC202104230008-notice_file-서울특별시_2021-146호_고시.txt,"지상 32층과 최고높이는 확정 후보로 기록하고, 지하 3층은 정보몽땅/건축심의 자료에서 별도 확인",,,,project-notes/18-songpams.md
9,잠실/송파,송파구,잠실우성4차 주택재건축정비사업조합,관리처분인가,very_high,B,max_height_m,최고높이,100,structured_value_needs_manual_confirmation,P1,usable_with_source_caveat,low,"정보몽땅/로컬 텍스트/스니펫이 현재값을 뒷받침하면 비교에는 사용할 수 있으나, 본고시 원문 URL 또는 직접 값 대조 상태를 함께 표시한다.","recordCode·noticeCode 연결, 본고시 원문 URL 보강",Y,data/urban/text/files/09-11000NTC201707068193-09-11000NTC201707068193-notice_file-서울특별시2017-239.txt,구조화 값의 원천과 기준일을 확인하고 사업별 메모에 확정/보류 상태를 기록,,,,project-notes/09-tw2w7iwv.md
1,잠실/송파,송파구,잠실5단지아파트 주택재건축정비사업조합,조합설립인가,very_high,A,notice_date,고시일,2024-09-05,structured_value_needs_manual_confirmation,,usable_with_source_caveat,low,"정보몽땅/로컬 텍스트/스니펫이 현재값을 뒷받침하면 비교에는 사용할 수 있으나, 본고시 원문 URL 또는 직접 값 대조 상태를 함께 표시한다.","recordCode·noticeCode 연결, 본고시 원문 URL 보강",Y,data/urban/text/files/01-11710NTC202409230003-01-11710NTC202409230003-notice_file-서울특별시_제2024-432호_고시.txt,구조화 값의 원천과 기준일을 확인하고 사업별 메모에 확정/보류 상태를 기록,,,,project-notes/01-jamsil5apt.md
1,잠실/송파,송파구,잠실5단지아파트 주택재건축정비사업조합,조합설립인가,very_high,A,notice_no,고시번호,2024-432,structured_value_needs_manual_confirmation,,usable_with_source_caveat,low,"정보몽땅/로컬 텍스트/스니펫이 현재값을 뒷받침하면 비교에는 사용할 수 있으나, 본고시 원문 URL 또는 직접 값 대조 상태를 함께 표시한다.","recordCode·noticeCode 연결, 본고시 원문 URL 보강",Y,data/urban/text/files/01-11710NTC202409230003-01-11710NTC202409230003-notice_file-서울특별시_제2024-432호_고시.txt,구조화 값의 원천과 기준일을 확인하고 사업별 메모에 확정/보류 상태를 기록,,,,project-notes/01-jamsil5apt.md
2,강남,강남구,압구정아파트지구 특별계획구역② 재건축정비사업조합,조합설립인가,very_high,B,notice_date,고시일,2025-03-13,structured_value_needs_manual_confirmation,,usable_with_source_caveat,low,"정보몽땅/로컬 텍스트/스니펫이 현재값을 뒷받침하면 비교에는 사용할 수 있으나, 본고시 원문 URL 또는 직접 값 대조 상태를 함께 표시한다.","recordCode·noticeCode 연결, 본고시 원문 URL 보강",Y,data/urban/text/files/02-11000NTC202504070006-02-11000NTC202504070006-notice_file-서울특별시_제2025-136호_고시.txt,구조화 값의 원천과 기준일을 확인하고 사업별 메모에 확정/보류 상태를 기록,,,,project-notes/02-apgujeong2.md
2,강남,강남구,압구정아파트지구 특별계획구역② 재건축정비사업조합,조합설립인가,very_high,B,notice_no,고시번호,2025-136,structured_value_needs_manual_confirmation,,usable_with_source_caveat,low,"정보몽땅/로컬 텍스트/스니펫이 현재값을 뒷받침하면 비교에는 사용할 수 있으나, 본고시 원문 URL 또는 직접 값 대조 상태를 함께 표시한다.","recordCode·noticeCode 연결, 본고시 원문 URL 보강",Y,data/urban/text/files/02-11000NTC202504070006-02-11000NTC202504070006-notice_file-서울특별시_제2025-136호_고시.txt,구조화 값의 원천과 기준일을 확인하고 사업별 메모에 확정/보류 상태를 기록,,,,project-notes/02-apgujeong2.md
3,잠실/송파,송파구,잠실우성아파트 재건축정비사업조합,조합설립인가,very_high,B,notice_date,고시일,2015-12-17,structured_value_needs_manual_confirmation,,usable_with_source_caveat,low,"정보몽땅/로컬 텍스트/스니펫이 현재값을 뒷받침하면 비교에는 사용할 수 있으나, 본고시 원문 URL 또는 직접 값 대조 상태를 함께 표시한다.","recordCode·noticeCode 연결, 본고시 원문 URL 보강",Y,data/urban/text/files/03-11000NTC201512177681-03-11000NTC201512177681-notice_file-서울특별시2015-401.txt,구조화 값의 원천과 기준일을 확인하고 사업별 메모에 확정/보류 상태를 기록,,,,project-notes/03-q1qk5nf6.md
3,잠실/송파,송파구,잠실우성아파트 재건축정비사업조합,조합설립인가,very_high,B,notice_no,고시번호,2015-401,structured_value_needs_manual_confirmation,,usable_with_source_caveat,low,"정보몽땅/로컬 텍스트/스니펫이 현재값을 뒷받침하면 비교에는 사용할 수 있으나, 본고시 원문 URL 또는 직접 값 대조 상태를 함께 표시한다.","recordCode·noticeCode 연결, 본고시 원문 URL 보강",Y,data/urban/text/files/03-11000NTC201512177681-03-11000NTC201512177681-notice_file-서울특별시2015-401.txt,구조화 값의 원천과 기준일을 확인하고 사업별 메모에 확정/보류 상태를 기록,,,,project-notes/03-q1qk5nf6.md
4,강남,강남구,은마아파트 재건축정비사업조합,조합설립인가,very_high,A,notice_date,고시일,2023-02-16,structured_value_needs_manual_confirmation,,usable_with_source_caveat,low,"정보몽땅/로컬 텍스트/스니펫이 현재값을 뒷받침하면 비교에는 사용할 수 있으나, 본고시 원문 URL 또는 직접 값 대조 상태를 함께 표시한다.","recordCode·noticeCode 연결, 본고시 원문 URL 보강",Y,data/urban/text/files/04-11680NTC202303030002-04-11680NTC202303030002-notice_file-서울특별시_2023-51호_고시.txt,구조화 값의 원천과 기준일을 확인하고 사업별 메모에 확정/보류 상태를 기록,,,,project-notes/04-the-eunma.md
4,강남,강남구,은마아파트 재건축정비사업조합,조합설립인가,very_high,A,notice_no,고시번호,2023-51,structured_value_needs_manual_confirmation,,usable_with_source_caveat,low,"정보몽땅/로컬 텍스트/스니펫이 현재값을 뒷받침하면 비교에는 사용할 수 있으나, 본고시 원문 URL 또는 직접 값 대조 상태를 함께 표시한다.","recordCode·noticeCode 연결, 본고시 원문 URL 보강",Y,data/urban/text/files/04-11680NTC202303030002-04-11680NTC202303030002-notice_file-서울특별시_2023-51호_고시.txt,구조화 값의 원천과 기준일을 확인하고 사업별 메모에 확정/보류 상태를 기록,,,,project-notes/04-the-eunma.md
6,강남,강남구,대치우성1차아파트 재건축정비사업조합,사업시행인가,high,A,building_coverage_ratio_pct,건폐율,50,structured_value_needs_manual_confirmation,P1,usable_with_source_caveat,low,"정보몽땅/로컬 텍스트/스니펫이 현재값을 뒷받침하면 비교에는 사용할 수 있으나, 본고시 원문 URL 또는 직접 값 대조 상태를 함께 표시한다.","recordCode·noticeCode 연결, 본고시 원문 URL 보강",Y,data/urban/text/files/06-11000NTC201812171410-06-11000NTC201812171410-notice_file-서울시고시-제2018-399호.txt,구조화 값의 원천과 기준일을 확인하고 사업별 메모에 확정/보류 상태를 기록,,,,project-notes/06-woosung1.md
6,강남,강남구,대치우성1차아파트 재건축정비사업조합,사업시행인가,high,A,floors,층수,지상:35/지하:4,structured_value_needs_manual_confirmation,P1,usable_with_source_caveat,low,"정보몽땅/로컬 텍스트/스니펫이 현재값을 뒷받침하면 비교에는 사용할 수 있으나, 본고시 원문 URL 또는 직접 값 대조 상태를 함께 표시한다.","recordCode·noticeCode 연결, 본고시 원문 URL 보강",Y,data/urban/text/files/06-11000NTC201812171410-06-11000NTC201812171410-notice_file-서울시고시-제2018-399호.txt,구조화 값의 원천과 기준일을 확인하고 사업별 메모에 확정/보류 상태를 기록,,,,project-notes/06-woosung1.md
6,강남,강남구,대치우성1차아파트 재건축정비사업조합,사업시행인가,high,A,max_height_m,최고높이,109,structured_value_needs_manual_confirmation,P1,usable_with_source_caveat,low,"정보몽땅/로컬 텍스트/스니펫이 현재값을 뒷받침하면 비교에는 사용할 수 있으나, 본고시 원문 URL 또는 직접 값 대조 상태를 함께 표시한다.","recordCode·noticeCode 연결, 본고시 원문 URL 보강",Y,data/urban/text/files/06-11000NTC201812171410-06-11000NTC201812171410-notice_file-서울시고시-제2018-399호.txt,구조화 값의 원천과 기준일을 확인하고 사업별 메모에 확정/보류 상태를 기록,,,,project-notes/06-woosung1.md
8,강남,강남구,대치쌍용1차아파트 주택재건축정비사업조합,사업시행인가,high,B,building_coverage_ratio_pct,건폐율,17,structured_value_needs_manual_confirmation,P1,usable_with_source_caveat,low,"정보몽땅/로컬 텍스트/스니펫이 현재값을 뒷받침하면 비교에는 사용할 수 있으나, 본고시 원문 URL 또는 직접 값 대조 상태를 함께 표시한다.","recordCode·noticeCode 연결, 본고시 원문 URL 보강",Y,data/urban/text/files/08-11680NTC202112010001-08-11680NTC202112010001-business-notice_file-강남구_2021-203호_고시.txt,구조화 값의 원천과 기준일을 확인하고 사업별 메모에 확정/보류 상태를 기록,,,,project-notes/08-ssang1.md
8,강남,강남구,대치쌍용1차아파트 주택재건축정비사업조합,사업시행인가,high,B,floors,층수,지상:35/지하:3,structured_value_needs_manual_confirmation,P1,usable_with_source_caveat,low,"정보몽땅/로컬 텍스트/스니펫이 현재값을 뒷받침하면 비교에는 사용할 수 있으나, 본고시 원문 URL 또는 직접 값 대조 상태를 함께 표시한다.","recordCode·noticeCode 연결, 본고시 원문 URL 보강",Y,data/urban/text/files/08-11680NTC202112010001-08-11680NTC202112010001-business-notice_file-강남구_2021-203호_고시.txt,구조화 값의 원천과 기준일을 확인하고 사업별 메모에 확정/보류 상태를 기록,,,,project-notes/08-ssang1.md
8,강남,강남구,대치쌍용1차아파트 주택재건축정비사업조합,사업시행인가,high,B,max_height_m,최고높이,110,structured_value_needs_manual_confirmation,P1,usable_with_source_caveat,low,"정보몽땅/로컬 텍스트/스니펫이 현재값을 뒷받침하면 비교에는 사용할 수 있으나, 본고시 원문 URL 또는 직접 값 대조 상태를 함께 표시한다.","recordCode·noticeCode 연결, 본고시 원문 URL 보강",Y,data/urban/text/files/08-11680NTC202112010001-08-11680NTC202112010001-business-notice_file-강남구_2021-203호_고시.txt,구조화 값의 원천과 기준일을 확인하고 사업별 메모에 확정/보류 상태를 기록,,,,project-notes/08-ssang1.md
9,잠실/송파,송파구,잠실우성4차 주택재건축정비사업조합,관리처분인가,very_high,B,notice_date,고시일,2017-07-06,structured_value_needs_manual_confirmation,,usable_with_source_caveat,low,"정보몽땅/로컬 텍스트/스니펫이 현재값을 뒷받침하면 비교에는 사용할 수 있으나, 본고시 원문 URL 또는 직접 값 대조 상태를 함께 표시한다.","recordCode·noticeCode 연결, 본고시 원문 URL 보강",Y,data/urban/text/files/09-11000NTC201707068193-09-11000NTC201707068193-notice_file-서울특별시2017-239.txt,구조화 값의 원천과 기준일을 확인하고 사업별 메모에 확정/보류 상태를 기록,,,,project-notes/09-tw2w7iwv.md
9,잠실/송파,송파구,잠실우성4차 주택재건축정비사업조합,관리처분인가,very_high,B,notice_no,고시번호,2017-239,structured_value_needs_manual_confirmation,,usable_with_source_caveat,low,"정보몽땅/로컬 텍스트/스니펫이 현재값을 뒷받침하면 비교에는 사용할 수 있으나, 본고시 원문 URL 또는 직접 값 대조 상태를 함께 표시한다.","recordCode·noticeCode 연결, 본고시 원문 URL 보강",Y,data/urban/text/files/09-11000NTC201707068193-09-11000NTC201707068193-notice_file-서울특별시2017-239.txt,구조화 값의 원천과 기준일을 확인하고 사업별 메모에 확정/보류 상태를 기록,,,,project-notes/09-tw2w7iwv.md
10,강남,강남구,압구정아파트지구 특별계획구역③ 재건축정비사업 조합,조합설립인가,very_high,B,notice_date,고시일,2026-06-23,structured_value_needs_manual_confirmation,,usable_with_source_caveat,low,"정보몽땅/로컬 텍스트/스니펫이 현재값을 뒷받침하면 비교에는 사용할 수 있으나, 본고시 원문 URL 또는 직접 값 대조 상태를 함께 표시한다.","recordCode·noticeCode 연결, 본고시 원문 URL 보강",Y,data/cleanup/files/apgujeong3-official/summary-20260623.html,구조화 값의 원천과 기준일을 확인하고 사업별 메모에 확정/보류 상태를 기록,,,,project-notes/10-apgujeong3.md
10,강남,강남구,압구정아파트지구 특별계획구역③ 재건축정비사업 조합,조합설립인가,very_high,B,notice_no,고시번호,정보몽땅 사업개요,structured_value_needs_manual_confirmation,,usable_with_source_caveat,low,"정보몽땅/로컬 텍스트/스니펫이 현재값을 뒷받침하면 비교에는 사용할 수 있으나, 본고시 원문 URL 또는 직접 값 대조 상태를 함께 표시한다.","recordCode·noticeCode 연결, 본고시 원문 URL 보강",Y,data/cleanup/files/apgujeong3-official/summary-20260623.html,구조화 값의 원천과 기준일을 확인하고 사업별 메모에 확정/보류 상태를 기록,,,,project-notes/10-apgujeong3.md
11,강남,강남구,압구정아파트지구 특별계획구역4,조합설립인가,high,B,building_coverage_ratio_pct,건폐율,50,structured_value_needs_manual_confirmation,P1,usable_with_source_caveat,low,"정보몽땅/로컬 텍스트/스니펫이 현재값을 뒷받침하면 비교에는 사용할 수 있으나, 본고시 원문 URL 또는 직접 값 대조 상태를 함께 표시한다.","recordCode·noticeCode 연결, 본고시 원문 URL 보강",Y,data/urban/text/files/11-11000NTC202312010004-11-11000NTC202312010004-notice_file-서울특별시_제2023-516호_고시.txt,구조화 값의 원천과 기준일을 확인하고 사업별 메모에 확정/보류 상태를 기록,,,,project-notes/11-apgujeong4.md
11,강남,강남구,압구정아파트지구 특별계획구역4,조합설립인가,high,B,floor_area_ratio_pct,용적률,300,structured_value_needs_manual_confirmation,P1,usable_with_source_caveat,low,"정보몽땅/로컬 텍스트/스니펫이 현재값을 뒷받침하면 비교에는 사용할 수 있으나, 본고시 원문 URL 또는 직접 값 대조 상태를 함께 표시한다.","recordCode·noticeCode 연결, 본고시 원문 URL 보강",Y,data/urban/text/files/11-11000NTC202312010004-11-11000NTC202312010004-notice_file-서울특별시_제2023-516호_고시.txt,구조화 값의 원천과 기준일을 확인하고 사업별 메모에 확정/보류 상태를 기록,,,,project-notes/11-apgujeong4.md
11,강남,강남구,압구정아파트지구 특별계획구역4,조합설립인가,high,B,floors,층수,지상:69/지하:3,structured_value_needs_manual_confirmation,P1,usable_with_source_caveat,low,"정보몽땅/로컬 텍스트/스니펫이 현재값을 뒷받침하면 비교에는 사용할 수 있으나, 본고시 원문 URL 또는 직접 값 대조 상태를 함께 표시한다.","recordCode·noticeCode 연결, 본고시 원문 URL 보강",Y,data/urban/text/files/11-11000NTC202312010004-11-11000NTC202312010004-notice_file-서울특별시_제2023-516호_고시.txt,구조화 값의 원천과 기준일을 확인하고 사업별 메모에 확정/보류 상태를 기록,,,,project-notes/11-apgujeong4.md
11,강남,강남구,압구정아파트지구 특별계획구역4,조합설립인가,high,B,max_height_m,최고높이,250,structured_value_needs_manual_confirmation,P1,usable_with_source_caveat,low,"정보몽땅/로컬 텍스트/스니펫이 현재값을 뒷받침하면 비교에는 사용할 수 있으나, 본고시 원문 URL 또는 직접 값 대조 상태를 함께 표시한다.","recordCode·noticeCode 연결, 본고시 원문 URL 보강",Y,data/urban/text/files/11-11000NTC202312010004-11-11000NTC202312010004-notice_file-서울특별시_제2023-516호_고시.txt,구조화 값의 원천과 기준일을 확인하고 사업별 메모에 확정/보류 상태를 기록,,,,project-notes/11-apgujeong4.md
13,구의/광진,광진구,자양제7구역 주택재건축정비사업 조합,조합설립인가,very_high,A,notice_date,고시일,2018-08-30,structured_value_needs_manual_confirmation,,usable_with_source_caveat,low,"정보몽땅/로컬 텍스트/스니펫이 현재값을 뒷받침하면 비교에는 사용할 수 있으나, 본고시 원문 URL 또는 직접 값 대조 상태를 함께 표시한다.","recordCode·noticeCode 연결, 본고시 원문 URL 보강",Y,data/urban/text/files/13-11000NTC201808300002-13-11000NTC201808300002-notice_file-서울특별시2018-268.txt,구조화 값의 원천과 기준일을 확인하고 사업별 메모에 확정/보류 상태를 기록,,,,project-notes/13-jayang7.md
13,구의/광진,광진구,자양제7구역 주택재건축정비사업 조합,조합설립인가,very_high,A,notice_no,고시번호,2018-268,structured_value_needs_manual_confirmation,,usable_with_source_caveat,low,"정보몽땅/로컬 텍스트/스니펫이 현재값을 뒷받침하면 비교에는 사용할 수 있으나, 본고시 원문 URL 또는 직접 값 대조 상태를 함께 표시한다.","recordCode·noticeCode 연결, 본고시 원문 URL 보강",Y,data/urban/text/files/13-11000NTC201808300002-13-11000NTC201808300002-notice_file-서울특별시2018-268.txt,구조화 값의 원천과 기준일을 확인하고 사업별 메모에 확정/보류 상태를 기록,,,,project-notes/13-jayang7.md
16,잠실/송파,송파구,가락1차현대아파트 재건축정비사업 조합,사업시행인가,very_high,B,notice_date,고시일,2021-04-29,structured_value_needs_manual_confirmation,,usable_with_source_caveat,low,"정보몽땅/로컬 텍스트/스니펫이 현재값을 뒷받침하면 비교에는 사용할 수 있으나, 본고시 원문 URL 또는 직접 값 대조 상태를 함께 표시한다.","recordCode·noticeCode 연결, 본고시 원문 URL 보강",Y,data/urban/text/files/16-11000NTC202105100001-16-11000NTC202105100001-notice_file-송파구_2021-88호_고시.txt,구조화 값의 원천과 기준일을 확인하고 사업별 메모에 확정/보류 상태를 기록,,,,project-notes/16-hyundai.md
16,잠실/송파,송파구,가락1차현대아파트 재건축정비사업 조합,사업시행인가,very_high,B,notice_no,고시번호,2021-88,structured_value_needs_manual_confirmation,,usable_with_source_caveat,low,"정보몽땅/로컬 텍스트/스니펫이 현재값을 뒷받침하면 비교에는 사용할 수 있으나, 본고시 원문 URL 또는 직접 값 대조 상태를 함께 표시한다.","recordCode·noticeCode 연결, 본고시 원문 URL 보강",Y,data/urban/text/files/16-11000NTC202105100001-16-11000NTC202105100001-notice_file-송파구_2021-88호_고시.txt,구조화 값의 원천과 기준일을 확인하고 사업별 메모에 확정/보류 상태를 기록,,,,project-notes/16-hyundai.md
20,잠실/송파,송파구,마천1재정비촉진구역 주택재개발정비사업조합,조합설립인가,very_high,B,notice_date,고시일,2026-05-28,structured_value_needs_manual_confirmation,,usable_with_source_caveat,low,"정보몽땅/로컬 텍스트/스니펫이 현재값을 뒷받침하면 비교에는 사용할 수 있으나, 본고시 원문 URL 또는 직접 값 대조 상태를 함께 표시한다.","recordCode·noticeCode 연결, 본고시 원문 URL 보강",Y,data/urban/text/files/20-11000NTC202606080004-20-11000NTC202606080004-notice_file-서울특별시_제2026-298호_고시문.txt,구조화 값의 원천과 기준일을 확인하고 사업별 메모에 확정/보류 상태를 기록,,,,project-notes/20-macheon-1.md
20,잠실/송파,송파구,마천1재정비촉진구역 주택재개발정비사업조합,조합설립인가,very_high,B,notice_no,고시번호,2026-298,structured_value_needs_manual_confirmation,,usable_with_source_caveat,low,"정보몽땅/로컬 텍스트/스니펫이 현재값을 뒷받침하면 비교에는 사용할 수 있으나, 본고시 원문 URL 또는 직접 값 대조 상태를 함께 표시한다.","recordCode·noticeCode 연결, 본고시 원문 URL 보강",Y,data/urban/text/files/20-11000NTC202606080004-20-11000NTC202606080004-notice_file-서울특별시_제2026-298호_고시문.txt,구조화 값의 원천과 기준일을 확인하고 사업별 메모에 확정/보류 상태를 기록,,,,project-notes/20-macheon-1.md
21,잠실/송파,송파구,가락삼익맨숀아파트 재건축정비사업 조합,관리처분인가,very_high,B,notice_date,고시일,2020-10-08,structured_value_needs_manual_confirmation,,usable_with_source_caveat,low,"정보몽땅/로컬 텍스트/스니펫이 현재값을 뒷받침하면 비교에는 사용할 수 있으나, 본고시 원문 URL 또는 직접 값 대조 상태를 함께 표시한다.","recordCode·noticeCode 연결, 본고시 원문 URL 보강",Y,data/urban/text/files/21-11710NTC202010230006-21-11710NTC202010230006-notice_file-송파구_2020-111호_고시.txt,구조화 값의 원천과 기준일을 확인하고 사업별 메모에 확정/보류 상태를 기록,,,,project-notes/21-grsamik.md
21,잠실/송파,송파구,가락삼익맨숀아파트 재건축정비사업 조합,관리처분인가,very_high,B,notice_no,고시번호,2020-111,structured_value_needs_manual_confirmation,,usable_with_source_caveat,low,"정보몽땅/로컬 텍스트/스니펫이 현재값을 뒷받침하면 비교에는 사용할 수 있으나, 본고시 원문 URL 또는 직접 값 대조 상태를 함께 표시한다.","recordCode·noticeCode 연결, 본고시 원문 URL 보강",Y,data/urban/text/files/21-11710NTC202010230006-21-11710NTC202010230006-notice_file-송파구_2020-111호_고시.txt,구조화 값의 원천과 기준일을 확인하고 사업별 메모에 확정/보류 상태를 기록,,,,project-notes/21-grsamik.md
22,구의/광진,광진구,중곡아파트 주택재건축정비사업조합,조합설립인가,high,B,building_coverage_ratio_pct,건폐율,32,structured_value_needs_manual_confirmation,P1,usable_with_source_caveat,low,"정보몽땅/로컬 텍스트/스니펫이 현재값을 뒷받침하면 비교에는 사용할 수 있으나, 본고시 원문 URL 또는 직접 값 대조 상태를 함께 표시한다.","recordCode·noticeCode 연결, 본고시 원문 URL 보강",Y,data/urban/text/files/22-11000NTC201411137333-22-11000NTC201411137333-notice_file-서울특별시2014-382.txt,구조화 값의 원천과 기준일을 확인하고 사업별 메모에 확정/보류 상태를 기록,,,,project-notes/22-junggokapt.md
22,구의/광진,광진구,중곡아파트 주택재건축정비사업조합,조합설립인가,high,B,floors,층수,지상:15/지하:3,structured_value_needs_manual_confirmation,P1,usable_with_source_caveat,low,"정보몽땅/로컬 텍스트/스니펫이 현재값을 뒷받침하면 비교에는 사용할 수 있으나, 본고시 원문 URL 또는 직접 값 대조 상태를 함께 표시한다.","recordCode·noticeCode 연결, 본고시 원문 URL 보강",Y,data/urban/text/files/22-11000NTC201411137333-22-11000NTC201411137333-notice_file-서울특별시2014-382.txt,구조화 값의 원천과 기준일을 확인하고 사업별 메모에 확정/보류 상태를 기록,,,,project-notes/22-junggokapt.md
22,구의/광진,광진구,중곡아파트 주택재건축정비사업조합,조합설립인가,high,B,max_height_m,최고높이,50,structured_value_needs_manual_confirmation,P1,usable_with_source_caveat,low,"정보몽땅/로컬 텍스트/스니펫이 현재값을 뒷받침하면 비교에는 사용할 수 있으나, 본고시 원문 URL 또는 직접 값 대조 상태를 함께 표시한다.","recordCode·noticeCode 연결, 본고시 원문 URL 보강",Y,data/urban/text/files/22-11000NTC201411137333-22-11000NTC201411137333-notice_file-서울특별시2014-382.txt,구조화 값의 원천과 기준일을 확인하고 사업별 메모에 확정/보류 상태를 기록,,,,project-notes/22-junggokapt.md
26,구의/광진,광진구,자양한양아파트 재건축정비사업,추진위원회승인,very_high,B,notice_date,고시일,2024-05-30,structured_value_needs_manual_confirmation,,usable_with_source_caveat,low,"정보몽땅/로컬 텍스트/스니펫이 현재값을 뒷받침하면 비교에는 사용할 수 있으나, 본고시 원문 URL 또는 직접 값 대조 상태를 함께 표시한다.","recordCode·noticeCode 연결, 본고시 원문 URL 보강",Y,data/urban/text/files/26-11215NTC202406040002-26-11215NTC202406040002-notice_file-서울특별시_제2024-267호_고시.txt,구조화 값의 원천과 기준일을 확인하고 사업별 메모에 확정/보류 상태를 기록,,,,project-notes/26-jyhy2024.md
26,구의/광진,광진구,자양한양아파트 재건축정비사업,추진위원회승인,very_high,B,notice_no,고시번호,2024-267,structured_value_needs_manual_confirmation,,usable_with_source_caveat,low,"정보몽땅/로컬 텍스트/스니펫이 현재값을 뒷받침하면 비교에는 사용할 수 있으나, 본고시 원문 URL 또는 직접 값 대조 상태를 함께 표시한다.","recordCode·noticeCode 연결, 본고시 원문 URL 보강",Y,data/urban/text/files/26-11215NTC202406040002-26-11215NTC202406040002-notice_file-서울특별시_제2024-267호_고시.txt,구조화 값의 원천과 기준일을 확인하고 사업별 메모에 확정/보류 상태를 기록,,,,project-notes/26-jyhy2024.md
17,잠실/송파,송파구,송파한양2차아파트 재건축정비사업 조합,조합설립인가,high,B,district_area_sqm,정비구역 면적,"62,370.3",auxiliary_notice_context_only,P1,context_only,low,상위계획·보조공고 문맥으로만 사용하고 직접 사업 수치 확정에는 사용하지 않는다.,직접 정비계획/사업시행/건축심의 원문 확보,Y,analysis/songpa-notice-value-corroboration.md; data/urban/text/files/17-11000NTC202506170006-17-11000NTC202506170006-business-notice_file-서울특별시_제2025-239호_고시.txt,송파한양2차 정비구역 면적은 별도 정비계획/조합설립인가 원문에서 다시 연결,,,,project-notes/17-songpa2.md
6,강남,강남구,대치우성1차아파트 재건축정비사업조합,사업시행인가,high,A,notice_date,고시일,2018-12-06,structured_value_needs_manual_confirmation,,usable_with_source_caveat,low,"정보몽땅/로컬 텍스트/스니펫이 현재값을 뒷받침하면 비교에는 사용할 수 있으나, 본고시 원문 URL 또는 직접 값 대조 상태를 함께 표시한다.","recordCode·noticeCode 연결, 본고시 원문 URL 보강",Y,data/urban/text/files/06-11000NTC201812171410-06-11000NTC201812171410-notice_file-서울시고시-제2018-399호.txt,구조화 값의 원천과 기준일을 확인하고 사업별 메모에 확정/보류 상태를 기록,,,,project-notes/06-woosung1.md
6,강남,강남구,대치우성1차아파트 재건축정비사업조합,사업시행인가,high,A,notice_no,고시번호,2018-399,structured_value_needs_manual_confirmation,,usable_with_source_caveat,low,"정보몽땅/로컬 텍스트/스니펫이 현재값을 뒷받침하면 비교에는 사용할 수 있으나, 본고시 원문 URL 또는 직접 값 대조 상태를 함께 표시한다.","recordCode·noticeCode 연결, 본고시 원문 URL 보강",Y,data/urban/text/files/06-11000NTC201812171410-06-11000NTC201812171410-notice_file-서울시고시-제2018-399호.txt,구조화 값의 원천과 기준일을 확인하고 사업별 메모에 확정/보류 상태를 기록,,,,project-notes/06-woosung1.md
7,강남,강남구,대치쌍용2차아파트 주택재건축정비사업조합,사업시행인가,high,B,notice_date,고시일,2017-07-13,structured_value_needs_manual_confirmation,,usable_with_source_caveat,low,"정보몽땅/로컬 텍스트/스니펫이 현재값을 뒷받침하면 비교에는 사용할 수 있으나, 본고시 원문 URL 또는 직접 값 대조 상태를 함께 표시한다.","recordCode·noticeCode 연결, 본고시 원문 URL 보강",Y,data/urban/text/files/07-11000NTC201707138200-07-11000NTC201707138200-notice_file-강남구2017-99.txt,구조화 값의 원천과 기준일을 확인하고 사업별 메모에 확정/보류 상태를 기록,,,,project-notes/07-ssang2.md
7,강남,강남구,대치쌍용2차아파트 주택재건축정비사업조합,사업시행인가,high,B,notice_no,고시번호,2017-99,structured_value_needs_manual_confirmation,,usable_with_source_caveat,low,"정보몽땅/로컬 텍스트/스니펫이 현재값을 뒷받침하면 비교에는 사용할 수 있으나, 본고시 원문 URL 또는 직접 값 대조 상태를 함께 표시한다.","recordCode·noticeCode 연결, 본고시 원문 URL 보강",Y,data/urban/text/files/07-11000NTC201707138200-07-11000NTC201707138200-notice_file-강남구2017-99.txt,구조화 값의 원천과 기준일을 확인하고 사업별 메모에 확정/보류 상태를 기록,,,,project-notes/07-ssang2.md
8,강남,강남구,대치쌍용1차아파트 주택재건축정비사업조합,사업시행인가,high,B,notice_date,고시일,2025-11-20,structured_value_needs_manual_confirmation,,usable_with_source_caveat,low,"정보몽땅/로컬 텍스트/스니펫이 현재값을 뒷받침하면 비교에는 사용할 수 있으나, 본고시 원문 URL 또는 직접 값 대조 상태를 함께 표시한다.","recordCode·noticeCode 연결, 본고시 원문 URL 보강",Y,data/urban/text/files/08-11680NTC202112010001-08-11680NTC202112010001-business-notice_file-강남구_2021-203호_고시.txt,구조화 값의 원천과 기준일을 확인하고 사업별 메모에 확정/보류 상태를 기록,,,,project-notes/08-ssang1.md
8,강남,강남구,대치쌍용1차아파트 주택재건축정비사업조합,사업시행인가,high,B,notice_no,고시번호,2025-644,structured_value_needs_manual_confirmation,,usable_with_source_caveat,low,"정보몽땅/로컬 텍스트/스니펫이 현재값을 뒷받침하면 비교에는 사용할 수 있으나, 본고시 원문 URL 또는 직접 값 대조 상태를 함께 표시한다.","recordCode·noticeCode 연결, 본고시 원문 URL 보강",Y,data/urban/text/files/08-11680NTC202112010001-08-11680NTC202112010001-business-notice_file-강남구_2021-203호_고시.txt,구조화 값의 원천과 기준일을 확인하고 사업별 메모에 확정/보류 상태를 기록,,,,project-notes/08-ssang1.md
11,강남,강남구,압구정아파트지구 특별계획구역4,조합설립인가,high,B,notice_date,고시일,2023-11-23,structured_value_needs_manual_confirmation,,usable_with_source_caveat,low,"정보몽땅/로컬 텍스트/스니펫이 현재값을 뒷받침하면 비교에는 사용할 수 있으나, 본고시 원문 URL 또는 직접 값 대조 상태를 함께 표시한다.","recordCode·noticeCode 연결, 본고시 원문 URL 보강",Y,data/urban/text/files/11-11000NTC202312010004-11-11000NTC202312010004-notice_file-서울특별시_제2023-516호_고시.txt,구조화 값의 원천과 기준일을 확인하고 사업별 메모에 확정/보류 상태를 기록,,,,project-notes/11-apgujeong4.md
11,강남,강남구,압구정아파트지구 특별계획구역4,조합설립인가,high,B,notice_no,고시번호,2023-516,structured_value_needs_manual_confirmation,,usable_with_source_caveat,low,"정보몽땅/로컬 텍스트/스니펫이 현재값을 뒷받침하면 비교에는 사용할 수 있으나, 본고시 원문 URL 또는 직접 값 대조 상태를 함께 표시한다.","recordCode·noticeCode 연결, 본고시 원문 URL 보강",Y,data/urban/text/files/11-11000NTC202312010004-11-11000NTC202312010004-notice_file-서울특별시_제2023-516호_고시.txt,구조화 값의 원천과 기준일을 확인하고 사업별 메모에 확정/보류 상태를 기록,,,,project-notes/11-apgujeong4.md
12,강남,강남구,압구정아파트지구 특별계획구역5 재건축정비사업조합,조합설립인가,high,B,notice_date,고시일,2023-11-23,structured_value_needs_manual_confirmation,,usable_with_source_caveat,low,"정보몽땅/로컬 텍스트/스니펫이 현재값을 뒷받침하면 비교에는 사용할 수 있으나, 본고시 원문 URL 또는 직접 값 대조 상태를 함께 표시한다.","recordCode·noticeCode 연결, 본고시 원문 URL 보강",Y,data/urban/text/files/12-11000NTC202312010004-12-11000NTC202312010004-notice_file-서울특별시_제2023-516호_고시.txt,구조화 값의 원천과 기준일을 확인하고 사업별 메모에 확정/보류 상태를 기록,,,,project-notes/12-apgujeong5.md
12,강남,강남구,압구정아파트지구 특별계획구역5 재건축정비사업조합,조합설립인가,high,B,notice_no,고시번호,2023-516,structured_value_needs_manual_confirmation,,usable_with_source_caveat,low,"정보몽땅/로컬 텍스트/스니펫이 현재값을 뒷받침하면 비교에는 사용할 수 있으나, 본고시 원문 URL 또는 직접 값 대조 상태를 함께 표시한다.","recordCode·noticeCode 연결, 본고시 원문 URL 보강",Y,data/urban/text/files/12-11000NTC202312010004-12-11000NTC202312010004-notice_file-서울특별시_제2023-516호_고시.txt,구조화 값의 원천과 기준일을 확인하고 사업별 메모에 확정/보류 상태를 기록,,,,project-notes/12-apgujeong5.md
17,잠실/송파,송파구,송파한양2차아파트 재건축정비사업 조합,조합설립인가,high,B,notice_date,고시일,2025-05-01,structured_value_needs_manual_confirmation,,usable_with_source_caveat,low,"정보몽땅/로컬 텍스트/스니펫이 현재값을 뒷받침하면 비교에는 사용할 수 있으나, 본고시 원문 URL 또는 직접 값 대조 상태를 함께 표시한다.","recordCode·noticeCode 연결, 본고시 원문 URL 보강",Y,data/urban/text/files/17-11000NTC202506170006-17-11000NTC202506170006-business-notice_file-서울특별시_제2025-239호_고시.txt,구조화 값의 원천과 기준일을 확인하고 사업별 메모에 확정/보류 상태를 기록,,,,project-notes/17-songpa2.md
19,잠실/송파,송파구,대림가락아파트 재건축정비사업조합,조합설립인가,high,B,notice_date,고시일,2021-10-07,structured_value_needs_manual_confirmation,,usable_with_source_caveat,low,"정보몽땅/로컬 텍스트/스니펫이 현재값을 뒷받침하면 비교에는 사용할 수 있으나, 본고시 원문 URL 또는 직접 값 대조 상태를 함께 표시한다.","recordCode·noticeCode 연결, 본고시 원문 URL 보강",Y,data/urban/text/files/19-11000NTC202111260001-19-11000NTC202111260001-notice_file-서울특별시_2021-551호_고시.txt,구조화 값의 원천과 기준일을 확인하고 사업별 메모에 확정/보류 상태를 기록,,,,project-notes/19-daelim.md
19,잠실/송파,송파구,대림가락아파트 재건축정비사업조합,조합설립인가,high,B,notice_no,고시번호,2021-551,structured_value_needs_manual_confirmation,,usable_with_source_caveat,low,"정보몽땅/로컬 텍스트/스니펫이 현재값을 뒷받침하면 비교에는 사용할 수 있으나, 본고시 원문 URL 또는 직접 값 대조 상태를 함께 표시한다.","recordCode·noticeCode 연결, 본고시 원문 URL 보강",Y,data/urban/text/files/19-11000NTC202111260001-19-11000NTC202111260001-notice_file-서울특별시_2021-551호_고시.txt,구조화 값의 원천과 기준일을 확인하고 사업별 메모에 확정/보류 상태를 기록,,,,project-notes/19-daelim.md
22,구의/광진,광진구,중곡아파트 주택재건축정비사업조합,조합설립인가,high,B,notice_date,고시일,2014-11-13,structured_value_needs_manual_confirmation,,usable_with_source_caveat,low,"정보몽땅/로컬 텍스트/스니펫이 현재값을 뒷받침하면 비교에는 사용할 수 있으나, 본고시 원문 URL 또는 직접 값 대조 상태를 함께 표시한다.","recordCode·noticeCode 연결, 본고시 원문 URL 보강",Y,data/urban/text/files/22-11000NTC201411137333-22-11000NTC201411137333-notice_file-서울특별시2014-382.txt,구조화 값의 원천과 기준일을 확인하고 사업별 메모에 확정/보류 상태를 기록,,,,project-notes/22-junggokapt.md
22,구의/광진,광진구,중곡아파트 주택재건축정비사업조합,조합설립인가,high,B,notice_no,고시번호,2014-382,structured_value_needs_manual_confirmation,,usable_with_source_caveat,low,"정보몽땅/로컬 텍스트/스니펫이 현재값을 뒷받침하면 비교에는 사용할 수 있으나, 본고시 원문 URL 또는 직접 값 대조 상태를 함께 표시한다.","recordCode·noticeCode 연결, 본고시 원문 URL 보강",Y,data/urban/text/files/22-11000NTC201411137333-22-11000NTC201411137333-notice_file-서울특별시2014-382.txt,구조화 값의 원천과 기준일을 확인하고 사업별 메모에 확정/보류 상태를 기록,,,,project-notes/22-junggokapt.md
28,구의/광진,광진구,자양번영로3나길 일대 가로주택정비사업,조합설립인가,high,D,stage_consent_rate_pct,단계 공개 동의율,86.6,structured_value_needs_manual_confirmation,,manual_source_escalation,medium,구조화 보조근거는 참고만 하고 본고시 원문·고시번호·담당부서 확인 전에는 확정값으로 쓰지 않는다.,"자치구/정보몽땅 담당 창구 확인, 신규 고시 게시",N,,구조화 값의 원천과 기준일을 확인하고 사업별 메모에 확정/보류 상태를 기록,S2-0003,manual_escalation_required,정보공개청구 회신 도착 시 고시번호·고시일·원문 URL·첨부명을 intake에 기록하고 그때 decision을 재개,project-notes/28-jayang588-22.md
28,구의/광진,광진구,자양번영로3나길 일대 가로주택정비사업,조합설립인가,high,D,union_approval_date,조합설립인가일,2023-11-15,structured_value_needs_manual_confirmation,,manual_source_escalation,medium,구조화 보조근거는 참고만 하고 본고시 원문·고시번호·담당부서 확인 전에는 확정값으로 쓰지 않는다.,"자치구/정보몽땅 담당 창구 확인, 신규 고시 게시",N,,구조화 값의 원천과 기준일을 확인하고 사업별 메모에 확정/보류 상태를 기록,S2-0003,manual_escalation_required,정보공개청구 회신 도착 시 고시번호·고시일·원문 URL·첨부명을 intake에 기록하고 그때 decision을 재개,project-notes/28-jayang588-22.md
30,구의/광진,광진구,자양4동 A구역 주택재개발사업,정비구역지정,high,B,notice_date,고시일,2025-07-03,structured_value_needs_manual_confirmation,,usable_with_source_caveat,low,"정보몽땅/로컬 텍스트/스니펫이 현재값을 뒷받침하면 비교에는 사용할 수 있으나, 본고시 원문 URL 또는 직접 값 대조 상태를 함께 표시한다.","recordCode·noticeCode 연결, 본고시 원문 URL 보강",Y,data/urban/text/files/30-11215NTC202505200003-30-11215NTC202505200003-notice_file-서울특별시_제2025-356호_고시.txt,구조화 값의 원천과 기준일을 확인하고 사업별 메모에 확정/보류 상태를 기록,,,,project-notes/30-jayangdong.md
30,구의/광진,광진구,자양4동 A구역 주택재개발사업,정비구역지정,high,B,notice_no,고시번호,2025-356,structured_value_needs_manual_confirmation,,usable_with_source_caveat,low,"정보몽땅/로컬 텍스트/스니펫이 현재값을 뒷받침하면 비교에는 사용할 수 있으나, 본고시 원문 URL 또는 직접 값 대조 상태를 함께 표시한다.","recordCode·noticeCode 연결, 본고시 원문 URL 보강",Y,data/urban/text/files/30-11215NTC202505200003-30-11215NTC202505200003-notice_file-서울특별시_제2025-356호_고시.txt,구조화 값의 원천과 기준일을 확인하고 사업별 메모에 확정/보류 상태를 기록,,,,project-notes/30-jayangdong.md
1,잠실/송파,송파구,잠실5단지아파트 주택재건축정비사업조합,조합설립인가,very_high,A,district_area_sqm,정비구역 면적,"358,077",snippet_candidate_needs_manual_confirmation,P1,usable_with_source_caveat,low,"정보몽땅/로컬 텍스트/스니펫이 현재값을 뒷받침하면 비교에는 사용할 수 있으나, 본고시 원문 URL 또는 직접 값 대조 상태를 함께 표시한다.","recordCode·noticeCode 연결, 본고시 원문 URL 보강",Y,data/urban/text/files/01-11710NTC202409230003-01-11710NTC202409230003-notice_file-서울특별시_제2024-432호_고시.txt,자동 추출 스니펫 주변 문맥을 읽고 확정 수치 여부를 표시,,,,project-notes/01-jamsil5apt.md
1,잠실/송파,송파구,잠실5단지아파트 주택재건축정비사업조합,조합설립인가,very_high,A,floor_area_ratio_pct,용적률,323,snippet_candidate_needs_manual_confirmation,P1,usable_with_source_caveat,low,"정보몽땅/로컬 텍스트/스니펫이 현재값을 뒷받침하면 비교에는 사용할 수 있으나, 본고시 원문 URL 또는 직접 값 대조 상태를 함께 표시한다.","recordCode·noticeCode 연결, 본고시 원문 URL 보강",Y,data/urban/text/files/01-11710NTC202409230003-01-11710NTC202409230003-notice_file-서울특별시_제2024-432호_고시.txt,자동 추출 스니펫 주변 문맥을 읽고 확정 수치 여부를 표시,,,,project-notes/01-jamsil5apt.md
1,잠실/송파,송파구,잠실5단지아파트 주택재건축정비사업조합,조합설립인가,very_high,A,total_households,총 세대수,"6,491",snippet_candidate_needs_manual_confirmation,P1,usable_with_source_caveat,low,"정보몽땅/로컬 텍스트/스니펫이 현재값을 뒷받침하면 비교에는 사용할 수 있으나, 본고시 원문 URL 또는 직접 값 대조 상태를 함께 표시한다.","recordCode·noticeCode 연결, 본고시 원문 URL 보강",Y,data/urban/text/files/01-11710NTC202409230003-01-11710NTC202409230003-notice_file-서울특별시_제2024-432호_고시.txt,자동 추출 스니펫 주변 문맥을 읽고 확정 수치 여부를 표시,,,,project-notes/01-jamsil5apt.md
2,강남,강남구,압구정아파트지구 특별계획구역② 재건축정비사업조합,조합설립인가,very_high,B,district_area_sqm,정비구역 면적,"172,588.2",snippet_candidate_needs_manual_confirmation,P1,usable_with_source_caveat,low,"정보몽땅/로컬 텍스트/스니펫이 현재값을 뒷받침하면 비교에는 사용할 수 있으나, 본고시 원문 URL 또는 직접 값 대조 상태를 함께 표시한다.","recordCode·noticeCode 연결, 본고시 원문 URL 보강",Y,data/urban/text/files/02-11000NTC202504070006-02-11000NTC202504070006-notice_file-서울특별시_제2025-136호_고시.txt,자동 추출 스니펫 주변 문맥을 읽고 확정 수치 여부를 표시,,,,project-notes/02-apgujeong2.md
2,강남,강남구,압구정아파트지구 특별계획구역② 재건축정비사업조합,조합설립인가,very_high,B,floor_area_ratio_pct,용적률,230,snippet_candidate_needs_manual_confirmation,P1,usable_with_source_caveat,low,"정보몽땅/로컬 텍스트/스니펫이 현재값을 뒷받침하면 비교에는 사용할 수 있으나, 본고시 원문 URL 또는 직접 값 대조 상태를 함께 표시한다.","recordCode·noticeCode 연결, 본고시 원문 URL 보강",Y,data/urban/text/files/02-11000NTC202504070006-02-11000NTC202504070006-notice_file-서울특별시_제2025-136호_고시.txt,자동 추출 스니펫 주변 문맥을 읽고 확정 수치 여부를 표시,,,,project-notes/02-apgujeong2.md
2,강남,강남구,압구정아파트지구 특별계획구역② 재건축정비사업조합,조합설립인가,very_high,B,total_households,총 세대수,"2,571",snippet_candidate_needs_manual_confirmation,P1,usable_with_source_caveat,low,"정보몽땅/로컬 텍스트/스니펫이 현재값을 뒷받침하면 비교에는 사용할 수 있으나, 본고시 원문 URL 또는 직접 값 대조 상태를 함께 표시한다.","recordCode·noticeCode 연결, 본고시 원문 URL 보강",Y,data/urban/text/files/02-11000NTC202504070006-02-11000NTC202504070006-notice_file-서울특별시_제2025-136호_고시.txt,자동 추출 스니펫 주변 문맥을 읽고 확정 수치 여부를 표시,,,,project-notes/02-apgujeong2.md
3,잠실/송파,송파구,잠실우성아파트 재건축정비사업조합,조합설립인가,very_high,B,district_area_sqm,정비구역 면적,"120,354.2",snippet_candidate_needs_manual_confirmation,P1,usable_with_source_caveat,low,"정보몽땅/로컬 텍스트/스니펫이 현재값을 뒷받침하면 비교에는 사용할 수 있으나, 본고시 원문 URL 또는 직접 값 대조 상태를 함께 표시한다.","recordCode·noticeCode 연결, 본고시 원문 URL 보강",Y,data/urban/text/files/03-11000NTC201512177681-03-11000NTC201512177681-notice_file-서울특별시2015-401.txt,자동 추출 스니펫 주변 문맥을 읽고 확정 수치 여부를 표시,,,,project-notes/03-q1qk5nf6.md
3,잠실/송파,송파구,잠실우성아파트 재건축정비사업조합,조합설립인가,very_high,B,floor_area_ratio_pct,용적률,300,snippet_candidate_needs_manual_confirmation,P1,usable_with_source_caveat,low,"정보몽땅/로컬 텍스트/스니펫이 현재값을 뒷받침하면 비교에는 사용할 수 있으나, 본고시 원문 URL 또는 직접 값 대조 상태를 함께 표시한다.","recordCode·noticeCode 연결, 본고시 원문 URL 보강",Y,data/urban/text/files/03-11000NTC201512177681-03-11000NTC201512177681-notice_file-서울특별시2015-401.txt,자동 추출 스니펫 주변 문맥을 읽고 확정 수치 여부를 표시,,,,project-notes/03-q1qk5nf6.md
4,강남,강남구,은마아파트 재건축정비사업조합,조합설립인가,very_high,A,district_area_sqm,정비구역 면적,"243,552.6",snippet_candidate_needs_manual_confirmation,P1,usable_with_source_caveat,low,"정보몽땅/로컬 텍스트/스니펫이 현재값을 뒷받침하면 비교에는 사용할 수 있으나, 본고시 원문 URL 또는 직접 값 대조 상태를 함께 표시한다.","recordCode·noticeCode 연결, 본고시 원문 URL 보강",Y,data/urban/text/files/04-11680NTC202303030002-04-11680NTC202303030002-notice_file-서울특별시_2023-51호_고시.txt,자동 추출 스니펫 주변 문맥을 읽고 확정 수치 여부를 표시,,,,project-notes/04-the-eunma.md
4,강남,강남구,은마아파트 재건축정비사업조합,조합설립인가,very_high,A,floor_area_ratio_pct,용적률,300,snippet_candidate_needs_manual_confirmation,P1,usable_with_source_caveat,low,"정보몽땅/로컬 텍스트/스니펫이 현재값을 뒷받침하면 비교에는 사용할 수 있으나, 본고시 원문 URL 또는 직접 값 대조 상태를 함께 표시한다.","recordCode·noticeCode 연결, 본고시 원문 URL 보강",Y,data/urban/text/files/04-11680NTC202303030002-04-11680NTC202303030002-notice_file-서울특별시_2023-51호_고시.txt,자동 추출 스니펫 주변 문맥을 읽고 확정 수치 여부를 표시,,,,project-notes/04-the-eunma.md
4,강남,강남구,은마아파트 재건축정비사업조합,조합설립인가,very_high,A,total_households,총 세대수,"5,778",snippet_candidate_needs_manual_confirmation,P1,usable_with_source_caveat,low,"정보몽땅/로컬 텍스트/스니펫이 현재값을 뒷받침하면 비교에는 사용할 수 있으나, 본고시 원문 URL 또는 직접 값 대조 상태를 함께 표시한다.","recordCode·noticeCode 연결, 본고시 원문 URL 보강",Y,data/urban/text/files/04-11680NTC202303030002-04-11680NTC202303030002-notice_file-서울특별시_2023-51호_고시.txt,자동 추출 스니펫 주변 문맥을 읽고 확정 수치 여부를 표시,,,,project-notes/04-the-eunma.md
10,강남,강남구,압구정아파트지구 특별계획구역③ 재건축정비사업 조합,조합설립인가,very_high,B,district_area_sqm,정비구역 면적,"400,633.2",snippet_candidate_needs_manual_confirmation,P1,usable_with_source_caveat,low,"정보몽땅/로컬 텍스트/스니펫이 현재값을 뒷받침하면 비교에는 사용할 수 있으나, 본고시 원문 URL 또는 직접 값 대조 상태를 함께 표시한다.","recordCode·noticeCode 연결, 본고시 원문 URL 보강",Y,data/cleanup/files/apgujeong3-official/summary-20260623.html,자동 추출 스니펫 주변 문맥을 읽고 확정 수치 여부를 표시,,,,project-notes/10-apgujeong3.md
10,강남,강남구,압구정아파트지구 특별계획구역③ 재건축정비사업 조합,조합설립인가,very_high,B,floor_area_ratio_pct,용적률,300,snippet_candidate_needs_manual_confirmation,P1,usable_with_source_caveat,low,"정보몽땅/로컬 텍스트/스니펫이 현재값을 뒷받침하면 비교에는 사용할 수 있으나, 본고시 원문 URL 또는 직접 값 대조 상태를 함께 표시한다.","recordCode·noticeCode 연결, 본고시 원문 URL 보강",Y,data/cleanup/files/apgujeong3-official/summary-20260623.html,자동 추출 스니펫 주변 문맥을 읽고 확정 수치 여부를 표시,,,,project-notes/10-apgujeong3.md
10,강남,강남구,압구정아파트지구 특별계획구역③ 재건축정비사업 조합,조합설립인가,very_high,B,total_households,총 세대수,"5,175",snippet_candidate_needs_manual_confirmation,P1,usable_with_source_caveat,low,"정보몽땅/로컬 텍스트/스니펫이 현재값을 뒷받침하면 비교에는 사용할 수 있으나, 본고시 원문 URL 또는 직접 값 대조 상태를 함께 표시한다.","recordCode·noticeCode 연결, 본고시 원문 URL 보강",Y,data/cleanup/files/apgujeong3-official/summary-20260623.html,자동 추출 스니펫 주변 문맥을 읽고 확정 수치 여부를 표시,,,,project-notes/10-apgujeong3.md
13,구의/광진,광진구,자양제7구역 주택재건축정비사업 조합,조합설립인가,very_high,A,district_area_sqm,정비구역 면적,"44,658.5",snippet_candidate_needs_manual_confirmation,P1,usable_with_source_caveat,low,"정보몽땅/로컬 텍스트/스니펫이 현재값을 뒷받침하면 비교에는 사용할 수 있으나, 본고시 원문 URL 또는 직접 값 대조 상태를 함께 표시한다.","recordCode·noticeCode 연결, 본고시 원문 URL 보강",Y,data/urban/text/files/13-11000NTC201808300002-13-11000NTC201808300002-notice_file-서울특별시2018-268.txt,자동 추출 스니펫 주변 문맥을 읽고 확정 수치 여부를 표시,,,,project-notes/13-jayang7.md
13,구의/광진,광진구,자양제7구역 주택재건축정비사업 조합,조합설립인가,very_high,A,floor_area_ratio_pct,용적률,247,snippet_candidate_needs_manual_confirmation,P1,usable_with_source_caveat,low,"정보몽땅/로컬 텍스트/스니펫이 현재값을 뒷받침하면 비교에는 사용할 수 있으나, 본고시 원문 URL 또는 직접 값 대조 상태를 함께 표시한다.","recordCode·noticeCode 연결, 본고시 원문 URL 보강",Y,data/urban/text/files/13-11000NTC201808300002-13-11000NTC201808300002-notice_file-서울특별시2018-268.txt,자동 추출 스니펫 주변 문맥을 읽고 확정 수치 여부를 표시,,,,project-notes/13-jayang7.md
13,구의/광진,광진구,자양제7구역 주택재건축정비사업 조합,조합설립인가,very_high,A,total_households,총 세대수,917,snippet_candidate_needs_manual_confirmation,P1,usable_with_source_caveat,low,"정보몽땅/로컬 텍스트/스니펫이 현재값을 뒷받침하면 비교에는 사용할 수 있으나, 본고시 원문 URL 또는 직접 값 대조 상태를 함께 표시한다.","recordCode·noticeCode 연결, 본고시 원문 URL 보강",Y,data/urban/text/files/13-11000NTC201808300002-13-11000NTC201808300002-notice_file-서울특별시2018-268.txt,자동 추출 스니펫 주변 문맥을 읽고 확정 수치 여부를 표시,,,,project-notes/13-jayang7.md
26,구의/광진,광진구,자양한양아파트 재건축정비사업,추진위원회승인,very_high,B,district_area_sqm,정비구역 면적,"40,179.2",snippet_candidate_needs_manual_confirmation,P1,usable_with_source_caveat,low,"정보몽땅/로컬 텍스트/스니펫이 현재값을 뒷받침하면 비교에는 사용할 수 있으나, 본고시 원문 URL 또는 직접 값 대조 상태를 함께 표시한다.","recordCode·noticeCode 연결, 본고시 원문 URL 보강",Y,data/urban/text/files/26-11215NTC202406040002-26-11215NTC202406040002-notice_file-서울특별시_제2024-267호_고시.txt,자동 추출 스니펫 주변 문맥을 읽고 확정 수치 여부를 표시,,,,project-notes/26-jyhy2024.md
26,구의/광진,광진구,자양한양아파트 재건축정비사업,추진위원회승인,very_high,B,floor_area_ratio_pct,용적률,293.77,snippet_candidate_needs_manual_confirmation,P1,usable_with_source_caveat,low,"정보몽땅/로컬 텍스트/스니펫이 현재값을 뒷받침하면 비교에는 사용할 수 있으나, 본고시 원문 URL 또는 직접 값 대조 상태를 함께 표시한다.","recordCode·noticeCode 연결, 본고시 원문 URL 보강",Y,data/urban/text/files/26-11215NTC202406040002-26-11215NTC202406040002-notice_file-서울특별시_제2024-267호_고시.txt,자동 추출 스니펫 주변 문맥을 읽고 확정 수치 여부를 표시,,,,project-notes/26-jyhy2024.md
26,구의/광진,광진구,자양한양아파트 재건축정비사업,추진위원회승인,very_high,B,total_households,총 세대수,859,snippet_candidate_needs_manual_confirmation,P1,usable_with_source_caveat,low,"정보몽땅/로컬 텍스트/스니펫이 현재값을 뒷받침하면 비교에는 사용할 수 있으나, 본고시 원문 URL 또는 직접 값 대조 상태를 함께 표시한다.","recordCode·noticeCode 연결, 본고시 원문 URL 보강",Y,data/urban/text/files/26-11215NTC202406040002-26-11215NTC202406040002-notice_file-서울특별시_제2024-267호_고시.txt,자동 추출 스니펫 주변 문맥을 읽고 확정 수치 여부를 표시,,,,project-notes/26-jyhy2024.md
18,잠실/송파,송파구,송파미성아파트 재건축정비사업조합,조합설립인가,watch,B,max_height_m,최고높이,124,structured_value_needs_manual_confirmation,,usable_with_source_caveat,low,"정보몽땅/로컬 텍스트/스니펫이 현재값을 뒷받침하면 비교에는 사용할 수 있으나, 본고시 원문 URL 또는 직접 값 대조 상태를 함께 표시한다.","recordCode·noticeCode 연결, 본고시 원문 URL 보강",Y,data/urban/text/files/18-11710NTC202104230008-18-11710NTC202104230008-notice_file-서울특별시_2021-146호_고시.txt,구조화 값의 원천과 기준일을 확인하고 사업별 메모에 확정/보류 상태를 기록,,,,project-notes/18-songpams.md
6,강남,강남구,대치우성1차아파트 재건축정비사업조합,사업시행인가,high,A,district_area_sqm,정비구역 면적,"28,793",snippet_candidate_needs_manual_confirmation,P1,usable_with_source_caveat,low,"정보몽땅/로컬 텍스트/스니펫이 현재값을 뒷받침하면 비교에는 사용할 수 있으나, 본고시 원문 URL 또는 직접 값 대조 상태를 함께 표시한다.","recordCode·noticeCode 연결, 본고시 원문 URL 보강",Y,data/urban/text/files/06-11000NTC201812171410-06-11000NTC201812171410-notice_file-서울시고시-제2018-399호.txt,자동 추출 스니펫 주변 문맥을 읽고 확정 수치 여부를 표시,,,,project-notes/06-woosung1.md
6,강남,강남구,대치우성1차아파트 재건축정비사업조합,사업시행인가,high,A,floor_area_ratio_pct,용적률,300,snippet_candidate_needs_manual_confirmation,P1,usable_with_source_caveat,low,"정보몽땅/로컬 텍스트/스니펫이 현재값을 뒷받침하면 비교에는 사용할 수 있으나, 본고시 원문 URL 또는 직접 값 대조 상태를 함께 표시한다.","recordCode·noticeCode 연결, 본고시 원문 URL 보강",Y,data/urban/text/files/06-11000NTC201812171410-06-11000NTC201812171410-notice_file-서울시고시-제2018-399호.txt,자동 추출 스니펫 주변 문맥을 읽고 확정 수치 여부를 표시,,,,project-notes/06-woosung1.md
6,강남,강남구,대치우성1차아파트 재건축정비사업조합,사업시행인가,high,A,total_households,총 세대수,725,snippet_candidate_needs_manual_confirmation,P1,usable_with_source_caveat,low,"정보몽땅/로컬 텍스트/스니펫이 현재값을 뒷받침하면 비교에는 사용할 수 있으나, 본고시 원문 URL 또는 직접 값 대조 상태를 함께 표시한다.","recordCode·noticeCode 연결, 본고시 원문 URL 보강",Y,data/urban/text/files/06-11000NTC201812171410-06-11000NTC201812171410-notice_file-서울시고시-제2018-399호.txt,자동 추출 스니펫 주변 문맥을 읽고 확정 수치 여부를 표시,,,,project-notes/06-woosung1.md
8,강남,강남구,대치쌍용1차아파트 주택재건축정비사업조합,사업시행인가,high,B,district_area_sqm,정비구역 면적,"47,659",snippet_candidate_needs_manual_confirmation,P1,usable_with_source_caveat,low,"정보몽땅/로컬 텍스트/스니펫이 현재값을 뒷받침하면 비교에는 사용할 수 있으나, 본고시 원문 URL 또는 직접 값 대조 상태를 함께 표시한다.","recordCode·noticeCode 연결, 본고시 원문 URL 보강",Y,data/urban/text/files/08-11680NTC202112010001-08-11680NTC202112010001-business-notice_file-강남구_2021-203호_고시.txt,자동 추출 스니펫 주변 문맥을 읽고 확정 수치 여부를 표시,,,,project-notes/08-ssang1.md
8,강남,강남구,대치쌍용1차아파트 주택재건축정비사업조합,사업시행인가,high,B,floor_area_ratio_pct,용적률,300,snippet_candidate_needs_manual_confirmation,P1,usable_with_source_caveat,low,"정보몽땅/로컬 텍스트/스니펫이 현재값을 뒷받침하면 비교에는 사용할 수 있으나, 본고시 원문 URL 또는 직접 값 대조 상태를 함께 표시한다.","recordCode·noticeCode 연결, 본고시 원문 URL 보강",Y,data/urban/text/files/08-11680NTC202112010001-08-11680NTC202112010001-business-notice_file-강남구_2021-203호_고시.txt,자동 추출 스니펫 주변 문맥을 읽고 확정 수치 여부를 표시,,,,project-notes/08-ssang1.md
11,강남,강남구,압구정아파트지구 특별계획구역4,조합설립인가,high,B,district_area_sqm,정비구역 면적,"118,859.6",snippet_candidate_needs_manual_confirmation,P1,usable_with_source_caveat,low,"정보몽땅/로컬 텍스트/스니펫이 현재값을 뒷받침하면 비교에는 사용할 수 있으나, 본고시 원문 URL 또는 직접 값 대조 상태를 함께 표시한다.","recordCode·noticeCode 연결, 본고시 원문 URL 보강",Y,data/urban/text/files/11-11000NTC202312010004-11-11000NTC202312010004-notice_file-서울특별시_제2023-516호_고시.txt,자동 추출 스니펫 주변 문맥을 읽고 확정 수치 여부를 표시,,,,project-notes/11-apgujeong4.md
12,강남,강남구,압구정아파트지구 특별계획구역5 재건축정비사업조합,조합설립인가,high,B,district_area_sqm,정비구역 면적,789.87,snippet_candidate_needs_manual_confirmation,P1,usable_with_source_caveat,low,"정보몽땅/로컬 텍스트/스니펫이 현재값을 뒷받침하면 비교에는 사용할 수 있으나, 본고시 원문 URL 또는 직접 값 대조 상태를 함께 표시한다.","recordCode·noticeCode 연결, 본고시 원문 URL 보강",Y,data/urban/text/files/12-11000NTC202312010004-12-11000NTC202312010004-notice_file-서울특별시_제2023-516호_고시.txt,자동 추출 스니펫 주변 문맥을 읽고 확정 수치 여부를 표시,,,,project-notes/12-apgujeong5.md
22,구의/광진,광진구,중곡아파트 주택재건축정비사업조합,조합설립인가,high,B,district_area_sqm,정비구역 면적,"10,262.3",snippet_candidate_needs_manual_confirmation,P1,usable_with_source_caveat,low,"정보몽땅/로컬 텍스트/스니펫이 현재값을 뒷받침하면 비교에는 사용할 수 있으나, 본고시 원문 URL 또는 직접 값 대조 상태를 함께 표시한다.","recordCode·noticeCode 연결, 본고시 원문 URL 보강",Y,data/urban/text/files/22-11000NTC201411137333-22-11000NTC201411137333-notice_file-서울특별시2014-382.txt,자동 추출 스니펫 주변 문맥을 읽고 확정 수치 여부를 표시,,,,project-notes/22-junggokapt.md
22,구의/광진,광진구,중곡아파트 주택재건축정비사업조합,조합설립인가,high,B,floor_area_ratio_pct,용적률,250,snippet_candidate_needs_manual_confirmation,P1,usable_with_source_caveat,low,"정보몽땅/로컬 텍스트/스니펫이 현재값을 뒷받침하면 비교에는 사용할 수 있으나, 본고시 원문 URL 또는 직접 값 대조 상태를 함께 표시한다.","recordCode·noticeCode 연결, 본고시 원문 URL 보강",Y,data/urban/text/files/22-11000NTC201411137333-22-11000NTC201411137333-notice_file-서울특별시2014-382.txt,자동 추출 스니펫 주변 문맥을 읽고 확정 수치 여부를 표시,,,,project-notes/22-junggokapt.md
30,구의/광진,광진구,자양4동 A구역 주택재개발사업,정비구역지정,high,B,district_area_sqm,정비구역 면적,"139,130",snippet_candidate_needs_manual_confirmation,P1,usable_with_source_caveat,low,"정보몽땅/로컬 텍스트/스니펫이 현재값을 뒷받침하면 비교에는 사용할 수 있으나, 본고시 원문 URL 또는 직접 값 대조 상태를 함께 표시한다.","recordCode·noticeCode 연결, 본고시 원문 URL 보강",Y,data/urban/text/files/30-11215NTC202505200003-30-11215NTC202505200003-notice_file-서울특별시_제2025-356호_고시.txt,자동 추출 스니펫 주변 문맥을 읽고 확정 수치 여부를 표시,,,,project-notes/30-jayangdong.md
23,구의/광진,광진구,광장동 삼성1차아파트 소규모재건축정비사업,조합설립인가,high,D,building_coverage_ratio_pct,건폐율,20,no_source_text,P0,manual_source_escalation,high,구조화 보조근거는 참고만 하고 본고시 원문·고시번호·담당부서 확인 전에는 확정값으로 쓰지 않는다.,"자치구/정보몽땅 담당 창구 확인, 신규 고시 게시",Y,analysis/source-link-repair-candidates.md; data/cleanup/project-summaries-priority-candidates.json; https://cleanup.seoul.go.kr/cafe/mastr-cleanup-bsnsSumry/execute.do?cafeId=215900000929v34&stepSeCode=102&div=sumry,원문 텍스트 또는 자치구 원문 연결을 먼저 확보,S2-0002,manual_escalation_required,정보공개청구 회신 도착 시 고시번호·고시일·원문 URL·첨부명을 intake에 기록하고 그때 decision을 재개,project-notes/23-j15171517.md
23,구의/광진,광진구,광장동 삼성1차아파트 소규모재건축정비사업,조합설립인가,high,D,floors,층수,지상:40/지하:3,no_source_text,P0,manual_source_escalation,high,구조화 보조근거는 참고만 하고 본고시 원문·고시번호·담당부서 확인 전에는 확정값으로 쓰지 않는다.,"자치구/정보몽땅 담당 창구 확인, 신규 고시 게시",Y,analysis/source-link-repair-candidates.md; data/cleanup/project-summaries-priority-candidates.json; https://cleanup.seoul.go.kr/cafe/mastr-cleanup-bsnsSumry/execute.do?cafeId=215900000929v34&stepSeCode=102&div=sumry,원문 텍스트 또는 자치구 원문 연결을 먼저 확보,S2-0002,manual_escalation_required,정보공개청구 회신 도착 시 고시번호·고시일·원문 URL·첨부명을 intake에 기록하고 그때 decision을 재개,project-notes/23-j15171517.md
23,구의/광진,광진구,광장동 삼성1차아파트 소규모재건축정비사업,조합설립인가,high,D,max_height_m,최고높이,0,no_source_text,P0,manual_source_escalation,high,구조화 보조근거는 참고만 하고 본고시 원문·고시번호·담당부서 확인 전에는 확정값으로 쓰지 않는다.,"자치구/정보몽땅 담당 창구 확인, 신규 고시 게시",Y,analysis/source-link-repair-candidates.md; data/cleanup/project-summaries-priority-candidates.json; https://cleanup.seoul.go.kr/cafe/mastr-cleanup-bsnsSumry/execute.do?cafeId=215900000929v34&stepSeCode=102&div=sumry,원문 텍스트 또는 자치구 원문 연결을 먼저 확보,S2-0002,manual_escalation_required,정보공개청구 회신 도착 시 고시번호·고시일·원문 URL·첨부명을 intake에 기록하고 그때 decision을 재개,project-notes/23-j15171517.md
23,구의/광진,광진구,광장동 삼성1차아파트 소규모재건축정비사업,조합설립인가,high,D,total_households,총 세대수,185,no_source_text,P0,manual_source_escalation,high,구조화 보조근거는 참고만 하고 본고시 원문·고시번호·담당부서 확인 전에는 확정값으로 쓰지 않는다.,"자치구/정보몽땅 담당 창구 확인, 신규 고시 게시",Y,analysis/source-link-repair-candidates.md; data/cleanup/project-summaries-priority-candidates.json; https://cleanup.seoul.go.kr/cafe/mastr-cleanup-bsnsSumry/execute.do?cafeId=215900000929v34&stepSeCode=102&div=sumry,원문 텍스트 또는 자치구 원문 연결을 먼저 확보,S2-0002,manual_escalation_required,정보공개청구 회신 도착 시 고시번호·고시일·원문 URL·첨부명을 intake에 기록하고 그때 decision을 재개,project-notes/23-j15171517.md
28,구의/광진,광진구,자양번영로3나길 일대 가로주택정비사업,조합설립인가,high,D,building_coverage_ratio_pct,건폐율,23,no_source_text,P0,manual_source_escalation,high,구조화 보조근거는 참고만 하고 본고시 원문·고시번호·담당부서 확인 전에는 확정값으로 쓰지 않는다.,"자치구/정보몽땅 담당 창구 확인, 신규 고시 게시",Y,analysis/source-link-repair-candidates.md; data/cleanup/project-summaries-priority-candidates.json; https://cleanup.seoul.go.kr/cafe/mastr-cleanup-bsnsSumry/execute.do?cafeId=215900001146M77&stepSeCode=102&div=sumry,원문 텍스트 또는 자치구 원문 연결을 먼저 확보,S2-0003,manual_escalation_required,정보공개청구 회신 도착 시 고시번호·고시일·원문 URL·첨부명을 intake에 기록하고 그때 decision을 재개,project-notes/28-jayang588-22.md
28,구의/광진,광진구,자양번영로3나길 일대 가로주택정비사업,조합설립인가,high,D,floors,층수,지상:20/지하:3,no_source_text,P0,manual_source_escalation,high,구조화 보조근거는 참고만 하고 본고시 원문·고시번호·담당부서 확인 전에는 확정값으로 쓰지 않는다.,"자치구/정보몽땅 담당 창구 확인, 신규 고시 게시",Y,analysis/source-link-repair-candidates.md; data/cleanup/project-summaries-priority-candidates.json; https://cleanup.seoul.go.kr/cafe/mastr-cleanup-bsnsSumry/execute.do?cafeId=215900001146M77&stepSeCode=102&div=sumry,원문 텍스트 또는 자치구 원문 연결을 먼저 확보,S2-0003,manual_escalation_required,정보공개청구 회신 도착 시 고시번호·고시일·원문 URL·첨부명을 intake에 기록하고 그때 decision을 재개,project-notes/28-jayang588-22.md
28,구의/광진,광진구,자양번영로3나길 일대 가로주택정비사업,조합설립인가,high,D,max_height_m,최고높이,58,no_source_text,P0,manual_source_escalation,high,구조화 보조근거는 참고만 하고 본고시 원문·고시번호·담당부서 확인 전에는 확정값으로 쓰지 않는다.,"자치구/정보몽땅 담당 창구 확인, 신규 고시 게시",Y,analysis/source-link-repair-candidates.md; data/cleanup/project-summaries-priority-candidates.json; https://cleanup.seoul.go.kr/cafe/mastr-cleanup-bsnsSumry/execute.do?cafeId=215900001146M77&stepSeCode=102&div=sumry,원문 텍스트 또는 자치구 원문 연결을 먼저 확보,S2-0003,manual_escalation_required,정보공개청구 회신 도착 시 고시번호·고시일·원문 URL·첨부명을 intake에 기록하고 그때 decision을 재개,project-notes/28-jayang588-22.md
1,잠실/송파,송파구,잠실5단지아파트 주택재건축정비사업조합,조합설립인가,very_high,A,management_approval_date,관리처분인가일,,not_yet_applicable,,stage_not_applicable,not_blocking,"현재 단계에서는 해당 필드를 비교·점수화하지 않고, 사업시행/관리처분 등 다음 단계 공개 시 다시 연다.","단계 변경, 공개항목 추가, 신규 인가고시",Y,data/urban/text/files/01-11710NTC202409230003-01-11710NTC202409230003-notice_file-서울특별시_제2024-432호_고시.txt,현재 진행단계에서는 아직 필수 비교값이 아니므로 단계 변경 시 재확인,S5-0009,defer,단계 변경 감시표에서 해당 사업장 단계가 바뀌면 다시 열기,project-notes/01-jamsil5apt.md
1,잠실/송파,송파구,잠실5단지아파트 주택재건축정비사업조합,조합설립인가,very_high,A,management_construction_cost,관리처분 공사비,,not_yet_applicable,,stage_not_applicable,not_blocking,"현재 단계에서는 해당 필드를 비교·점수화하지 않고, 사업시행/관리처분 등 다음 단계 공개 시 다시 연다.","단계 변경, 공개항목 추가, 신규 인가고시",Y,data/urban/text/files/01-11710NTC202409230003-01-11710NTC202409230003-notice_file-서울특별시_제2024-432호_고시.txt,현재 진행단계에서는 아직 필수 비교값이 아니므로 단계 변경 시 재확인,S5-0010,defer,단계 변경 감시표에서 해당 사업장 단계가 바뀌면 다시 열기,project-notes/01-jamsil5apt.md
1,잠실/송파,송파구,잠실5단지아파트 주택재건축정비사업조합,조합설립인가,very_high,A,project_approval_date,사업시행인가일,,not_yet_applicable,,stage_not_applicable,not_blocking,"현재 단계에서는 해당 필드를 비교·점수화하지 않고, 사업시행/관리처분 등 다음 단계 공개 시 다시 연다.","단계 변경, 공개항목 추가, 신규 인가고시",Y,data/urban/text/files/01-11710NTC202409230003-01-11710NTC202409230003-notice_file-서울특별시_제2024-432호_고시.txt,현재 진행단계에서는 아직 필수 비교값이 아니므로 단계 변경 시 재확인,S5-0011,defer,단계 변경 감시표에서 해당 사업장 단계가 바뀌면 다시 열기,project-notes/01-jamsil5apt.md
2,강남,강남구,압구정아파트지구 특별계획구역② 재건축정비사업조합,조합설립인가,very_high,B,management_approval_date,관리처분인가일,,not_yet_applicable,,stage_not_applicable,not_blocking,"현재 단계에서는 해당 필드를 비교·점수화하지 않고, 사업시행/관리처분 등 다음 단계 공개 시 다시 연다.","단계 변경, 공개항목 추가, 신규 인가고시",Y,data/urban/text/files/02-11000NTC202504070006-02-11000NTC202504070006-notice_file-서울특별시_제2025-136호_고시.txt,현재 진행단계에서는 아직 필수 비교값이 아니므로 단계 변경 시 재확인,S5-0020,defer,단계 변경 감시표에서 해당 사업장 단계가 바뀌면 다시 열기,project-notes/02-apgujeong2.md
2,강남,강남구,압구정아파트지구 특별계획구역② 재건축정비사업조합,조합설립인가,very_high,B,management_construction_cost,관리처분 공사비,,not_yet_applicable,,stage_not_applicable,not_blocking,"현재 단계에서는 해당 필드를 비교·점수화하지 않고, 사업시행/관리처분 등 다음 단계 공개 시 다시 연다.","단계 변경, 공개항목 추가, 신규 인가고시",Y,data/urban/text/files/02-11000NTC202504070006-02-11000NTC202504070006-notice_file-서울특별시_제2025-136호_고시.txt,현재 진행단계에서는 아직 필수 비교값이 아니므로 단계 변경 시 재확인,S5-0021,defer,단계 변경 감시표에서 해당 사업장 단계가 바뀌면 다시 열기,project-notes/02-apgujeong2.md
2,강남,강남구,압구정아파트지구 특별계획구역② 재건축정비사업조합,조합설립인가,very_high,B,project_approval_date,사업시행인가일,,not_yet_applicable,,stage_not_applicable,not_blocking,"현재 단계에서는 해당 필드를 비교·점수화하지 않고, 사업시행/관리처분 등 다음 단계 공개 시 다시 연다.","단계 변경, 공개항목 추가, 신규 인가고시",Y,data/urban/text/files/02-11000NTC202504070006-02-11000NTC202504070006-notice_file-서울특별시_제2025-136호_고시.txt,현재 진행단계에서는 아직 필수 비교값이 아니므로 단계 변경 시 재확인,S5-0022,defer,단계 변경 감시표에서 해당 사업장 단계가 바뀌면 다시 열기,project-notes/02-apgujeong2.md
3,잠실/송파,송파구,잠실우성아파트 재건축정비사업조합,조합설립인가,very_high,B,management_approval_date,관리처분인가일,,not_yet_applicable,,stage_not_applicable,not_blocking,"현재 단계에서는 해당 필드를 비교·점수화하지 않고, 사업시행/관리처분 등 다음 단계 공개 시 다시 연다.","단계 변경, 공개항목 추가, 신규 인가고시",Y,data/urban/text/files/03-11000NTC201512177681-03-11000NTC201512177681-notice_file-서울특별시2015-401.txt,현재 진행단계에서는 아직 필수 비교값이 아니므로 단계 변경 시 재확인,S5-0030,defer,단계 변경 감시표에서 해당 사업장 단계가 바뀌면 다시 열기,project-notes/03-q1qk5nf6.md
3,잠실/송파,송파구,잠실우성아파트 재건축정비사업조합,조합설립인가,very_high,B,management_construction_cost,관리처분 공사비,,not_yet_applicable,,stage_not_applicable,not_blocking,"현재 단계에서는 해당 필드를 비교·점수화하지 않고, 사업시행/관리처분 등 다음 단계 공개 시 다시 연다.","단계 변경, 공개항목 추가, 신규 인가고시",Y,data/urban/text/files/03-11000NTC201512177681-03-11000NTC201512177681-notice_file-서울특별시2015-401.txt,현재 진행단계에서는 아직 필수 비교값이 아니므로 단계 변경 시 재확인,S5-0031,defer,단계 변경 감시표에서 해당 사업장 단계가 바뀌면 다시 열기,project-notes/03-q1qk5nf6.md
3,잠실/송파,송파구,잠실우성아파트 재건축정비사업조합,조합설립인가,very_high,B,project_approval_date,사업시행인가일,,not_yet_applicable,,stage_not_applicable,not_blocking,"현재 단계에서는 해당 필드를 비교·점수화하지 않고, 사업시행/관리처분 등 다음 단계 공개 시 다시 연다.","단계 변경, 공개항목 추가, 신규 인가고시",Y,data/urban/text/files/03-11000NTC201512177681-03-11000NTC201512177681-notice_file-서울특별시2015-401.txt,현재 진행단계에서는 아직 필수 비교값이 아니므로 단계 변경 시 재확인,S5-0032,defer,단계 변경 감시표에서 해당 사업장 단계가 바뀌면 다시 열기,project-notes/03-q1qk5nf6.md
4,강남,강남구,은마아파트 재건축정비사업조합,조합설립인가,very_high,A,management_approval_date,관리처분인가일,,not_yet_applicable,,stage_not_applicable,not_blocking,"현재 단계에서는 해당 필드를 비교·점수화하지 않고, 사업시행/관리처분 등 다음 단계 공개 시 다시 연다.","단계 변경, 공개항목 추가, 신규 인가고시",Y,data/urban/text/files/04-11680NTC202303030002-04-11680NTC202303030002-notice_file-서울특별시_2023-51호_고시.txt,현재 진행단계에서는 아직 필수 비교값이 아니므로 단계 변경 시 재확인,S5-0041,defer,단계 변경 감시표에서 해당 사업장 단계가 바뀌면 다시 열기,project-notes/04-the-eunma.md
4,강남,강남구,은마아파트 재건축정비사업조합,조합설립인가,very_high,A,management_construction_cost,관리처분 공사비,,not_yet_applicable,,stage_not_applicable,not_blocking,"현재 단계에서는 해당 필드를 비교·점수화하지 않고, 사업시행/관리처분 등 다음 단계 공개 시 다시 연다.","단계 변경, 공개항목 추가, 신규 인가고시",Y,data/urban/text/files/04-11680NTC202303030002-04-11680NTC202303030002-notice_file-서울특별시_2023-51호_고시.txt,현재 진행단계에서는 아직 필수 비교값이 아니므로 단계 변경 시 재확인,S5-0042,defer,단계 변경 감시표에서 해당 사업장 단계가 바뀌면 다시 열기,project-notes/04-the-eunma.md
4,강남,강남구,은마아파트 재건축정비사업조합,조합설립인가,very_high,A,project_approval_date,사업시행인가일,,not_yet_applicable,,stage_not_applicable,not_blocking,"현재 단계에서는 해당 필드를 비교·점수화하지 않고, 사업시행/관리처분 등 다음 단계 공개 시 다시 연다.","단계 변경, 공개항목 추가, 신규 인가고시",Y,data/urban/text/files/04-11680NTC202303030002-04-11680NTC202303030002-notice_file-서울특별시_2023-51호_고시.txt,현재 진행단계에서는 아직 필수 비교값이 아니므로 단계 변경 시 재확인,S5-0043,defer,단계 변경 감시표에서 해당 사업장 단계가 바뀌면 다시 열기,project-notes/04-the-eunma.md
5,잠실/송파,송파구,"장미1,2,3차아파트 주택재건축정비사업 조합",조합설립인가,very_high,B,management_approval_date,관리처분인가일,,not_yet_applicable,,stage_not_applicable,not_blocking,"현재 단계에서는 해당 필드를 비교·점수화하지 않고, 사업시행/관리처분 등 다음 단계 공개 시 다시 연다.","단계 변경, 공개항목 추가, 신규 인가고시",Y,data/urban/text/files/05-11000NTC202505290003-05-11000NTC202505290003-notice_file-서울특별시_제2025-278호_고시.txt,현재 진행단계에서는 아직 필수 비교값이 아니므로 단계 변경 시 재확인,S5-0049,defer,단계 변경 감시표에서 해당 사업장 단계가 바뀌면 다시 열기,project-notes/05-jmapt1.md
5,잠실/송파,송파구,"장미1,2,3차아파트 주택재건축정비사업 조합",조합설립인가,very_high,B,management_construction_cost,관리처분 공사비,,not_yet_applicable,,stage_not_applicable,not_blocking,"현재 단계에서는 해당 필드를 비교·점수화하지 않고, 사업시행/관리처분 등 다음 단계 공개 시 다시 연다.","단계 변경, 공개항목 추가, 신규 인가고시",Y,data/urban/text/files/05-11000NTC202505290003-05-11000NTC202505290003-notice_file-서울특별시_제2025-278호_고시.txt,현재 진행단계에서는 아직 필수 비교값이 아니므로 단계 변경 시 재확인,S5-0050,defer,단계 변경 감시표에서 해당 사업장 단계가 바뀌면 다시 열기,project-notes/05-jmapt1.md
5,잠실/송파,송파구,"장미1,2,3차아파트 주택재건축정비사업 조합",조합설립인가,very_high,B,project_approval_date,사업시행인가일,,not_yet_applicable,,stage_not_applicable,not_blocking,"현재 단계에서는 해당 필드를 비교·점수화하지 않고, 사업시행/관리처분 등 다음 단계 공개 시 다시 연다.","단계 변경, 공개항목 추가, 신규 인가고시",Y,data/urban/text/files/05-11000NTC202505290003-05-11000NTC202505290003-notice_file-서울특별시_제2025-278호_고시.txt,현재 진행단계에서는 아직 필수 비교값이 아니므로 단계 변경 시 재확인,S5-0051,defer,단계 변경 감시표에서 해당 사업장 단계가 바뀌면 다시 열기,project-notes/05-jmapt1.md
10,강남,강남구,압구정아파트지구 특별계획구역③ 재건축정비사업 조합,조합설립인가,very_high,B,management_approval_date,관리처분인가일,,not_yet_applicable,,stage_not_applicable,not_blocking,"현재 단계에서는 해당 필드를 비교·점수화하지 않고, 사업시행/관리처분 등 다음 단계 공개 시 다시 연다.","단계 변경, 공개항목 추가, 신규 인가고시",Y,data/cleanup/files/apgujeong3-official/summary-20260623.html,현재 진행단계에서는 아직 필수 비교값이 아니므로 단계 변경 시 재확인,S5-0072,defer_stage_not_applicable,단계 변경 감시표에서 관리처분인가 단계 진입 시 재개,project-notes/10-apgujeong3.md
10,강남,강남구,압구정아파트지구 특별계획구역③ 재건축정비사업 조합,조합설립인가,very_high,B,management_construction_cost,관리처분 공사비,,not_yet_applicable,,stage_not_applicable,not_blocking,"현재 단계에서는 해당 필드를 비교·점수화하지 않고, 사업시행/관리처분 등 다음 단계 공개 시 다시 연다.","단계 변경, 공개항목 추가, 신규 인가고시",Y,data/cleanup/files/apgujeong3-official/summary-20260623.html,현재 진행단계에서는 아직 필수 비교값이 아니므로 단계 변경 시 재확인,S5-0073,defer_stage_not_applicable,단계 변경 감시표에서 관리처분인가 단계 진입 시 재개,project-notes/10-apgujeong3.md
10,강남,강남구,압구정아파트지구 특별계획구역③ 재건축정비사업 조합,조합설립인가,very_high,B,project_approval_date,사업시행인가일,,not_yet_applicable,,stage_not_applicable,not_blocking,"현재 단계에서는 해당 필드를 비교·점수화하지 않고, 사업시행/관리처분 등 다음 단계 공개 시 다시 연다.","단계 변경, 공개항목 추가, 신규 인가고시",Y,data/cleanup/files/apgujeong3-official/summary-20260623.html,현재 진행단계에서는 아직 필수 비교값이 아니므로 단계 변경 시 재확인,S5-0074,defer,단계 변경 감시표에서 해당 사업장 단계가 바뀌면 다시 열기,project-notes/10-apgujeong3.md
13,구의/광진,광진구,자양제7구역 주택재건축정비사업 조합,조합설립인가,very_high,A,management_approval_date,관리처분인가일,,not_yet_applicable,,stage_not_applicable,not_blocking,"현재 단계에서는 해당 필드를 비교·점수화하지 않고, 사업시행/관리처분 등 다음 단계 공개 시 다시 연다.","단계 변경, 공개항목 추가, 신규 인가고시",Y,data/urban/text/files/13-11000NTC201808300002-13-11000NTC201808300002-notice_file-서울특별시2018-268.txt,현재 진행단계에서는 아직 필수 비교값이 아니므로 단계 변경 시 재확인,S5-0086,defer_stage_not_applicable,단계 변경 감시표에서 관리처분인가 단계 진입 시 재개,project-notes/13-jayang7.md
13,구의/광진,광진구,자양제7구역 주택재건축정비사업 조합,조합설립인가,very_high,A,management_construction_cost,관리처분 공사비,,not_yet_applicable,,stage_not_applicable,not_blocking,"현재 단계에서는 해당 필드를 비교·점수화하지 않고, 사업시행/관리처분 등 다음 단계 공개 시 다시 연다.","단계 변경, 공개항목 추가, 신규 인가고시",Y,data/urban/text/files/13-11000NTC201808300002-13-11000NTC201808300002-notice_file-서울특별시2018-268.txt,현재 진행단계에서는 아직 필수 비교값이 아니므로 단계 변경 시 재확인,S5-0087,defer,단계 변경 감시표에서 해당 사업장 단계가 바뀌면 다시 열기,project-notes/13-jayang7.md
13,구의/광진,광진구,자양제7구역 주택재건축정비사업 조합,조합설립인가,very_high,A,project_approval_date,사업시행인가일,,not_yet_applicable,,stage_not_applicable,not_blocking,"현재 단계에서는 해당 필드를 비교·점수화하지 않고, 사업시행/관리처분 등 다음 단계 공개 시 다시 연다.","단계 변경, 공개항목 추가, 신규 인가고시",Y,data/urban/text/files/13-11000NTC201808300002-13-11000NTC201808300002-notice_file-서울특별시2018-268.txt,현재 진행단계에서는 아직 필수 비교값이 아니므로 단계 변경 시 재확인,S5-0088,defer,단계 변경 감시표에서 해당 사업장 단계가 바뀌면 다시 열기,project-notes/13-jayang7.md
14,강남,강남구,"개포주공6,7단지아파트 재건축정비사업조합",사업시행인가,very_high,A,management_approval_date,관리처분인가일,,not_yet_applicable,,stage_not_applicable,not_blocking,"현재 단계에서는 해당 필드를 비교·점수화하지 않고, 사업시행/관리처분 등 다음 단계 공개 시 다시 연다.","단계 변경, 공개항목 추가, 신규 인가고시",Y,data/urban/text/files/14-53675-14-gangnam-gu-53675-1-240426_개포주공67단지-정비계획-경미한변경-고시문-안.txt,현재 진행단계에서는 아직 필수 비교값이 아니므로 단계 변경 시 재확인,,,,project-notes/14-gaepo6_7.md
14,강남,강남구,"개포주공6,7단지아파트 재건축정비사업조합",사업시행인가,very_high,A,management_construction_cost,관리처분 공사비,,not_yet_applicable,,stage_not_applicable,not_blocking,"현재 단계에서는 해당 필드를 비교·점수화하지 않고, 사업시행/관리처분 등 다음 단계 공개 시 다시 연다.","단계 변경, 공개항목 추가, 신규 인가고시",Y,data/urban/text/files/14-53675-14-gangnam-gu-53675-1-240426_개포주공67단지-정비계획-경미한변경-고시문-안.txt,현재 진행단계에서는 아직 필수 비교값이 아니므로 단계 변경 시 재확인,,,,project-notes/14-gaepo6_7.md
16,잠실/송파,송파구,가락1차현대아파트 재건축정비사업 조합,사업시행인가,very_high,B,management_approval_date,관리처분인가일,,not_yet_applicable,,stage_not_applicable,not_blocking,"현재 단계에서는 해당 필드를 비교·점수화하지 않고, 사업시행/관리처분 등 다음 단계 공개 시 다시 연다.","단계 변경, 공개항목 추가, 신규 인가고시",Y,data/urban/text/files/16-11000NTC202105100001-16-11000NTC202105100001-notice_file-송파구_2021-88호_고시.txt,현재 진행단계에서는 아직 필수 비교값이 아니므로 단계 변경 시 재확인,S5-0096,defer_stage_not_applicable,단계 변경 감시표에서 관리처분인가 단계 진입 시 재개,project-notes/16-hyundai.md
16,잠실/송파,송파구,가락1차현대아파트 재건축정비사업 조합,사업시행인가,very_high,B,management_construction_cost,관리처분 공사비,,not_yet_applicable,,stage_not_applicable,not_blocking,"현재 단계에서는 해당 필드를 비교·점수화하지 않고, 사업시행/관리처분 등 다음 단계 공개 시 다시 연다.","단계 변경, 공개항목 추가, 신규 인가고시",Y,data/urban/text/files/16-11000NTC202105100001-16-11000NTC202105100001-notice_file-송파구_2021-88호_고시.txt,현재 진행단계에서는 아직 필수 비교값이 아니므로 단계 변경 시 재확인,S5-0097,defer_stage_not_applicable,단계 변경 감시표에서 관리처분인가 단계 진입 시 재개,project-notes/16-hyundai.md
20,잠실/송파,송파구,마천1재정비촉진구역 주택재개발정비사업조합,조합설립인가,very_high,B,management_approval_date,관리처분인가일,,not_yet_applicable,,stage_not_applicable,not_blocking,"현재 단계에서는 해당 필드를 비교·점수화하지 않고, 사업시행/관리처분 등 다음 단계 공개 시 다시 연다.","단계 변경, 공개항목 추가, 신규 인가고시",Y,data/urban/text/files/20-11000NTC202606080004-20-11000NTC202606080004-notice_file-서울특별시_제2026-298호_고시문.txt,현재 진행단계에서는 아직 필수 비교값이 아니므로 단계 변경 시 재확인,S5-0125,defer,단계 변경 감시표에서 해당 사업장 단계가 바뀌면 다시 열기,project-notes/20-macheon-1.md
20,잠실/송파,송파구,마천1재정비촉진구역 주택재개발정비사업조합,조합설립인가,very_high,B,management_construction_cost,관리처분 공사비,,not_yet_applicable,,stage_not_applicable,not_blocking,"현재 단계에서는 해당 필드를 비교·점수화하지 않고, 사업시행/관리처분 등 다음 단계 공개 시 다시 연다.","단계 변경, 공개항목 추가, 신규 인가고시",Y,data/urban/text/files/20-11000NTC202606080004-20-11000NTC202606080004-notice_file-서울특별시_제2026-298호_고시문.txt,현재 진행단계에서는 아직 필수 비교값이 아니므로 단계 변경 시 재확인,S5-0126,defer,단계 변경 감시표에서 해당 사업장 단계가 바뀌면 다시 열기,project-notes/20-macheon-1.md
20,잠실/송파,송파구,마천1재정비촉진구역 주택재개발정비사업조합,조합설립인가,very_high,B,project_approval_date,사업시행인가일,,not_yet_applicable,,stage_not_applicable,not_blocking,"현재 단계에서는 해당 필드를 비교·점수화하지 않고, 사업시행/관리처분 등 다음 단계 공개 시 다시 연다.","단계 변경, 공개항목 추가, 신규 인가고시",Y,data/urban/text/files/20-11000NTC202606080004-20-11000NTC202606080004-notice_file-서울특별시_제2026-298호_고시문.txt,현재 진행단계에서는 아직 필수 비교값이 아니므로 단계 변경 시 재확인,S5-0127,defer,단계 변경 감시표에서 해당 사업장 단계가 바뀌면 다시 열기,project-notes/20-macheon-1.md
26,구의/광진,광진구,자양한양아파트 재건축정비사업,추진위원회승인,very_high,B,management_approval_date,관리처분인가일,,not_yet_applicable,,stage_not_applicable,not_blocking,"현재 단계에서는 해당 필드를 비교·점수화하지 않고, 사업시행/관리처분 등 다음 단계 공개 시 다시 연다.","단계 변경, 공개항목 추가, 신규 인가고시",Y,data/urban/text/files/26-11215NTC202406040002-26-11215NTC202406040002-notice_file-서울특별시_제2024-267호_고시.txt,현재 진행단계에서는 아직 필수 비교값이 아니므로 단계 변경 시 재확인,S5-0119,defer,단계 변경 감시표에서 해당 사업장 단계가 바뀌면 다시 열기,project-notes/26-jyhy2024.md
26,구의/광진,광진구,자양한양아파트 재건축정비사업,추진위원회승인,very_high,B,management_construction_cost,관리처분 공사비,,not_yet_applicable,,stage_not_applicable,not_blocking,"현재 단계에서는 해당 필드를 비교·점수화하지 않고, 사업시행/관리처분 등 다음 단계 공개 시 다시 연다.","단계 변경, 공개항목 추가, 신규 인가고시",Y,data/urban/text/files/26-11215NTC202406040002-26-11215NTC202406040002-notice_file-서울특별시_제2024-267호_고시.txt,현재 진행단계에서는 아직 필수 비교값이 아니므로 단계 변경 시 재확인,S5-0120,defer,단계 변경 감시표에서 해당 사업장 단계가 바뀌면 다시 열기,project-notes/26-jyhy2024.md
26,구의/광진,광진구,자양한양아파트 재건축정비사업,추진위원회승인,very_high,B,project_approval_date,사업시행인가일,,not_yet_applicable,,stage_not_applicable,not_blocking,"현재 단계에서는 해당 필드를 비교·점수화하지 않고, 사업시행/관리처분 등 다음 단계 공개 시 다시 연다.","단계 변경, 공개항목 추가, 신규 인가고시",Y,data/urban/text/files/26-11215NTC202406040002-26-11215NTC202406040002-notice_file-서울특별시_제2024-267호_고시.txt,현재 진행단계에서는 아직 필수 비교값이 아니므로 단계 변경 시 재확인,S5-0121,defer,단계 변경 감시표에서 해당 사업장 단계가 바뀌면 다시 열기,project-notes/26-jyhy2024.md
26,구의/광진,광진구,자양한양아파트 재건축정비사업,추진위원회승인,very_high,B,union_approval_date,조합설립인가일,,not_yet_applicable,,stage_not_applicable,not_blocking,"현재 단계에서는 해당 필드를 비교·점수화하지 않고, 사업시행/관리처분 등 다음 단계 공개 시 다시 연다.","단계 변경, 공개항목 추가, 신규 인가고시",Y,data/urban/text/files/26-11215NTC202406040002-26-11215NTC202406040002-notice_file-서울특별시_제2024-267호_고시.txt,현재 진행단계에서는 아직 필수 비교값이 아니므로 단계 변경 시 재확인,S5-0122,defer,단계 변경 감시표에서 해당 사업장 단계가 바뀌면 다시 열기,project-notes/26-jyhy2024.md
6,강남,강남구,대치우성1차아파트 재건축정비사업조합,사업시행인가,high,A,management_approval_date,관리처분인가일,,not_yet_applicable,,stage_not_applicable,not_blocking,"현재 단계에서는 해당 필드를 비교·점수화하지 않고, 사업시행/관리처분 등 다음 단계 공개 시 다시 연다.","단계 변경, 공개항목 추가, 신규 인가고시",Y,data/urban/text/files/06-11000NTC201812171410-06-11000NTC201812171410-notice_file-서울시고시-제2018-399호.txt,현재 진행단계에서는 아직 필수 비교값이 아니므로 단계 변경 시 재확인,S5-0137,defer_stage_not_applicable,단계 변경 감시표에서 관리처분인가 단계 진입 시 재개,project-notes/06-woosung1.md
6,강남,강남구,대치우성1차아파트 재건축정비사업조합,사업시행인가,high,A,management_construction_cost,관리처분 공사비,,not_yet_applicable,,stage_not_applicable,not_blocking,"현재 단계에서는 해당 필드를 비교·점수화하지 않고, 사업시행/관리처분 등 다음 단계 공개 시 다시 연다.","단계 변경, 공개항목 추가, 신규 인가고시",Y,data/urban/text/files/06-11000NTC201812171410-06-11000NTC201812171410-notice_file-서울시고시-제2018-399호.txt,현재 진행단계에서는 아직 필수 비교값이 아니므로 단계 변경 시 재확인,S5-0138,defer_stage_not_applicable,단계 변경 감시표에서 관리처분인가 단계 진입 시 재개,project-notes/06-woosung1.md
7,강남,강남구,대치쌍용2차아파트 주택재건축정비사업조합,사업시행인가,high,B,management_approval_date,관리처분인가일,,not_yet_applicable,,stage_not_applicable,not_blocking,"현재 단계에서는 해당 필드를 비교·점수화하지 않고, 사업시행/관리처분 등 다음 단계 공개 시 다시 연다.","단계 변경, 공개항목 추가, 신규 인가고시",Y,data/urban/text/files/07-11000NTC201707138200-07-11000NTC201707138200-notice_file-강남구2017-99.txt,현재 진행단계에서는 아직 필수 비교값이 아니므로 단계 변경 시 재확인,,,,project-notes/07-ssang2.md
7,강남,강남구,대치쌍용2차아파트 주택재건축정비사업조합,사업시행인가,high,B,management_construction_cost,관리처분 공사비,,not_yet_applicable,,stage_not_applicable,not_blocking,"현재 단계에서는 해당 필드를 비교·점수화하지 않고, 사업시행/관리처분 등 다음 단계 공개 시 다시 연다.","단계 변경, 공개항목 추가, 신규 인가고시",Y,data/urban/text/files/07-11000NTC201707138200-07-11000NTC201707138200-notice_file-강남구2017-99.txt,현재 진행단계에서는 아직 필수 비교값이 아니므로 단계 변경 시 재확인,,,,project-notes/07-ssang2.md
8,강남,강남구,대치쌍용1차아파트 주택재건축정비사업조합,사업시행인가,high,B,management_approval_date,관리처분인가일,,not_yet_applicable,,stage_not_applicable,not_blocking,"현재 단계에서는 해당 필드를 비교·점수화하지 않고, 사업시행/관리처분 등 다음 단계 공개 시 다시 연다.","단계 변경, 공개항목 추가, 신규 인가고시",Y,data/urban/text/files/08-11680NTC202112010001-08-11680NTC202112010001-business-notice_file-강남구_2021-203호_고시.txt,현재 진행단계에서는 아직 필수 비교값이 아니므로 단계 변경 시 재확인,,,,project-notes/08-ssang1.md
8,강남,강남구,대치쌍용1차아파트 주택재건축정비사업조합,사업시행인가,high,B,management_construction_cost,관리처분 공사비,,not_yet_applicable,,stage_not_applicable,not_blocking,"현재 단계에서는 해당 필드를 비교·점수화하지 않고, 사업시행/관리처분 등 다음 단계 공개 시 다시 연다.","단계 변경, 공개항목 추가, 신규 인가고시",Y,data/urban/text/files/08-11680NTC202112010001-08-11680NTC202112010001-business-notice_file-강남구_2021-203호_고시.txt,현재 진행단계에서는 아직 필수 비교값이 아니므로 단계 변경 시 재확인,,,,project-notes/08-ssang1.md
11,강남,강남구,압구정아파트지구 특별계획구역4,조합설립인가,high,B,management_approval_date,관리처분인가일,,not_yet_applicable,,stage_not_applicable,not_blocking,"현재 단계에서는 해당 필드를 비교·점수화하지 않고, 사업시행/관리처분 등 다음 단계 공개 시 다시 연다.","단계 변경, 공개항목 추가, 신규 인가고시",Y,data/urban/text/files/11-11000NTC202312010004-11-11000NTC202312010004-notice_file-서울특별시_제2023-516호_고시.txt,현재 진행단계에서는 아직 필수 비교값이 아니므로 단계 변경 시 재확인,,,,project-notes/11-apgujeong4.md
11,강남,강남구,압구정아파트지구 특별계획구역4,조합설립인가,high,B,management_construction_cost,관리처분 공사비,,not_yet_applicable,,stage_not_applicable,not_blocking,"현재 단계에서는 해당 필드를 비교·점수화하지 않고, 사업시행/관리처분 등 다음 단계 공개 시 다시 연다.","단계 변경, 공개항목 추가, 신규 인가고시",Y,data/urban/text/files/11-11000NTC202312010004-11-11000NTC202312010004-notice_file-서울특별시_제2023-516호_고시.txt,현재 진행단계에서는 아직 필수 비교값이 아니므로 단계 변경 시 재확인,,,,project-notes/11-apgujeong4.md
11,강남,강남구,압구정아파트지구 특별계획구역4,조합설립인가,high,B,project_approval_date,사업시행인가일,,not_yet_applicable,,stage_not_applicable,not_blocking,"현재 단계에서는 해당 필드를 비교·점수화하지 않고, 사업시행/관리처분 등 다음 단계 공개 시 다시 연다.","단계 변경, 공개항목 추가, 신규 인가고시",Y,data/urban/text/files/11-11000NTC202312010004-11-11000NTC202312010004-notice_file-서울특별시_제2023-516호_고시.txt,현재 진행단계에서는 아직 필수 비교값이 아니므로 단계 변경 시 재확인,,,,project-notes/11-apgujeong4.md
12,강남,강남구,압구정아파트지구 특별계획구역5 재건축정비사업조합,조합설립인가,high,B,management_approval_date,관리처분인가일,,not_yet_applicable,,stage_not_applicable,not_blocking,"현재 단계에서는 해당 필드를 비교·점수화하지 않고, 사업시행/관리처분 등 다음 단계 공개 시 다시 연다.","단계 변경, 공개항목 추가, 신규 인가고시",Y,data/urban/text/files/12-11000NTC202312010004-12-11000NTC202312010004-notice_file-서울특별시_제2023-516호_고시.txt,현재 진행단계에서는 아직 필수 비교값이 아니므로 단계 변경 시 재확인,,,,project-notes/12-apgujeong5.md
12,강남,강남구,압구정아파트지구 특별계획구역5 재건축정비사업조합,조합설립인가,high,B,management_construction_cost,관리처분 공사비,,not_yet_applicable,,stage_not_applicable,not_blocking,"현재 단계에서는 해당 필드를 비교·점수화하지 않고, 사업시행/관리처분 등 다음 단계 공개 시 다시 연다.","단계 변경, 공개항목 추가, 신규 인가고시",Y,data/urban/text/files/12-11000NTC202312010004-12-11000NTC202312010004-notice_file-서울특별시_제2023-516호_고시.txt,현재 진행단계에서는 아직 필수 비교값이 아니므로 단계 변경 시 재확인,,,,project-notes/12-apgujeong5.md
12,강남,강남구,압구정아파트지구 특별계획구역5 재건축정비사업조합,조합설립인가,high,B,project_approval_date,사업시행인가일,,not_yet_applicable,,stage_not_applicable,not_blocking,"현재 단계에서는 해당 필드를 비교·점수화하지 않고, 사업시행/관리처분 등 다음 단계 공개 시 다시 연다.","단계 변경, 공개항목 추가, 신규 인가고시",Y,data/urban/text/files/12-11000NTC202312010004-12-11000NTC202312010004-notice_file-서울특별시_제2023-516호_고시.txt,현재 진행단계에서는 아직 필수 비교값이 아니므로 단계 변경 시 재확인,,,,project-notes/12-apgujeong5.md
15,강남,강남구,압구정한양7차아파트 재건축정비사업조합,조합설립인가,high,B,management_approval_date,관리처분인가일,,not_yet_applicable,,stage_not_applicable,not_blocking,"현재 단계에서는 해당 필드를 비교·점수화하지 않고, 사업시행/관리처분 등 다음 단계 공개 시 다시 연다.","단계 변경, 공개항목 추가, 신규 인가고시",Y,data/urban/text/files/15-11000NTC202312010004-15-11000NTC202312010004-notice_file-서울특별시_제2023-516호_고시.txt,현재 진행단계에서는 아직 필수 비교값이 아니므로 단계 변경 시 재확인,,,,project-notes/15-hanyang7.md
15,강남,강남구,압구정한양7차아파트 재건축정비사업조합,조합설립인가,high,B,management_construction_cost,관리처분 공사비,,not_yet_applicable,,stage_not_applicable,not_blocking,"현재 단계에서는 해당 필드를 비교·점수화하지 않고, 사업시행/관리처분 등 다음 단계 공개 시 다시 연다.","단계 변경, 공개항목 추가, 신규 인가고시",Y,data/urban/text/files/15-11000NTC202312010004-15-11000NTC202312010004-notice_file-서울특별시_제2023-516호_고시.txt,현재 진행단계에서는 아직 필수 비교값이 아니므로 단계 변경 시 재확인,,,,project-notes/15-hanyang7.md
15,강남,강남구,압구정한양7차아파트 재건축정비사업조합,조합설립인가,high,B,project_approval_date,사업시행인가일,,not_yet_applicable,,stage_not_applicable,not_blocking,"현재 단계에서는 해당 필드를 비교·점수화하지 않고, 사업시행/관리처분 등 다음 단계 공개 시 다시 연다.","단계 변경, 공개항목 추가, 신규 인가고시",Y,data/urban/text/files/15-11000NTC202312010004-15-11000NTC202312010004-notice_file-서울특별시_제2023-516호_고시.txt,현재 진행단계에서는 아직 필수 비교값이 아니므로 단계 변경 시 재확인,,,,project-notes/15-hanyang7.md
17,잠실/송파,송파구,송파한양2차아파트 재건축정비사업 조합,조합설립인가,high,B,management_approval_date,관리처분인가일,,not_yet_applicable,,stage_not_applicable,not_blocking,"현재 단계에서는 해당 필드를 비교·점수화하지 않고, 사업시행/관리처분 등 다음 단계 공개 시 다시 연다.","단계 변경, 공개항목 추가, 신규 인가고시",Y,data/urban/text/files/17-11000NTC202506170006-17-11000NTC202506170006-business-notice_file-서울특별시_제2025-239호_고시.txt,현재 진행단계에서는 아직 필수 비교값이 아니므로 단계 변경 시 재확인,,,,project-notes/17-songpa2.md
17,잠실/송파,송파구,송파한양2차아파트 재건축정비사업 조합,조합설립인가,high,B,management_construction_cost,관리처분 공사비,,not_yet_applicable,,stage_not_applicable,not_blocking,"현재 단계에서는 해당 필드를 비교·점수화하지 않고, 사업시행/관리처분 등 다음 단계 공개 시 다시 연다.","단계 변경, 공개항목 추가, 신규 인가고시",Y,data/urban/text/files/17-11000NTC202506170006-17-11000NTC202506170006-business-notice_file-서울특별시_제2025-239호_고시.txt,현재 진행단계에서는 아직 필수 비교값이 아니므로 단계 변경 시 재확인,,,,project-notes/17-songpa2.md
17,잠실/송파,송파구,송파한양2차아파트 재건축정비사업 조합,조합설립인가,high,B,project_approval_date,사업시행인가일,,not_yet_applicable,,stage_not_applicable,not_blocking,"현재 단계에서는 해당 필드를 비교·점수화하지 않고, 사업시행/관리처분 등 다음 단계 공개 시 다시 연다.","단계 변경, 공개항목 추가, 신규 인가고시",Y,data/urban/text/files/17-11000NTC202506170006-17-11000NTC202506170006-business-notice_file-서울특별시_제2025-239호_고시.txt,현재 진행단계에서는 아직 필수 비교값이 아니므로 단계 변경 시 재확인,,,,project-notes/17-songpa2.md
19,잠실/송파,송파구,대림가락아파트 재건축정비사업조합,조합설립인가,high,B,management_approval_date,관리처분인가일,,not_yet_applicable,,stage_not_applicable,not_blocking,"현재 단계에서는 해당 필드를 비교·점수화하지 않고, 사업시행/관리처분 등 다음 단계 공개 시 다시 연다.","단계 변경, 공개항목 추가, 신규 인가고시",Y,data/urban/text/files/19-11000NTC202111260001-19-11000NTC202111260001-notice_file-서울특별시_2021-551호_고시.txt,현재 진행단계에서는 아직 필수 비교값이 아니므로 단계 변경 시 재확인,,,,project-notes/19-daelim.md
19,잠실/송파,송파구,대림가락아파트 재건축정비사업조합,조합설립인가,high,B,management_construction_cost,관리처분 공사비,,not_yet_applicable,,stage_not_applicable,not_blocking,"현재 단계에서는 해당 필드를 비교·점수화하지 않고, 사업시행/관리처분 등 다음 단계 공개 시 다시 연다.","단계 변경, 공개항목 추가, 신규 인가고시",Y,data/urban/text/files/19-11000NTC202111260001-19-11000NTC202111260001-notice_file-서울특별시_2021-551호_고시.txt,현재 진행단계에서는 아직 필수 비교값이 아니므로 단계 변경 시 재확인,,,,project-notes/19-daelim.md
19,잠실/송파,송파구,대림가락아파트 재건축정비사업조합,조합설립인가,high,B,project_approval_date,사업시행인가일,,not_yet_applicable,,stage_not_applicable,not_blocking,"현재 단계에서는 해당 필드를 비교·점수화하지 않고, 사업시행/관리처분 등 다음 단계 공개 시 다시 연다.","단계 변경, 공개항목 추가, 신규 인가고시",Y,data/urban/text/files/19-11000NTC202111260001-19-11000NTC202111260001-notice_file-서울특별시_2021-551호_고시.txt,현재 진행단계에서는 아직 필수 비교값이 아니므로 단계 변경 시 재확인,,,,project-notes/19-daelim.md
22,구의/광진,광진구,중곡아파트 주택재건축정비사업조합,조합설립인가,high,B,management_approval_date,관리처분인가일,,not_yet_applicable,,stage_not_applicable,not_blocking,"현재 단계에서는 해당 필드를 비교·점수화하지 않고, 사업시행/관리처분 등 다음 단계 공개 시 다시 연다.","단계 변경, 공개항목 추가, 신규 인가고시",Y,data/urban/text/files/22-11000NTC201411137333-22-11000NTC201411137333-notice_file-서울특별시2014-382.txt,현재 진행단계에서는 아직 필수 비교값이 아니므로 단계 변경 시 재확인,,,,project-notes/22-junggokapt.md
22,구의/광진,광진구,중곡아파트 주택재건축정비사업조합,조합설립인가,high,B,management_construction_cost,관리처분 공사비,,not_yet_applicable,,stage_not_applicable,not_blocking,"현재 단계에서는 해당 필드를 비교·점수화하지 않고, 사업시행/관리처분 등 다음 단계 공개 시 다시 연다.","단계 변경, 공개항목 추가, 신규 인가고시",Y,data/urban/text/files/22-11000NTC201411137333-22-11000NTC201411137333-notice_file-서울특별시2014-382.txt,현재 진행단계에서는 아직 필수 비교값이 아니므로 단계 변경 시 재확인,,,,project-notes/22-junggokapt.md
22,구의/광진,광진구,중곡아파트 주택재건축정비사업조합,조합설립인가,high,B,project_approval_date,사업시행인가일,,not_yet_applicable,,stage_not_applicable,not_blocking,"현재 단계에서는 해당 필드를 비교·점수화하지 않고, 사업시행/관리처분 등 다음 단계 공개 시 다시 연다.","단계 변경, 공개항목 추가, 신규 인가고시",Y,data/urban/text/files/22-11000NTC201411137333-22-11000NTC201411137333-notice_file-서울특별시2014-382.txt,현재 진행단계에서는 아직 필수 비교값이 아니므로 단계 변경 시 재확인,,,,project-notes/22-junggokapt.md
23,구의/광진,광진구,광장동 삼성1차아파트 소규모재건축정비사업,조합설립인가,high,D,management_approval_date,관리처분인가일,,not_yet_applicable,,stage_not_applicable,not_blocking,"현재 단계에서는 해당 필드를 비교·점수화하지 않고, 사업시행/관리처분 등 다음 단계 공개 시 다시 연다.","단계 변경, 공개항목 추가, 신규 인가고시",N,,현재 진행단계에서는 아직 필수 비교값이 아니므로 단계 변경 시 재확인,S2-0002,manual_escalation_required,정보공개청구 회신 도착 시 고시번호·고시일·원문 URL·첨부명을 intake에 기록하고 그때 decision을 재개,project-notes/23-j15171517.md
23,구의/광진,광진구,광장동 삼성1차아파트 소규모재건축정비사업,조합설립인가,high,D,management_construction_cost,관리처분 공사비,,not_yet_applicable,,stage_not_applicable,not_blocking,"현재 단계에서는 해당 필드를 비교·점수화하지 않고, 사업시행/관리처분 등 다음 단계 공개 시 다시 연다.","단계 변경, 공개항목 추가, 신규 인가고시",N,,현재 진행단계에서는 아직 필수 비교값이 아니므로 단계 변경 시 재확인,S2-0002,manual_escalation_required,정보공개청구 회신 도착 시 고시번호·고시일·원문 URL·첨부명을 intake에 기록하고 그때 decision을 재개,project-notes/23-j15171517.md
23,구의/광진,광진구,광장동 삼성1차아파트 소규모재건축정비사업,조합설립인가,high,D,project_approval_date,사업시행인가일,,not_yet_applicable,,stage_not_applicable,not_blocking,"현재 단계에서는 해당 필드를 비교·점수화하지 않고, 사업시행/관리처분 등 다음 단계 공개 시 다시 연다.","단계 변경, 공개항목 추가, 신규 인가고시",N,,현재 진행단계에서는 아직 필수 비교값이 아니므로 단계 변경 시 재확인,S2-0002,manual_escalation_required,정보공개청구 회신 도착 시 고시번호·고시일·원문 URL·첨부명을 intake에 기록하고 그때 decision을 재개,project-notes/23-j15171517.md
24,구의/광진,광진구,워커힐아파트1단지 재건축정비사업 조합설립추진위원회,추진위원회승인,high,C,management_approval_date,관리처분인가일,,not_yet_applicable,,stage_not_applicable,not_blocking,"현재 단계에서는 해당 필드를 비교·점수화하지 않고, 사업시행/관리처분 등 다음 단계 공개 시 다시 연다.","단계 변경, 공개항목 추가, 신규 인가고시",Y,data/urban/text/gwangjin-gu/files/24-B0000378-16413-1-24-B0000378-16413-gwangjin-gu-1-붙임2-주민의견제출서.txt; data/urban/text/gwangjin-gu/files/24-B0000378-16413-2-24-B0000378-16413-gwangjin-gu-2-붙임1-워커힐아파트-일대-도시관리계획수립-전략환경영향평가-항목-범위-등의-결정내용.txt; data/urban/text/gwangjin-gu/files/24-B0000378-16413-3-24-B0000378-16413-gwangjin-gu-3-공고문.txt; data/urban/text/gwangjin-gu/files/24-B0000378-16096-1-24-B0000378-16096-gwangjin-gu-1-공고문.txt; data/urban/text/gwangjin-gu/files/24-B0000378-16096-2-24-B0000378-16096-gwangjin-gu-2-공람의견서-서식.txt,현재 진행단계에서는 아직 필수 비교값이 아니므로 단계 변경 시 재확인,,,,project-notes/24-walkerhill1.md
24,구의/광진,광진구,워커힐아파트1단지 재건축정비사업 조합설립추진위원회,추진위원회승인,high,C,management_construction_cost,관리처분 공사비,,not_yet_applicable,,stage_not_applicable,not_blocking,"현재 단계에서는 해당 필드를 비교·점수화하지 않고, 사업시행/관리처분 등 다음 단계 공개 시 다시 연다.","단계 변경, 공개항목 추가, 신규 인가고시",Y,data/urban/text/gwangjin-gu/files/24-B0000378-16413-1-24-B0000378-16413-gwangjin-gu-1-붙임2-주민의견제출서.txt; data/urban/text/gwangjin-gu/files/24-B0000378-16413-2-24-B0000378-16413-gwangjin-gu-2-붙임1-워커힐아파트-일대-도시관리계획수립-전략환경영향평가-항목-범위-등의-결정내용.txt; data/urban/text/gwangjin-gu/files/24-B0000378-16413-3-24-B0000378-16413-gwangjin-gu-3-공고문.txt; data/urban/text/gwangjin-gu/files/24-B0000378-16096-1-24-B0000378-16096-gwangjin-gu-1-공고문.txt; data/urban/text/gwangjin-gu/files/24-B0000378-16096-2-24-B0000378-16096-gwangjin-gu-2-공람의견서-서식.txt,현재 진행단계에서는 아직 필수 비교값이 아니므로 단계 변경 시 재확인,,,,project-notes/24-walkerhill1.md
24,구의/광진,광진구,워커힐아파트1단지 재건축정비사업 조합설립추진위원회,추진위원회승인,high,C,project_approval_date,사업시행인가일,,not_yet_applicable,,stage_not_applicable,not_blocking,"현재 단계에서는 해당 필드를 비교·점수화하지 않고, 사업시행/관리처분 등 다음 단계 공개 시 다시 연다.","단계 변경, 공개항목 추가, 신규 인가고시",Y,data/urban/text/gwangjin-gu/files/24-B0000378-16413-1-24-B0000378-16413-gwangjin-gu-1-붙임2-주민의견제출서.txt; data/urban/text/gwangjin-gu/files/24-B0000378-16413-2-24-B0000378-16413-gwangjin-gu-2-붙임1-워커힐아파트-일대-도시관리계획수립-전략환경영향평가-항목-범위-등의-결정내용.txt; data/urban/text/gwangjin-gu/files/24-B0000378-16413-3-24-B0000378-16413-gwangjin-gu-3-공고문.txt; data/urban/text/gwangjin-gu/files/24-B0000378-16096-1-24-B0000378-16096-gwangjin-gu-1-공고문.txt; data/urban/text/gwangjin-gu/files/24-B0000378-16096-2-24-B0000378-16096-gwangjin-gu-2-공람의견서-서식.txt,현재 진행단계에서는 아직 필수 비교값이 아니므로 단계 변경 시 재확인,,,,project-notes/24-walkerhill1.md
24,구의/광진,광진구,워커힐아파트1단지 재건축정비사업 조합설립추진위원회,추진위원회승인,high,C,union_approval_date,조합설립인가일,,not_yet_applicable,,stage_not_applicable,not_blocking,"현재 단계에서는 해당 필드를 비교·점수화하지 않고, 사업시행/관리처분 등 다음 단계 공개 시 다시 연다.","단계 변경, 공개항목 추가, 신규 인가고시",Y,data/urban/text/gwangjin-gu/files/24-B0000378-16413-1-24-B0000378-16413-gwangjin-gu-1-붙임2-주민의견제출서.txt; data/urban/text/gwangjin-gu/files/24-B0000378-16413-2-24-B0000378-16413-gwangjin-gu-2-붙임1-워커힐아파트-일대-도시관리계획수립-전략환경영향평가-항목-범위-등의-결정내용.txt; data/urban/text/gwangjin-gu/files/24-B0000378-16413-3-24-B0000378-16413-gwangjin-gu-3-공고문.txt; data/urban/text/gwangjin-gu/files/24-B0000378-16096-1-24-B0000378-16096-gwangjin-gu-1-공고문.txt; data/urban/text/gwangjin-gu/files/24-B0000378-16096-2-24-B0000378-16096-gwangjin-gu-2-공람의견서-서식.txt,현재 진행단계에서는 아직 필수 비교값이 아니므로 단계 변경 시 재확인,,,,project-notes/24-walkerhill1.md
25,구의/광진,광진구,한양연립 일대 가로주택정비사업,사업시행인가,high,B,management_approval_date,관리처분인가일,,not_yet_applicable,,stage_not_applicable,not_blocking,"현재 단계에서는 해당 필드를 비교·점수화하지 않고, 사업시행/관리처분 등 다음 단계 공개 시 다시 연다.","단계 변경, 공개항목 추가, 신규 인가고시",Y,data/urban/text/gwangjin-gu/html/25-B0000003-6186353.txt,현재 진행단계에서는 아직 필수 비교값이 아니므로 단계 변경 시 재확인,,,,project-notes/25-hanyanggaro.md
25,구의/광진,광진구,한양연립 일대 가로주택정비사업,사업시행인가,high,B,management_construction_cost,관리처분 공사비,,not_yet_applicable,,stage_not_applicable,not_blocking,"현재 단계에서는 해당 필드를 비교·점수화하지 않고, 사업시행/관리처분 등 다음 단계 공개 시 다시 연다.","단계 변경, 공개항목 추가, 신규 인가고시",Y,data/urban/text/gwangjin-gu/html/25-B0000003-6186353.txt,현재 진행단계에서는 아직 필수 비교값이 아니므로 단계 변경 시 재확인,,,,project-notes/25-hanyanggaro.md
27,구의/광진,광진구,광장극동아파트 재건축사업 (신속통합기획),정비구역지정,high,B,management_approval_date,관리처분인가일,,not_yet_applicable,,stage_not_applicable,not_blocking,"현재 단계에서는 해당 필드를 비교·점수화하지 않고, 사업시행/관리처분 등 다음 단계 공개 시 다시 연다.","단계 변경, 공개항목 추가, 신규 인가고시",Y,data/urban/text/files/27-11215NTC202509240002-27-11215NTC202509240002-business-notice_file--정정-고시문-제2026-308호-_260604_오기정정.txt,현재 진행단계에서는 아직 필수 비교값이 아니므로 단계 변경 시 재확인,,,,project-notes/27-kukdong-reborn.md
27,구의/광진,광진구,광장극동아파트 재건축사업 (신속통합기획),정비구역지정,high,B,management_construction_cost,관리처분 공사비,,not_yet_applicable,,stage_not_applicable,not_blocking,"현재 단계에서는 해당 필드를 비교·점수화하지 않고, 사업시행/관리처분 등 다음 단계 공개 시 다시 연다.","단계 변경, 공개항목 추가, 신규 인가고시",Y,data/urban/text/files/27-11215NTC202509240002-27-11215NTC202509240002-business-notice_file--정정-고시문-제2026-308호-_260604_오기정정.txt,현재 진행단계에서는 아직 필수 비교값이 아니므로 단계 변경 시 재확인,,,,project-notes/27-kukdong-reborn.md
27,구의/광진,광진구,광장극동아파트 재건축사업 (신속통합기획),정비구역지정,high,B,project_approval_date,사업시행인가일,,not_yet_applicable,,stage_not_applicable,not_blocking,"현재 단계에서는 해당 필드를 비교·점수화하지 않고, 사업시행/관리처분 등 다음 단계 공개 시 다시 연다.","단계 변경, 공개항목 추가, 신규 인가고시",Y,data/urban/text/files/27-11215NTC202509240002-27-11215NTC202509240002-business-notice_file--정정-고시문-제2026-308호-_260604_오기정정.txt,현재 진행단계에서는 아직 필수 비교값이 아니므로 단계 변경 시 재확인,,,,project-notes/27-kukdong-reborn.md
27,구의/광진,광진구,광장극동아파트 재건축사업 (신속통합기획),정비구역지정,high,B,promotion_committee_approval_date,추진위원회 승인일,,not_yet_applicable,,stage_not_applicable,not_blocking,"현재 단계에서는 해당 필드를 비교·점수화하지 않고, 사업시행/관리처분 등 다음 단계 공개 시 다시 연다.","단계 변경, 공개항목 추가, 신규 인가고시",Y,data/urban/text/files/27-11215NTC202509240002-27-11215NTC202509240002-business-notice_file--정정-고시문-제2026-308호-_260604_오기정정.txt,현재 진행단계에서는 아직 필수 비교값이 아니므로 단계 변경 시 재확인,,,,project-notes/27-kukdong-reborn.md
27,구의/광진,광진구,광장극동아파트 재건축사업 (신속통합기획),정비구역지정,high,B,stage_consent_rate_pct,단계 공개 동의율,,not_yet_applicable,,stage_not_applicable,not_blocking,"현재 단계에서는 해당 필드를 비교·점수화하지 않고, 사업시행/관리처분 등 다음 단계 공개 시 다시 연다.","단계 변경, 공개항목 추가, 신규 인가고시",Y,data/urban/text/files/27-11215NTC202509240002-27-11215NTC202509240002-business-notice_file--정정-고시문-제2026-308호-_260604_오기정정.txt,현재 진행단계에서는 아직 필수 비교값이 아니므로 단계 변경 시 재확인,,,,project-notes/27-kukdong-reborn.md
27,구의/광진,광진구,광장극동아파트 재건축사업 (신속통합기획),정비구역지정,high,B,union_approval_date,조합설립인가일,,not_yet_applicable,,stage_not_applicable,not_blocking,"현재 단계에서는 해당 필드를 비교·점수화하지 않고, 사업시행/관리처분 등 다음 단계 공개 시 다시 연다.","단계 변경, 공개항목 추가, 신규 인가고시",Y,data/urban/text/files/27-11215NTC202509240002-27-11215NTC202509240002-business-notice_file--정정-고시문-제2026-308호-_260604_오기정정.txt,현재 진행단계에서는 아직 필수 비교값이 아니므로 단계 변경 시 재확인,,,,project-notes/27-kukdong-reborn.md
28,구의/광진,광진구,자양번영로3나길 일대 가로주택정비사업,조합설립인가,high,D,management_approval_date,관리처분인가일,,not_yet_applicable,,stage_not_applicable,not_blocking,"현재 단계에서는 해당 필드를 비교·점수화하지 않고, 사업시행/관리처분 등 다음 단계 공개 시 다시 연다.","단계 변경, 공개항목 추가, 신규 인가고시",N,,현재 진행단계에서는 아직 필수 비교값이 아니므로 단계 변경 시 재확인,S2-0003,manual_escalation_required,정보공개청구 회신 도착 시 고시번호·고시일·원문 URL·첨부명을 intake에 기록하고 그때 decision을 재개,project-notes/28-jayang588-22.md
28,구의/광진,광진구,자양번영로3나길 일대 가로주택정비사업,조합설립인가,high,D,management_construction_cost,관리처분 공사비,,not_yet_applicable,,stage_not_applicable,not_blocking,"현재 단계에서는 해당 필드를 비교·점수화하지 않고, 사업시행/관리처분 등 다음 단계 공개 시 다시 연다.","단계 변경, 공개항목 추가, 신규 인가고시",N,,현재 진행단계에서는 아직 필수 비교값이 아니므로 단계 변경 시 재확인,S2-0003,manual_escalation_required,정보공개청구 회신 도착 시 고시번호·고시일·원문 URL·첨부명을 intake에 기록하고 그때 decision을 재개,project-notes/28-jayang588-22.md
28,구의/광진,광진구,자양번영로3나길 일대 가로주택정비사업,조합설립인가,high,D,project_approval_date,사업시행인가일,,not_yet_applicable,,stage_not_applicable,not_blocking,"현재 단계에서는 해당 필드를 비교·점수화하지 않고, 사업시행/관리처분 등 다음 단계 공개 시 다시 연다.","단계 변경, 공개항목 추가, 신규 인가고시",N,,현재 진행단계에서는 아직 필수 비교값이 아니므로 단계 변경 시 재확인,S2-0003,manual_escalation_required,정보공개청구 회신 도착 시 고시번호·고시일·원문 URL·첨부명을 intake에 기록하고 그때 decision을 재개,project-notes/28-jayang588-22.md
29,구의/광진,광진구,자양1의4구역 가로주택정비사업,조합설립인가,high,C,management_approval_date,관리처분인가일,,not_yet_applicable,,stage_not_applicable,not_blocking,"현재 단계에서는 해당 필드를 비교·점수화하지 않고, 사업시행/관리처분 등 다음 단계 공개 시 다시 연다.","단계 변경, 공개항목 추가, 신규 인가고시",Y,data/urban/text/gwangjin-gu/files/29-B0000003-6357990-1-29-B0000003-6357990-gwangjin-gu-1-직인날인-조합설립-변경-인가-공고문.txt; data/urban/text/gwangjin-gu/files/29-B0000003-6353195-1-29-B0000003-6353195-gwangjin-gu-1-공람공고문-안.txt; data/urban/text/gwangjin-gu/files/29-B0000003-6353195-2-29-B0000003-6353195-gwangjin-gu-2-공람의견서.txt,현재 진행단계에서는 아직 필수 비교값이 아니므로 단계 변경 시 재확인,,,,project-notes/29-jayang104.md
29,구의/광진,광진구,자양1의4구역 가로주택정비사업,조합설립인가,high,C,management_construction_cost,관리처분 공사비,,not_yet_applicable,,stage_not_applicable,not_blocking,"현재 단계에서는 해당 필드를 비교·점수화하지 않고, 사업시행/관리처분 등 다음 단계 공개 시 다시 연다.","단계 변경, 공개항목 추가, 신규 인가고시",Y,data/urban/text/gwangjin-gu/files/29-B0000003-6357990-1-29-B0000003-6357990-gwangjin-gu-1-직인날인-조합설립-변경-인가-공고문.txt; data/urban/text/gwangjin-gu/files/29-B0000003-6353195-1-29-B0000003-6353195-gwangjin-gu-1-공람공고문-안.txt; data/urban/text/gwangjin-gu/files/29-B0000003-6353195-2-29-B0000003-6353195-gwangjin-gu-2-공람의견서.txt,현재 진행단계에서는 아직 필수 비교값이 아니므로 단계 변경 시 재확인,,,,project-notes/29-jayang104.md
29,구의/광진,광진구,자양1의4구역 가로주택정비사업,조합설립인가,high,C,project_approval_date,사업시행인가일,,not_yet_applicable,,stage_not_applicable,not_blocking,"현재 단계에서는 해당 필드를 비교·점수화하지 않고, 사업시행/관리처분 등 다음 단계 공개 시 다시 연다.","단계 변경, 공개항목 추가, 신규 인가고시",Y,data/urban/text/gwangjin-gu/files/29-B0000003-6357990-1-29-B0000003-6357990-gwangjin-gu-1-직인날인-조합설립-변경-인가-공고문.txt; data/urban/text/gwangjin-gu/files/29-B0000003-6353195-1-29-B0000003-6353195-gwangjin-gu-1-공람공고문-안.txt; data/urban/text/gwangjin-gu/files/29-B0000003-6353195-2-29-B0000003-6353195-gwangjin-gu-2-공람의견서.txt,현재 진행단계에서는 아직 필수 비교값이 아니므로 단계 변경 시 재확인,,,,project-notes/29-jayang104.md
30,구의/광진,광진구,자양4동 A구역 주택재개발사업,정비구역지정,high,B,management_approval_date,관리처분인가일,,not_yet_applicable,,stage_not_applicable,not_blocking,"현재 단계에서는 해당 필드를 비교·점수화하지 않고, 사업시행/관리처분 등 다음 단계 공개 시 다시 연다.","단계 변경, 공개항목 추가, 신규 인가고시",Y,data/urban/text/files/30-11215NTC202505200003-30-11215NTC202505200003-notice_file-서울특별시_제2025-356호_고시.txt,현재 진행단계에서는 아직 필수 비교값이 아니므로 단계 변경 시 재확인,,,,project-notes/30-jayangdong.md
30,구의/광진,광진구,자양4동 A구역 주택재개발사업,정비구역지정,high,B,management_construction_cost,관리처분 공사비,,not_yet_applicable,,stage_not_applicable,not_blocking,"현재 단계에서는 해당 필드를 비교·점수화하지 않고, 사업시행/관리처분 등 다음 단계 공개 시 다시 연다.","단계 변경, 공개항목 추가, 신규 인가고시",Y,data/urban/text/files/30-11215NTC202505200003-30-11215NTC202505200003-notice_file-서울특별시_제2025-356호_고시.txt,현재 진행단계에서는 아직 필수 비교값이 아니므로 단계 변경 시 재확인,,,,project-notes/30-jayangdong.md
30,구의/광진,광진구,자양4동 A구역 주택재개발사업,정비구역지정,high,B,project_approval_date,사업시행인가일,,not_yet_applicable,,stage_not_applicable,not_blocking,"현재 단계에서는 해당 필드를 비교·점수화하지 않고, 사업시행/관리처분 등 다음 단계 공개 시 다시 연다.","단계 변경, 공개항목 추가, 신규 인가고시",Y,data/urban/text/files/30-11215NTC202505200003-30-11215NTC202505200003-notice_file-서울특별시_제2025-356호_고시.txt,현재 진행단계에서는 아직 필수 비교값이 아니므로 단계 변경 시 재확인,,,,project-notes/30-jayangdong.md
30,구의/광진,광진구,자양4동 A구역 주택재개발사업,정비구역지정,high,B,promotion_committee_approval_date,추진위원회 승인일,,not_yet_applicable,,stage_not_applicable,not_blocking,"현재 단계에서는 해당 필드를 비교·점수화하지 않고, 사업시행/관리처분 등 다음 단계 공개 시 다시 연다.","단계 변경, 공개항목 추가, 신규 인가고시",Y,data/urban/text/files/30-11215NTC202505200003-30-11215NTC202505200003-notice_file-서울특별시_제2025-356호_고시.txt,현재 진행단계에서는 아직 필수 비교값이 아니므로 단계 변경 시 재확인,,,,project-notes/30-jayangdong.md
30,구의/광진,광진구,자양4동 A구역 주택재개발사업,정비구역지정,high,B,stage_consent_rate_pct,단계 공개 동의율,,not_yet_applicable,,stage_not_applicable,not_blocking,"현재 단계에서는 해당 필드를 비교·점수화하지 않고, 사업시행/관리처분 등 다음 단계 공개 시 다시 연다.","단계 변경, 공개항목 추가, 신규 인가고시",Y,data/urban/text/files/30-11215NTC202505200003-30-11215NTC202505200003-notice_file-서울특별시_제2025-356호_고시.txt,현재 진행단계에서는 아직 필수 비교값이 아니므로 단계 변경 시 재확인,,,,project-notes/30-jayangdong.md
30,구의/광진,광진구,자양4동 A구역 주택재개발사업,정비구역지정,high,B,union_approval_date,조합설립인가일,,not_yet_applicable,,stage_not_applicable,not_blocking,"현재 단계에서는 해당 필드를 비교·점수화하지 않고, 사업시행/관리처분 등 다음 단계 공개 시 다시 연다.","단계 변경, 공개항목 추가, 신규 인가고시",Y,data/urban/text/files/30-11215NTC202505200003-30-11215NTC202505200003-notice_file-서울특별시_제2025-356호_고시.txt,현재 진행단계에서는 아직 필수 비교값이 아니므로 단계 변경 시 재확인,,,,project-notes/30-jayangdong.md
18,잠실/송파,송파구,송파미성아파트 재건축정비사업조합,조합설립인가,watch,B,management_approval_date,관리처분인가일,,not_yet_applicable,,stage_not_applicable,not_blocking,"현재 단계에서는 해당 필드를 비교·점수화하지 않고, 사업시행/관리처분 등 다음 단계 공개 시 다시 연다.","단계 변경, 공개항목 추가, 신규 인가고시",Y,data/urban/text/files/18-11710NTC202104230008-18-11710NTC202104230008-notice_file-서울특별시_2021-146호_고시.txt,현재 진행단계에서는 아직 필수 비교값이 아니므로 단계 변경 시 재확인,,,,project-notes/18-songpams.md
18,잠실/송파,송파구,송파미성아파트 재건축정비사업조합,조합설립인가,watch,B,management_construction_cost,관리처분 공사비,,not_yet_applicable,,stage_not_applicable,not_blocking,"현재 단계에서는 해당 필드를 비교·점수화하지 않고, 사업시행/관리처분 등 다음 단계 공개 시 다시 연다.","단계 변경, 공개항목 추가, 신규 인가고시",Y,data/urban/text/files/18-11710NTC202104230008-18-11710NTC202104230008-notice_file-서울특별시_2021-146호_고시.txt,현재 진행단계에서는 아직 필수 비교값이 아니므로 단계 변경 시 재확인,,,,project-notes/18-songpams.md
18,잠실/송파,송파구,송파미성아파트 재건축정비사업조합,조합설립인가,watch,B,project_approval_date,사업시행인가일,,not_yet_applicable,,stage_not_applicable,not_blocking,"현재 단계에서는 해당 필드를 비교·점수화하지 않고, 사업시행/관리처분 등 다음 단계 공개 시 다시 연다.","단계 변경, 공개항목 추가, 신규 인가고시",Y,data/urban/text/files/18-11710NTC202104230008-18-11710NTC202104230008-notice_file-서울특별시_2021-146호_고시.txt,현재 진행단계에서는 아직 필수 비교값이 아니므로 단계 변경 시 재확인,,,,project-notes/18-songpams.md
