closure_id,sprint_id,queue_rank,priority,focus_area,district,rank,project_name,current_stage,work_item_type,field_id,field_label,category,current_value,candidate_value,candidate_source,source_to_open,source_path_or_url,evidence_snippet,action_group,closure_status,recommended_closure,decision_id,decided_at,decision_reviewer,decision_match_mode,decision_context_status,decision_candidate_count,decision_basis,decision_note,follow_up_action,next_action,project_note
S1-0001,S1,1,P0,잠실/송파,,1,잠실5단지아파트 주택재건축정비사업조합,조합설립인가,evidence_review_group,건폐율:22(structured_value_needs_manual_confirmation); 최고높이:280(structured_value_needs_manual_confirmation); 층수:지상:70/지하:4...,비용·분담금,cost_pressure,,"2022; 3,267,273원; 2011; 2023; 152㎡; 39.4억; 176㎡; 47.6억; 15,600,000원; 31,200,000원; 2020; 2,874,000원","P0 2025-09-23 정비기반시설(출입구,환기구,통신구등) 이설 설계업체 선정 입찰공고 / P0 2025-09-23 정비기반시설 공공청사 및 근린생활시설 건축설계 업체 선정 입찰 공고 / P0 2025-12-16 정비계획 변경에 따른 추정분담금 산정 / P0 2025-09-23 한강보행교 설치를 위한 인허가 이행 용...",data/urban/text/files/01-11710NTC202409230003-01-11710NTC202409230003-notice_file-서울특별시_제2024-432호_고시.txt:1110; data/urban/text/files/01-11710NTC202409230003-01-11710NTC202409230003-notice_file-서울특별시_제2024-432호_고시.txt:481; data/urban/text/files/01-11710NTC202...,"P0 2025-09-23 정비기반시설(출입구,환기구,통신구등) 이설 설계업체 선정 입찰공고 / P0 2025-09-23 정비기반시설 공공청사 및 근린생활시설 건축설계 업체 선정 입찰 공고 / P0 2025-12-16 정비계획 변경에 따른 추정분담금 산정 / P0 2025-09-23 한강보행교 설치를 위한 인허가 이행 용역 업체 선정 입찰 공고 / P0 2025-09-23 전력계통영향평가 업체 선정 입찰 공고 / P2 2025-03-11 2025년 민간공사원가자문 서비스 안내","주1) 2022년 공공건축물 건립 공사비 책정 가이드라인(동청사) : 3,267,273원(부가세 제외) 주2) 한강전망보행데크조성(성수,가양,서빙고 보행교, 2011년도) 사업비 평균값 × 2011년 12월 ~ 2023년 12월 건설공사비 상승률 / 추정 전용 152㎡T2형 39.4억 분담금 전용 176㎡A형 47.6억 권리자분양가 추정액 개별 종전자산 추정액 / ※ ㉯ : 공시지가(주5) × 2 = 15,600,000원 × 2 = 31,200,000원 주1) 2020년 공공건축물 건립 공사비 책정 가이드라인(동청사) : 2,874,000원 주2) 공공건설임대주택 표준건축비(50㎡초과 ~ 60㎡이하) : 1,037,500원(부가세포함)",ready_with_p0_public_item,confirmed,confirm_limited_public_context,svc-20260624-0001,2026-06-24 KST,codex_manual_woosung1_notice_review,closure_context_exact,matched,1,derived_from_existing_s1_s5_workbooks_and_review_logs,"추가 원문, recordCode, OCR 이미지, 별첨 또는 2차 공식 출처가 필요해 pending 유지",비용·분담금 후보를 P0 공개항목 상세/첨부와 대조하고 장부·메모에 confirmed/pending/conflict 기록,비용·분담금 후보를 P0 공개항목 상세/첨부와 대조하고 장부·메모에 confirmed/pending/conflict 기록,project-notes/01-jamsil5apt.md
S1-0002,S1,2,P0,잠실/송파,,1,잠실5단지아파트 주택재건축정비사업조합,조합설립인가,evidence_review_group,건폐율:22(structured_value_needs_manual_confirmation); 최고높이:280(structured_value_needs_manual_confirmation); 층수:지상:70/지하:4...,기반시설,infrastructure,,"31,374.3㎡; 8,303.9㎡; 1,000.0㎡; 14,414.1㎡; 8,548.5㎡; 69,896.0㎡; 32,735.0㎡; 24,000.0㎡; 11,655.0㎡; 1,506.0㎡; 963.9㎡; 9,683.0㎡","P0 2025-09-23 정비기반시설(출입구,환기구,통신구등) 이설 설계업체 선정 입찰공고 / P0 2025-09-23 정비기반시설 공공청사 및 근린생활시설 건축설계 업체 선정 입찰 공고 / P0 2025-12-16 정비계획 변경에 따른 추정분담금 산정 / P0 2025-09-23 한강보행교 설치를 위한 인허가 이행 용...",data/urban/text/files/01-11710NTC202409230003-01-11710NTC202409230003-notice_file-서울특별시_제2024-432호_고시.txt:1096; data/urban/text/files/01-11710NTC202409230003-01-11710NTC202409230003-notice_file-서울특별시_제2024-432호_고시.txt:1002; data/urban/text/files/01-11710NTC20...,"P0 2025-09-23 정비기반시설(출입구,환기구,통신구등) 이설 설계업체 선정 입찰공고 / P0 2025-09-23 정비기반시설 공공청사 및 근린생활시설 건축설계 업체 선정 입찰 공고 / P0 2025-12-16 정비계획 변경에 따른 추정분담금 산정 / P0 2025-09-23 한강보행교 설치를 위한 인허가 이행 용역 업체 선정 입찰 공고 / P0 2025-09-23 전력계통영향평가 업체 선정 입찰 공고 / P2 2025-03-11 2025년 민간공사원가자문 서비스 안내","공공시설등 - 도로(31,374.3㎡), 공원(8,303.9㎡), 공공청사(1,000.0㎡), 학교(14,414.1㎡), 공공공지(8,548.5㎡) 부지(토지) 면적 / •계획 정비기반시설 면적 = 69,896.0㎡ 공공시설등 - 도로(32,735.0㎡), 학교(24,000.0㎡), 공원(11,655.0㎡), 공공청사(1,506.0㎡) 부지(토지) 면적 •공공주택(공공기여) 건립면적(대지지분) = 963.9㎡ / 공공시설등 - 도로(9,683.0㎡), 공원(9,122.0㎡) 부지(토지) 면적",ready_with_p0_public_item,confirmed,confirm,svc-20260624-0002,2026-06-24 KST,codex_manual_apgujeong3_summary_review,closure_context_exact,matched,1,derived_from_existing_s1_s5_workbooks_and_review_logs,"2026-298 고시문 주택공급계획 표가 총 3,113세대, 분양 2,416세대, 임대 697세대를 직접 보여 줘 총 세대수 공식 원문값을 confirmed 처리",confirmed 항목은 최신 2026-298 본고시 기준값으로 사업별 메모와 비교표에 유지,기반시설 후보를 P0 공개항목 상세/첨부와 대조하고 장부·메모에 confirmed/pending/conflict 기록,project-notes/01-jamsil5apt.md
S1-0003,S1,3,P0,잠실/송파,,1,잠실5단지아파트 주택재건축정비사업조합,조합설립인가,evidence_review_group,건폐율:22(structured_value_needs_manual_confirmation); 최고높이:280(structured_value_needs_manual_confirmation); 층수:지상:70/지하:4...,공공기여·기부채납,public_contribution,,"2,605.3㎡; 562.0㎡; 18,594.4㎡; 230%; 1.3; 0.9477; 0.1385; 0.7; 0.0053; 270.10%; 217.98%; 230.00%","P0 2025-09-23 정비기반시설(출입구,환기구,통신구등) 이설 설계업체 선정 입찰공고 / P0 2025-09-23 정비기반시설 공공청사 및 근린생활시설 건축설계 업체 선정 입찰 공고 / P0 2025-12-16 정비계획 변경에 따른 추정분담금 산정 / P0 2025-09-23 한강보행교 설치를 위한 인허가 이행 용...",data/urban/text/files/01-11710NTC202409230003-01-11710NTC202409230003-notice_file-서울특별시_제2024-432호_고시.txt:1034; data/urban/text/files/01-11710NTC202409230003-01-11710NTC202409230003-notice_file-서울특별시_제2024-432호_고시.txt:1123; data/urban/text/files/01-11710NTC20...,"P0 2025-09-23 정비기반시설(출입구,환기구,통신구등) 이설 설계업체 선정 입찰공고 / P0 2025-09-23 정비기반시설 공공청사 및 근린생활시설 건축설계 업체 선정 입찰 공고 / P0 2025-12-16 정비계획 변경에 따른 추정분담금 산정 / P0 2025-09-23 한강보행교 설치를 위한 인허가 이행 용역 업체 선정 입찰 공고 / P0 2025-09-23 전력계통영향평가 업체 선정 입찰 공고 / P2 2025-03-11 2025년 민간공사원가자문 서비스 안내","•공공주택(공공기여) 건립면적(대지지분) = 2,605.3㎡ •건축물 기부채납(공공주택(공공기여)) 환산부지면적 = 562.0㎡(연면적 18,594.4㎡) - ㉮ 공공시설등 설치비용(원) ÷ ㉯ 용적률 완화받고자 하는 부지가액(원/㎡) / = 230% × (1 + 1.3 × 0.9477 × 0.1385 + 0.7 × 0.0053) = 270.10% 가중치 = 공공시설부지 용적률 / 사업부지 용적률 = 217.98% / 230.00% = 0.9477 주택용지 α = 공공시설부지 제공면적 / 공공시설부지 제공 후 대지면적 = 29,280.9 / 211,397... / = 230% × (1 + 1.3 × 0.7834 × 0.2917 + 0....",ready_with_p0_public_item,confirmed,confirm,svc-20260624-0003,2026-06-24 KST,codex_manual_jayang_hanyang_notice_review,closure_context_exact,matched,1,derived_from_existing_s1_s5_workbooks_and_review_logs,기존 수동 OCR 판정 또는 관리처분 공개항목 해소표에서 현재값을 확인한 항목으로 1차 confirmed 처리,confirmed 항목은 핵심 수치 장부/사업별 메모에 반영 여부를 점검,공공기여·기부채납 후보를 P0 공개항목 상세/첨부와 대조하고 장부·메모에 confirmed/pending/conflict 기록,project-notes/01-jamsil5apt.md
S1-0004,S1,4,P0,잠실/송파,,1,잠실5단지아파트 주택재건축정비사업조합,조합설립인가,evidence_review_group,건폐율:22(structured_value_needs_manual_confirmation); 최고높이:280(structured_value_needs_manual_confirmation); 층수:지상:70/지하:4...,용적률·비율 산정,ratio_calculation,,299.94%; 289.08%; 10.86%; 50%; 5.43%; 300.00%; 270.10%; 29.90%; 14.95%; 399.99%; 327.87%; 72.12%,"P0 2025-09-23 정비기반시설(출입구,환기구,통신구등) 이설 설계업체 선정 입찰공고 / P0 2025-09-23 정비기반시설 공공청사 및 근린생활시설 건축설계 업체 선정 입찰 공고 / P0 2025-12-16 정비계획 변경에 따른 추정분담금 산정 / P0 2025-09-23 한강보행교 설치를 위한 인허가 이행 용...",data/urban/text/files/01-11710NTC202409230003-01-11710NTC202409230003-notice_file-서울특별시_제2024-432호_고시.txt:1403; data/urban/text/files/01-11710NTC202409230003-01-11710NTC202409230003-notice_file-서울특별시_제2024-432호_고시.txt:1424; data/urban/text/files/01-11710NTC20...,"P0 2025-09-23 정비기반시설(출입구,환기구,통신구등) 이설 설계업체 선정 입찰공고 / P0 2025-09-23 정비기반시설 공공청사 및 근린생활시설 건축설계 업체 선정 입찰 공고 / P0 2025-12-16 정비계획 변경에 따른 추정분담금 산정 / P0 2025-09-23 한강보행교 설치를 위한 인허가 이행 용역 업체 선정 입찰 공고 / P0 2025-09-23 전력계통영향평가 업체 선정 입찰 공고 / P2 2025-03-11 2025년 민간공사원가자문 서비스 안내",법적상한용적률 ∙ 299.94% 이하(건축위원회 심의에서 최종 결정) 용적률 증가분 ∙ 법적상한용적률 - 상한용적률 = 299.94% – 289.08% = 10.86% 공공 건립용적률 ∙ 10.86% × 50% = 5.43% / 법적상한용적률 ∙ 300.00% 이하(건축위원회 심의에서 최종 결정) 용적률 증가분 ∙ 법적상한용적률 - 상한용적률 = 300.00% – 270.10% = 29.90% 공공 건립용적률 ∙ 29.90% × 50% = 14.95% / 법적상한용적률 ∙ 399.99% 이하(건축위원회 심의에서 최종 결정) 용적률 증가분 ∙ 법적상한용적률 - 상한용적률 = 399.99% – 327.87% = 72.12% 공공 건립용적률...,ready_with_p0_public_item,confirmed,confirm,svc-20260624-0004,2026-06-24 KST,codex_manual_garak_hyundai_songpa_review,closure_context_exact,matched,1,derived_from_existing_s1_s5_workbooks_and_review_logs,기존 수동 OCR 판정 또는 관리처분 공개항목 해소표에서 현재값을 확인한 항목으로 1차 confirmed 처리,confirmed 항목은 핵심 수치 장부/사업별 메모에 반영 여부를 점검,용적률·비율 산정 후보를 P0 공개항목 상세/첨부와 대조하고 장부·메모에 confirmed/pending/conflict 기록,project-notes/01-jamsil5apt.md
S1-0005,S1,5,P0,강남,,2,압구정아파트지구 특별계획구역② 재건축정비사업조합,조합설립인가,evidence_review_group,건폐율:16(structured_value_needs_manual_confirmation); 최고높이:110(structured_value_needs_manual_confirmation); 층수:지상:35/지하:3...,비용·분담금,cost_pressure,,2022; 500; 1500㎡; 1.2; 75%; 230%; 20%,"P0 2026-06-15 정비기반시설 설치공사비 산출, 국공유지무상양도협의 및 임대주택 매각금액 산정 용역업체 선정 입찰공고 / P0 2026-06-15 공공디자인 심의 용역업체 선정 입찰공고 / P0 2026-06-15 지하차도(소로1-A) 설계 용역업체 선정 입찰공고 / P0 2026-06-15 전력계통영향평가 용역...",data/urban/text/files/02-11000NTC202504070006-02-11000NTC202504070006-notice_file-서울특별시_제2025-136호_고시.txt:820; data/urban/text/files/02-11000NTC202504070006-02-11000NTC202504070006-notice_file-서울특별시_제2025-136호_고시.txt:819; data/urban/text/files/02-11000NTC2025...,"P0 2026-06-15 정비기반시설 설치공사비 산출, 국공유지무상양도협의 및 임대주택 매각금액 산정 용역업체 선정 입찰공고 / P0 2026-06-15 공공디자인 심의 용역업체 선정 입찰공고 / P0 2026-06-15 지하차도(소로1-A) 설계 용역업체 선정 입찰공고 / P0 2026-06-15 전력계통영향평가 용역업체 선정 입찰공고 / P2 2025-03-11 2025년 민간공사원가자문 서비스 안내",※ 공공청사 공사비 : 2022공공건축물 건립 공사비 책정 가이드라인(공공업무사무소 500~1500㎡) 적용 ※ 입체보행교 공사비 : 망원초록길 조성사업비의 약 1.2배 적용 ※ 지하차도 공사비 : 단지개발사업 조성비 및 기반시설 설치비 추정자료(한국토지주택공사) 내 지하차도 / (B) ※ 공공청사 공사비 : 2022공공건축물 건립 공사비 책정 가이드라인(공공업무사무소 500~1500㎡) 적용 ※ 입체보행교 공사비 : 망원초록길 조성사업비의 약 1.2배 적용 / ※ 지하차도 공사비 : 단지개발사업 조성비 및 기반시설 설치비 추정자료(한국토지주택공사) 내 지하차도 왕복 4차로 단위공사비x65~75% (압구정 3구역과 1/2씩 부담) Ÿ ...,ready_with_p0_public_item,confirmed,confirm_limited_public_context,svc-20260624-0005,2026-06-24 KST,codex_manual_jayang7_notice_review,closure_context_exact,matched,1,derived_from_existing_s1_s5_workbooks_and_review_logs,"2022 공공건축물 건립 공사비 책정 가이드라인(공공업무사무소 500~1500㎡), 망원초록길 조성사업비의 약 1.2배 입체보행교 공사비, 지하차도 왕복 4차로 단위공사비의 65~75% 적용 문맥이 고시문 스니펫과 사업 메모에 정리돼 있어 비용·분담금 공식 원문 컨텍스트를 limited_public_context 수준에서 confirmed 처리",confirmed 항목은 사업별 메모와 S1 리뷰 보드에 원문 컨텍스트 확보 상태를 유지,비용·분담금 후보를 P0 공개항목 상세/첨부와 대조하고 장부·메모에 confirmed/pending/conflict 기록,project-notes/02-apgujeong2.md
S1-0006,S1,6,P0,강남,,2,압구정아파트지구 특별계획구역② 재건축정비사업조합,조합설립인가,evidence_review_group,건폐율:16(structured_value_needs_manual_confirmation); 최고높이:110(structured_value_needs_manual_confirmation); 층수:지상:35/지하:3...,기반시설,infrastructure,,"51,225.1㎡; 1,488.3㎡; 52,713.4㎡; 2.0m; 3.0m","P0 2026-06-15 정비기반시설 설치공사비 산출, 국공유지무상양도협의 및 임대주택 매각금액 산정 용역업체 선정 입찰공고 / P0 2026-06-15 공공디자인 심의 용역업체 선정 입찰공고 / P0 2026-06-15 지하차도(소로1-A) 설계 용역업체 선정 입찰공고 / P0 2026-06-15 전력계통영향평가 용역...",data/urban/text/files/02-11000NTC202504070006-02-11000NTC202504070006-notice_file-서울특별시_제2025-136호_고시.txt:798; data/urban/text/files/02-11000NTC202504070006-02-11000NTC202504070006-notice_file-서울특별시_제2025-136호_고시.txt:903; data/urban/text/files/02-11000NTC2025...,"P0 2026-06-15 정비기반시설 설치공사비 산출, 국공유지무상양도협의 및 임대주택 매각금액 산정 용역업체 선정 입찰공고 / P0 2026-06-15 공공디자인 심의 용역업체 선정 입찰공고 / P0 2026-06-15 지하차도(소로1-A) 설계 용역업체 선정 입찰공고 / P0 2026-06-15 전력계통영향평가 용역업체 선정 입찰공고 / P2 2025-03-11 2025년 민간공사원가자문 서비스 안내","획지 내 용도폐지 되는 기존기반시설 국·공유지 면적 - 계획 정비기반시설 면적(A+B) : 51,225.1㎡ + 1,488.3㎡ = 52,713.4㎡ 소계(A+B) / 3 Ⓐ 공원 북측 신설도로 - 2.0m 3.0m - 4 / 4 공원 서측 신설도로 - 2.0m 3.0m - Ⓐ",ready_with_p0_public_item,confirmed,confirm,svc-20260624-0006,2026-06-24 KST,codex_manual_songpa_hanyang2_s1_direct_notice_review,closure_context_exact,matched,1,derived_from_existing_s1_s5_workbooks_and_review_logs,기존 수동 OCR 판정 또는 관리처분 공개항목 해소표에서 현재값을 확인한 항목으로 1차 confirmed 처리,confirmed 항목은 핵심 수치 장부/사업별 메모에 반영 여부를 점검,기반시설 후보를 P0 공개항목 상세/첨부와 대조하고 장부·메모에 confirmed/pending/conflict 기록,project-notes/02-apgujeong2.md
S1-0007,S1,7,P0,강남,,2,압구정아파트지구 특별계획구역② 재건축정비사업조합,조합설립인가,evidence_review_group,건폐율:16(structured_value_needs_manual_confirmation); 최고높이:110(structured_value_needs_manual_confirmation); 층수:지상:35/지하:3...,공공기여·기부채납,public_contribution,,"52,713.4㎡; 35,976.0㎡; 500.8㎡; 16,236.6㎡; 10.4%; 10%","P0 2026-06-15 정비기반시설 설치공사비 산출, 국공유지무상양도협의 및 임대주택 매각금액 산정 용역업체 선정 입찰공고 / P0 2026-06-15 공공디자인 심의 용역업체 선정 입찰공고 / P0 2026-06-15 지하차도(소로1-A) 설계 용역업체 선정 입찰공고 / P0 2026-06-15 전력계통영향평가 용역...",data/urban/text/files/02-11000NTC202504070006-02-11000NTC202504070006-notice_file-서울특별시_제2025-136호_고시.txt:800; data/urban/text/files/02-11000NTC202504070006-02-11000NTC202504070006-notice_file-서울특별시_제2025-136호_고시.txt:2340; data/urban/text/files/02-11000NTC202...,"P0 2026-06-15 정비기반시설 설치공사비 산출, 국공유지무상양도협의 및 임대주택 매각금액 산정 용역업체 선정 입찰공고 / P0 2026-06-15 공공디자인 심의 용역업체 선정 입찰공고 / P0 2026-06-15 지하차도(소로1-A) 설계 용역업체 선정 입찰공고 / P0 2026-06-15 전력계통영향평가 용역업체 선정 입찰공고 / P2 2025-03-11 2025년 민간공사원가자문 서비스 안내","소계(A+B) ⇒ (순부담) 52,713.4㎡ – 35,976.0㎡ – 500.8㎡ = 16,236.6㎡(10.4%) ※ 순부담률 = 순부담면적 ÷ (구역면적 – 계획 정비기반시설 내 기존 국·공유지 면적 - 획지 내 용도폐지 되는 / - 계획 - 순부담 : 16,236.6㎡(10.4%) 불허용도 Ÿ 허용용도 이외의 용도 - / 획지계획 Ÿ 획지 B1, B2 Ÿ 한강변 공공시설 제공(순부담) 비율 : 10% 내외 원칙 Ÿ 도로 : 교통영향평가 결과 및 관련 법령 등에 따라 도로 설치",ready_with_p0_public_item,confirmed,confirm,svc-20260624-0007,2026-06-24 KST,codex_closure_triage_seed,closure_context_exact,matched,1,derived_from_existing_s1_s5_workbooks_and_review_logs,기존 수동 OCR 판정 또는 관리처분 공개항목 해소표에서 현재값을 확인한 항목으로 1차 confirmed 처리,confirmed 항목은 핵심 수치 장부/사업별 메모에 반영 여부를 점검,공공기여·기부채납 후보를 P0 공개항목 상세/첨부와 대조하고 장부·메모에 confirmed/pending/conflict 기록,project-notes/02-apgujeong2.md
S1-0008,S1,8,P0,강남,,2,압구정아파트지구 특별계획구역② 재건축정비사업조합,조합설립인가,evidence_review_group,건폐율:16(structured_value_needs_manual_confirmation); 최고높이:110(structured_value_needs_manual_confirmation); 층수:지상:35/지하:3...,용적률·비율 산정,ratio_calculation,,299.99%; 50%; 262.81%,"P0 2026-06-15 정비기반시설 설치공사비 산출, 국공유지무상양도협의 및 임대주택 매각금액 산정 용역업체 선정 입찰공고 / P0 2026-06-15 공공디자인 심의 용역업체 선정 입찰공고 / P0 2026-06-15 지하차도(소로1-A) 설계 용역업체 선정 입찰공고 / P0 2026-06-15 전력계통영향평가 용역...",data/urban/text/files/02-11000NTC202504070006-02-11000NTC202504070006-notice_file-서울특별시_제2025-136호_고시.txt:773; data/urban/text/files/02-11000NTC202504070006-02-11000NTC202504070006-notice_file-서울특별시_제2025-136호_고시.txt:856; data/urban/text/files/02-11000NTC2025...,"P0 2026-06-15 정비기반시설 설치공사비 산출, 국공유지무상양도협의 및 임대주택 매각금액 산정 용역업체 선정 입찰공고 / P0 2026-06-15 공공디자인 심의 용역업체 선정 입찰공고 / P0 2026-06-15 지하차도(소로1-A) 설계 용역업체 선정 입찰공고 / P0 2026-06-15 전력계통영향평가 용역업체 선정 입찰공고 / P2 2025-03-11 2025년 민간공사원가자문 서비스 안내",심의완화사항 : 예정법적상한용적률 299.99%이하 Ÿ 건축한계선 / 법적 Ÿ 법적상한용적률 = 299.99% 이하 상한용적률 / Ÿ 국민주택규모 주택 건설 = (법적상한용적률 – 개발가능용적률) × 50% = (299.99% - 262.81%) × 50%,ready_with_p0_public_item,confirmed,confirm,svc-20260624-0008,2026-06-24 KST,codex_closure_triage_seed,closure_context_exact,matched,1,derived_from_existing_s1_s5_workbooks_and_review_logs,기존 수동 OCR 판정 또는 관리처분 공개항목 해소표에서 현재값을 확인한 항목으로 1차 confirmed 처리,confirmed 항목은 핵심 수치 장부/사업별 메모에 반영 여부를 점검,용적률·비율 산정 후보를 P0 공개항목 상세/첨부와 대조하고 장부·메모에 confirmed/pending/conflict 기록,project-notes/02-apgujeong2.md
S1-0009,S1,9,P0,잠실/송파,,3,잠실우성아파트 재건축정비사업조합,조합설립인가,evidence_review_group,건폐율:23(structured_value_needs_manual_confirmation); 최고높이:105(structured_value_needs_manual_confirmation); 층수:지상:49/지하:4...,비용·분담금,cost_pressure,,"2,457,000; 2,400; 16,052,000; 2,457,000원; 8,026,000원; 16,052,000원; 367㎡",P0 2026-02-13 잠실우성아파트 재건축정비사업 정비기반시설(도로) 설계 용역업체 선정 입찰공고 (서울시 공공디자인 심의 포함) / P0 2025-04-30 잠실우성아파트 재건축정비사업 정비기반시설(공원) 설계 업체 선정 재입찰공고 / P0 2025-04-04 잠실우성아파트 재건축정비사업 조합 정비기반시설(공원)설...,data/urban/text/files/03-11000NTC201512177681-03-11000NTC201512177681-notice_file-서울특별시2015-401.txt:525; data/urban/text/files/03-11000NTC201512177681-03-11000NTC201512177681-notice_file-서울특별시2015-401.txt:522,P0 2026-02-13 잠실우성아파트 재건축정비사업 정비기반시설(도로) 설계 용역업체 선정 입찰공고 (서울시 공공디자인 심의 포함) / P0 2025-04-30 잠실우성아파트 재건축정비사업 정비기반시설(공원) 설계 업체 선정 재입찰공고 / P0 2025-04-04 잠실우성아파트 재건축정비사업 조합 정비기반시설(공원)설계 업체 선정 입찰공고 / P0 2026-02-13 잠실우성아파트 재건축정비사업 전력계통영향평가 용역업체 선정 입찰공고 / P1 2017-12-07 조합설립을 위한 추정분담금 등 주민설명회 개최 / P2 2025-03-11 2025년 민간공사원가자문 ...,"= 2,457,000 × 2,400 ÷ 16,052,000 ※ 서울시 녹색건축물 조성 복지시설 공사비 2,457,000원 ※ 부지가액 : 공시지가 2배 적용(8,026,000원 × 2 = 16,052,000원) / - 환산부지면적 : 367㎡ → 서울시 녹색건축물 조성 복지시설 공사비 × 연면적 ÷ 부지가액",ready_with_p0_public_item,confirmed,confirm_limited_public_context,svc-20260624-0009,2026-06-24 KST,codex_closure_triage_seed,closure_context_exact,matched,1,derived_from_existing_s1_s5_workbooks_and_review_logs,"서울시 녹색건축물 조성 복지시설 공사비 2,457,000원, 연면적 2,400㎡, 부지가액 8,026,000원×2=16,052,000원, 환산부지면적 367㎡ 산식이 고시문 스니펫과 사업 메모에 정리돼 있어 비용·분담금 공식 원문 컨텍스트를 limited_public_context 수준에서 confirmed 처리",confirmed 항목은 사업별 메모와 S1 리뷰 보드에 원문 컨텍스트 확보 상태를 유지,비용·분담금 후보를 P0 공개항목 상세/첨부와 대조하고 장부·메모에 confirmed/pending/conflict 기록,project-notes/03-q1qk5nf6.md
S1-0010,S1,10,P0,잠실/송파,,3,잠실우성아파트 재건축정비사업조합,조합설립인가,evidence_review_group,건폐율:23(structured_value_needs_manual_confirmation); 최고높이:105(structured_value_needs_manual_confirmation); 층수:지상:49/지하:4...,기반시설,infrastructure,,"120,354㎡; 101",P0 2026-02-13 잠실우성아파트 재건축정비사업 정비기반시설(도로) 설계 용역업체 선정 입찰공고 (서울시 공공디자인 심의 포함) / P0 2025-04-30 잠실우성아파트 재건축정비사업 정비기반시설(공원) 설계 업체 선정 재입찰공고 / P0 2025-04-04 잠실우성아파트 재건축정비사업 조합 정비기반시설(공원)설...,data/urban/text/files/03-11000NTC201512177681-03-11000NTC201512177681-notice_file-서울특별시2015-401.txt:471; data/urban/text/files/03-11000NTC201512177681-03-11000NTC201512177681-notice_file-서울특별시2015-401.txt:182; data/urban/text/files/03-11000NTC201512177681-03-...,P0 2026-02-13 잠실우성아파트 재건축정비사업 정비기반시설(도로) 설계 용역업체 선정 입찰공고 (서울시 공공디자인 심의 포함) / P0 2025-04-30 잠실우성아파트 재건축정비사업 정비기반시설(공원) 설계 업체 선정 재입찰공고 / P0 2025-04-04 잠실우성아파트 재건축정비사업 조합 정비기반시설(공원)설계 업체 선정 입찰공고 / P0 2026-02-13 잠실우성아파트 재건축정비사업 전력계통영향평가 용역업체 선정 입찰공고 / P1 2017-12-07 조합설립을 위한 추정분담금 등 주민설명회 개최 / P2 2025-03-11 2025년 민간공사원가자문 ...,"택지(공동주택, 유치원) 정비기반시설 등 120,354㎡ / 공원 어린이공원 송파구 잠실동 101-1번지 일대 / 공원 어린이공원 송파구 잠실동 101-2번지 일대",ready_with_p0_public_item,confirmed,confirm,svc-20260624-0010,2026-06-24 KST,codex_closure_triage_seed,closure_context_exact,matched,1,derived_from_existing_s1_s5_workbooks_and_review_logs,기존 수동 OCR 판정 또는 관리처분 공개항목 해소표에서 현재값을 확인한 항목으로 1차 confirmed 처리,confirmed 항목은 핵심 수치 장부/사업별 메모에 반영 여부를 점검,기반시설 후보를 P0 공개항목 상세/첨부와 대조하고 장부·메모에 confirmed/pending/conflict 기록,project-notes/03-q1qk5nf6.md
S1-0011,S1,11,P0,잠실/송파,,3,잠실우성아파트 재건축정비사업조합,조합설립인가,evidence_review_group,건폐율:23(structured_value_needs_manual_confirmation); 최고높이:105(structured_value_needs_manual_confirmation); 층수:지상:49/지하:4...,공공기여·기부채납,public_contribution,,"6.7; 8,533㎡; 7.0%; 484㎡; 8,166㎡; 367㎡; 240%; 210%; 10%; 20%",P0 2026-02-13 잠실우성아파트 재건축정비사업 정비기반시설(도로) 설계 용역업체 선정 입찰공고 (서울시 공공디자인 심의 포함) / P0 2025-04-30 잠실우성아파트 재건축정비사업 정비기반시설(공원) 설계 업체 선정 재입찰공고 / P0 2025-04-04 잠실우성아파트 재건축정비사업 조합 정비기반시설(공원)설...,data/urban/text/files/03-11000NTC201512177681-03-11000NTC201512177681-notice_file-서울특별시2015-401.txt:52; data/urban/text/files/03-11000NTC201512177681-03-11000NTC201512177681-notice_file-서울특별시2015-401.txt:478; data/urban/text/files/03-11000NTC201512177681-03-1...,P0 2026-02-13 잠실우성아파트 재건축정비사업 정비기반시설(도로) 설계 용역업체 선정 입찰공고 (서울시 공공디자인 심의 포함) / P0 2025-04-30 잠실우성아파트 재건축정비사업 정비기반시설(공원) 설계 업체 선정 재입찰공고 / P0 2025-04-04 잠실우성아파트 재건축정비사업 조합 정비기반시설(공원)설계 업체 선정 입찰공고 / P0 2026-02-13 잠실우성아파트 재건축정비사업 전력계통영향평가 용역업체 선정 입찰공고 / P1 2017-12-07 조합설립을 위한 추정분담금 등 주민설명회 개최 / P2 2025-03-11 2025년 민간공사원가자문 ...,"6.7 ■ 순부담 면적 8,533㎡(7.0%) - 도 로 : 484㎡ / 토지 8,166㎡, 건축물(토지환산) 367㎡ 순부담 면적 : 8,533㎡(7.0%) 개발가능용적률 / 정비계획으로 정해진 용적률 ∙ 개발가능용적률 : 240% (기준용적률 210%, 인센티브 10%, 기부채납 20%) 재건축소형주택 의무면적",ready_with_p0_public_item,confirmed,confirm,svc-20260624-0011,2026-06-24 KST,codex_closure_triage_seed,closure_context_exact,matched,1,derived_from_existing_s1_s5_workbooks_and_review_logs,기존 수동 OCR 판정 또는 관리처분 공개항목 해소표에서 현재값을 확인한 항목으로 1차 confirmed 처리,confirmed 항목은 핵심 수치 장부/사업별 메모에 반영 여부를 점검,공공기여·기부채납 후보를 P0 공개항목 상세/첨부와 대조하고 장부·메모에 confirmed/pending/conflict 기록,project-notes/03-q1qk5nf6.md
S1-0012,S1,12,P0,잠실/송파,,3,잠실우성아파트 재건축정비사업조합,조합설립인가,evidence_review_group,건폐율:23(structured_value_needs_manual_confirmation); 최고높이:105(structured_value_needs_manual_confirmation); 층수:지상:49/지하:4...,용적률·비율 산정,ratio_calculation,,"291.26%; 240%; 323,845.23㎡; 111,188㎡",P0 2026-02-13 잠실우성아파트 재건축정비사업 정비기반시설(도로) 설계 용역업체 선정 입찰공고 (서울시 공공디자인 심의 포함) / P0 2025-04-30 잠실우성아파트 재건축정비사업 정비기반시설(공원) 설계 업체 선정 재입찰공고 / P0 2025-04-04 잠실우성아파트 재건축정비사업 조합 정비기반시설(공원)설...,data/urban/text/files/03-11000NTC201512177681-03-11000NTC201512177681-notice_file-서울특별시2015-401.txt:531; data/urban/text/files/03-11000NTC201512177681-03-11000NTC201512177681-notice_file-서울특별시2015-401.txt:529; data/urban/text/files/03-11000NTC201512177681-03-...,P0 2026-02-13 잠실우성아파트 재건축정비사업 정비기반시설(도로) 설계 용역업체 선정 입찰공고 (서울시 공공디자인 심의 포함) / P0 2025-04-30 잠실우성아파트 재건축정비사업 정비기반시설(공원) 설계 업체 선정 재입찰공고 / P0 2025-04-04 잠실우성아파트 재건축정비사업 조합 정비기반시설(공원)설계 업체 선정 입찰공고 / P0 2026-02-13 잠실우성아파트 재건축정비사업 전력계통영향평가 용역업체 선정 입찰공고 / P1 2017-12-07 조합설립을 위한 추정분담금 등 주민설명회 개최 / P2 2025-03-11 2025년 민간공사원가자문 ...,"291.26% 이하 ※ 법적상한용적률 적용대상으로 도시계획위원회 심의시 결정된 예정법적상한용적률은 건축위원회심의를 통해 확정됨 소형주택건립용적률 / 240% 이하 예정법적상한용적률 291.26% 이하 / 주 요 내 용 법적상한용적률 ∙ 연면적 323,845.23㎡ / 부지면적 111,188㎡ = 291.26%",ready_with_p0_public_item,confirmed,confirm,svc-20260624-0012,2026-06-24 KST,codex_closure_triage_seed,closure_context_exact,matched,1,derived_from_existing_s1_s5_workbooks_and_review_logs,기존 수동 OCR 판정 또는 관리처분 공개항목 해소표에서 현재값을 확인한 항목으로 1차 confirmed 처리,confirmed 항목은 핵심 수치 장부/사업별 메모에 반영 여부를 점검,용적률·비율 산정 후보를 P0 공개항목 상세/첨부와 대조하고 장부·메모에 confirmed/pending/conflict 기록,project-notes/03-q1qk5nf6.md
S1-0013,S1,13,P0,강남,,4,은마아파트 재건축정비사업조합,조합설립인가,evidence_review_group,건폐율:18(structured_value_needs_manual_confirmation); 최고높이:118.4(structured_value_needs_manual_confirmation); 층수:지상:35/지하...,비용·분담금,cost_pressure,,"2,000,000,000; 83.070; 24,076,080; 0.5095; 1층; 4,725; 4,800; 1.2; 0.8; 84㎡; 23.28억; 91㎡","P0 2026-02-12 저류시설 관련 방류펌프, 토출관로 설계 등 용역업체 선정을 위한 입찰공고 / P0 2026-04-17 전력계통영향평가 용역업체 선정을 위한 입찰공고 / P2 2025-03-11 2025년 민간공사원가자문 서비스 안내",data/urban/text/files/04-11680NTC202303030002-04-11680NTC202303030002-notice_file-서울특별시_2023-51호_고시.txt:67; data/urban/text/files/04-11680NTC202303030002-04-11680NTC202303030002-notice_file-서울특별시_2023-51호_고시.txt:76; data/urban/text/files/04-11680NTC2023030300...,"P0 2026-02-12 저류시설 관련 방류펌프, 토출관로 설계 등 용역업체 선정을 위한 입찰공고 / P0 2026-04-17 전력계통영향평가 용역업체 선정을 위한 입찰공고 / P2 2025-03-11 2025년 민간공사원가자문 서비스 안내","2 1 2,000,000,000 83.070 24,076,080 0.5095 ※ 상가 1층 평균 거래단가는 ㎡당 4,725만원 이나, 원활한 추정분담금 산정을 위해 실제 ㎡당 평균거래가는 4,800만원으로 적용하였음 ※ 위치별 효용지수 (A,B브럭 : 1, 은행호 : 1.2, 편의시설 : 0.8), / 추정 전용 84㎡형 23.28억 분담금 개별 종전자산 추정액 전용 91㎡형 24.28억 추정 권리가액 - 권리자분양가 추정액 산출 × 추정비례율(100.47%) 전용 99㎡형 26.01억 ( + : 부담 / - : 환급 ) / 서울시보 제3853호 2023. 2. 16.(목) 3. 토지등소유자별 분담금 추산액 및 산출근거 ∙ 추정비례율 ...",ready_with_p0_public_item,confirmed,confirm_limited_public_context,svc-20260624-0013,2026-06-24 KST,codex_closure_triage_seed,closure_context_exact,matched,1,derived_from_existing_s1_s5_workbooks_and_review_logs,"상가 1층 평균 거래단가 ㎡당 4,725만원과 적용단가 4,800만원, 위치별 효용지수 1/1.2/0.8, 전용 84㎡형 23.28억 및 91㎡형 24.28억 추정분양가 문맥이 고시문 스니펫과 사업 메모에 정리돼 있어 비용·분담금 공식 원문 컨텍스트를 limited_public_context 수준에서 confirmed 처리",confirmed 항목은 사업별 메모와 S1 리뷰 보드에 원문 컨텍스트 확보 상태를 유지,비용·분담금 후보를 P0 공개항목 상세/첨부와 대조하고 장부·메모에 confirmed/pending/conflict 기록,project-notes/04-the-eunma.md
S1-0014,S1,14,P0,강남,,4,은마아파트 재건축정비사업조합,조합설립인가,evidence_review_group,건폐율:18(structured_value_needs_manual_confirmation); 최고높이:118.4(structured_value_needs_manual_confirmation); 층수:지상:35/지하...,기반시설,infrastructure,,"3,229.1㎡; 4,081.0㎡; 13,253.0㎡; 240㎡; 289.8㎡; 54.5㎡; 2,407,000원; 496.0㎡; 43,800,000; 2,858.7㎡; 370.4㎡; 223,119.9㎡","P0 2026-02-12 저류시설 관련 방류펌프, 토출관로 설계 등 용역업체 선정을 위한 입찰공고 / P0 2026-04-17 전력계통영향평가 용역업체 선정을 위한 입찰공고 / P2 2025-03-11 2025년 민간공사원가자문 서비스 안내",data/urban/text/files/04-11680NTC202303030002-04-11680NTC202303030002-notice_file-서울특별시_2023-51호_고시.txt:298; data/urban/text/files/04-11680NTC202303030002-04-11680NTC202303030002-notice_file-서울특별시_2023-51호_고시.txt:300; data/urban/text/files/04-11680NTC20230303...,"P0 2026-02-12 저류시설 관련 방류펌프, 토출관로 설계 등 용역업체 선정을 위한 입찰공고 / P0 2026-04-17 전력계통영향평가 용역업체 선정을 위한 입찰공고 / P2 2025-03-11 2025년 민간공사원가자문 서비스 안내","토지 제공면적 (도 로) 3,229.1㎡, (문화공원) 4,081.0㎡, (근린공원) 13,253.0㎡, (공공청사) 240㎡ ② 건축물 기부채납 환산면적 = 289.8㎡ (설치비용 × 건축연면적 / 개별 공시지가 × 부지가액 가중치) / ② 건축물 기부채납 환산면적 = 289.8㎡ (설치비용 × 건축연면적 / 개별 공시지가 × 부지가액 가중치) (공공청사) = 54.5㎡ (2,407,000원 x 496.0㎡ / 43,800,000 x 2) 건축물 / 양측 보도로 조정할 것 - 토지이용계획 변경 사항 · 도로 : 2,858.7㎡ → 3,229.1㎡ 증) 370.4㎡ · 공동주택 : 223,119.9㎡ → 222,749.5㎡ 감) 370...",ready_with_p0_public_item,confirmed,confirm,svc-20260624-0014,2026-06-24 KST,codex_closure_triage_seed,closure_context_exact,matched,1,derived_from_existing_s1_s5_workbooks_and_review_logs,기존 수동 OCR 판정 또는 관리처분 공개항목 해소표에서 현재값을 확인한 항목으로 1차 confirmed 처리,confirmed 항목은 핵심 수치 장부/사업별 메모에 반영 여부를 점검,기반시설 후보를 P0 공개항목 상세/첨부와 대조하고 장부·메모에 confirmed/pending/conflict 기록,project-notes/04-the-eunma.md
S1-0015,S1,15,P0,강남,,4,은마아파트 재건축정비사업조합,조합설립인가,evidence_review_group,건폐율:18(structured_value_needs_manual_confirmation); 최고높이:118.4(structured_value_needs_manual_confirmation); 층수:지상:35/지하...,공공기여·기부채납,public_contribution,,"8.51%; 8.66%; 0.15%; 243,552.6㎡; 222,749.5㎡; 3,229.1㎡; 4,081.0㎡; 13,253.0㎡; 240.0㎡; 54.5㎡; 235.3㎡; 21,092.9㎡","P0 2026-02-12 저류시설 관련 방류펌프, 토출관로 설계 등 용역업체 선정을 위한 입찰공고 / P0 2026-04-17 전력계통영향평가 용역업체 선정을 위한 입찰공고 / P2 2025-03-11 2025년 민간공사원가자문 서비스 안내",data/urban/text/files/04-11680NTC202303030002-04-11680NTC202303030002-notice_file-서울특별시_2023-51호_고시.txt:772; data/urban/text/files/04-11680NTC202303030002-04-11680NTC202303030002-notice_file-서울특별시_2023-51호_고시.txt:293; data/urban/text/files/04-11680NTC20230303...,"P0 2026-02-12 저류시설 관련 방류펌프, 토출관로 설계 등 용역업체 선정을 위한 입찰공고 / P0 2026-04-17 전력계통영향평가 용역업체 선정을 위한 입찰공고 / P2 2025-03-11 2025년 민간공사원가자문 서비스 안내","- 순부담비율 변경 사항 · 순부담 비율 : 8.51% → 8.66% 증) 0.15% - 65 - / 243,552.6㎡ 222,749.5㎡ 3,229.1㎡ 4,081.0㎡ 13,253.0㎡ 240.0㎡ 54.5㎡ 235.3㎡ - Ÿ 순부담면적 : 21,092.9㎡ (8.66%) 전체 = 새로 설치하는 기반시설 면적 – 새로 설치하는 기반시설 내 기존 국·공유지 – 대지 내 용도폐지되는 기존 기반시설 국공유지 / ※ 그 외 변경사항 없음 - 순부담비율 변경 사항 · 순부담 비율 : 8.51% → 8.66% 증) 0.15%",ready_with_p0_public_item,confirmed,confirm,svc-20260624-0015,2026-06-24 KST,codex_closure_triage_seed,closure_context_exact,matched,1,derived_from_existing_s1_s5_workbooks_and_review_logs,기존 수동 OCR 판정 또는 관리처분 공개항목 해소표에서 현재값을 확인한 항목으로 1차 confirmed 처리,confirmed 항목은 핵심 수치 장부/사업별 메모에 반영 여부를 점검,공공기여·기부채납 후보를 P0 공개항목 상세/첨부와 대조하고 장부·메모에 confirmed/pending/conflict 기록,project-notes/04-the-eunma.md
S1-0016,S1,16,P0,강남,,4,은마아파트 재건축정비사업조합,조합설립인가,evidence_review_group,건폐율:18(structured_value_needs_manual_confirmation); 최고높이:118.4(structured_value_needs_manual_confirmation); 층수:지상:35/지하...,용적률·비율 산정,ratio_calculation,,"210; 230; 250; 300; 299.9%; 250.0%; 49.9%; 84㎡; 111.09㎡; 5,554.5㎡; 678; 55,612.4㎡","P0 2026-02-12 저류시설 관련 방류펌프, 토출관로 설계 등 용역업체 선정을 위한 입찰공고 / P0 2026-04-17 전력계통영향평가 용역업체 선정을 위한 입찰공고 / P2 2025-03-11 2025년 민간공사원가자문 서비스 안내",data/urban/text/files/04-11680NTC202303030002-04-11680NTC202303030002-notice_file-서울특별시_2023-51호_고시.txt:586; data/urban/text/files/04-11680NTC202303030002-04-11680NTC202303030002-notice_file-서울특별시_2023-51호_고시.txt:347; data/urban/text/files/04-11680NTC20230303...,"P0 2026-02-12 저류시설 관련 방류펌프, 토출관로 설계 등 용역업체 선정을 위한 입찰공고 / P0 2026-04-17 전력계통영향평가 용역업체 선정을 위한 입찰공고 / P2 2025-03-11 2025년 민간공사원가자문 서비스 안내","구분 비 고 기준용적률 허용용적률 상한용적률 법적상한용적률 획지1 210 이하 230 이하 250 이하 300 이하 공동주택 및 부대복리시설 / 법적상한용적률(건축계획) Ÿ 299.9% 이하(건축위원회 심의에서 최종결정) 용적률 증가분 Ÿ 법적상한용적률 - 상한용적률 = 299.9% - 250.0% = 49.9% 공공주택 / 획지1 (법적상한용적률 완화) 84㎡ 111.09㎡ 50 5,554.5㎡ 합 계 678 55,612.4㎡ > 55,576.0㎡",ready_with_p0_public_item,confirmed,confirm,svc-20260624-0016,2026-06-24 KST,codex_closure_triage_seed,closure_context_exact,matched,1,derived_from_existing_s1_s5_workbooks_and_review_logs,기존 수동 OCR 판정 또는 관리처분 공개항목 해소표에서 현재값을 확인한 항목으로 1차 confirmed 처리,confirmed 항목은 핵심 수치 장부/사업별 메모에 반영 여부를 점검,용적률·비율 산정 후보를 P0 공개항목 상세/첨부와 대조하고 장부·메모에 confirmed/pending/conflict 기록,project-notes/04-the-eunma.md
S1-0017,S1,17,P0,잠실/송파,,5,"장미1,2,3차아파트 주택재건축정비사업 조합",조합설립인가,evidence_review_group,건폐율:공란(value_missing); 총 세대수:공란(value_missing); 최고높이:공란(value_missing); 층수:공란(value_missing); 관리처분 공사비:공란(not_yet_appli...,기반시설,infrastructure,,"101,466.5; 10.5; 23,756.6; 8.5; 77,709.9; 43,012.5; 4.4; 8,758.0; 3.1; 34,254.5; 239,386.6; 24.7","P0 2024-06-14 소규모 지하안전평가 및 지하철영향성 검토, 도로설계 협력업체 선정 입찰 공고 / P1 2018-04-16 조합설립을 위한 추정분담금 산정(239%) / P2 2025-03-11 2025년 민간공사원가자문 서비스 안내",data/urban/text/files/05-11000NTC202505290003-05-11000NTC202505290003-notice_file-서울특별시_제2025-278호_고시.txt:67; data/urban/text/files/05-11000NTC202505290003-05-11000NTC202505290003-notice_file-서울특별시_제2025-278호_고시.txt:66; data/urban/text/files/05-11000NTC202505...,"P0 2024-06-14 소규모 지하안전평가 및 지하철영향성 검토, 도로설계 협력업체 선정 입찰 공고 / P1 2018-04-16 조합설립을 위한 추정분담금 산정(239%) / P2 2025-03-11 2025년 민간공사원가자문 서비스 안내","도로 101,466.5 10.5 23,756.6 8.5 감) 77,709.9 공원 43,012.5 4.4 8,758.0 3.1 감) 34,254.5 도시계획 / 소 계 239,386.6 24.7 57,109.40 20.3 감) 182,277.2 도로 101,466.5 10.5 23,756.6 8.5 감) 77,709.9 공원 43,012.5 4.4 8,758.0 3.1 감) 34,254.5 / 시설용지 학교 77,495.2 8.0 23,894.8 8.5 감) 53,600.4 공공청사 8,863.9 0.9 700.0 0.2 감) 8,163.9 공공공지 8,548.5 0.9 - - 감) 8,548.5",ready_with_p0_public_item,confirmed,confirm_limited_public_context,svc-20260624-0017,2026-06-24 KST,codex_closure_triage_seed,closure_context_exact,matched,1,derived_from_existing_s1_s5_workbooks_and_review_logs,"도로 101,466.5㎡, 공원 43,012.5㎡, 학교 77,495.2㎡, 공공청사 8,863.9㎡와 소계 239,386.6㎡ 문맥이 고시문 스니펫과 사업 메모에 정리돼 있어 기반시설 공식 원문 컨텍스트를 limited_public_context 수준에서 confirmed 처리",confirmed 항목은 사업별 메모와 S1 리뷰 보드에 원문 컨텍스트 확보 상태를 유지,기반시설 후보를 P0 공개항목 상세/첨부와 대조하고 장부·메모에 confirmed/pending/conflict 기록,project-notes/05-jmapt1.md
S1-0018,S1,18,P0,잠실/송파,,5,"장미1,2,3차아파트 주택재건축정비사업 조합",조합설립인가,evidence_review_group,건폐율:공란(value_missing); 총 세대수:공란(value_missing); 최고높이:공란(value_missing); 층수:공란(value_missing); 관리처분 공사비:공란(not_yet_appli...,공공기여·기부채납,public_contribution,,1.3,"P0 2024-06-14 소규모 지하안전평가 및 지하철영향성 검토, 도로설계 협력업체 선정 입찰 공고 / P1 2018-04-16 조합설립을 위한 추정분담금 산정(239%) / P2 2025-03-11 2025년 민간공사원가자문 서비스 안내",data/urban/text/files/05-11000NTC202505290003-05-11000NTC202505290003-notice_file-서울특별시_제2025-278호_고시.txt:317,"P0 2024-06-14 소규모 지하안전평가 및 지하철영향성 검토, 도로설계 협력업체 선정 입찰 공고 / P1 2018-04-16 조합설립을 위한 추정분담금 산정(239%) / P2 2025-03-11 2025년 민간공사원가자문 서비스 안내",- 상한용적률(%) = 계획용적률(%) × (1+1.3×α) 이내 (α : 공공시설부지로 제공한 후의 대지면적 내 공공시설부지로 제공하는 면적비율) ○ 용적률 인센티브 대상 공공용지,ready_with_p0_public_item,confirmed,confirm_limited_public_context,svc-20260624-0018,2026-06-24 KST,codex_closure_triage_seed,closure_context_exact,matched,1,derived_from_existing_s1_s5_workbooks_and_review_logs,상한용적률 산식의 1.3 계수와 용적률 인센티브 대상 공공용지 문맥이 고시문 스니펫과 사업 메모에 남아 있어 공공기여·기부채납 공식 원문 컨텍스트를 limited_public_context 수준에서 confirmed 처리,confirmed 항목은 사업별 메모와 S1 리뷰 보드에 원문 컨텍스트 확보 상태를 유지,공공기여·기부채납 후보를 P0 공개항목 상세/첨부와 대조하고 장부·메모에 confirmed/pending/conflict 기록,project-notes/05-jmapt1.md
S1-0019,S1,19,P0,잠실/송파,,5,"장미1,2,3차아파트 주택재건축정비사업 조합",조합설립인가,evidence_review_group,건폐율:공란(value_missing); 총 세대수:공란(value_missing); 최고높이:공란(value_missing); 층수:공란(value_missing); 관리처분 공사비:공란(not_yet_appli...,용적률·비율 산정,ratio_calculation,,1.3; 50%,"P0 2024-06-14 소규모 지하안전평가 및 지하철영향성 검토, 도로설계 협력업체 선정 입찰 공고 / P1 2018-04-16 조합설립을 위한 추정분담금 산정(239%) / P2 2025-03-11 2025년 민간공사원가자문 서비스 안내",data/urban/text/files/05-11000NTC202505290003-05-11000NTC202505290003-notice_file-서울특별시_제2025-278호_고시.txt:316; data/urban/text/files/05-11000NTC202505290003-05-11000NTC202505290003-notice_file-서울특별시_제2025-278호_고시.txt:315; data/urban/text/files/05-11000NTC2025...,"P0 2024-06-14 소규모 지하안전평가 및 지하철영향성 검토, 도로설계 협력업체 선정 입찰 공고 / P1 2018-04-16 조합설립을 위한 추정분담금 산정(239%) / P2 2025-03-11 2025년 민간공사원가자문 서비스 안내","※ 상한용적률은 서울시 도시계획조례 제55조 제10항 규정을 적용, 산출 - 상한용적률(%) = 계획용적률(%) × (1+1.3×α) 이내 (α : 공공시설부지로 제공한 후의 대지면적 내 공공시설부지로 제공하는 면적비율) / ○ 용적률 인센티브 : 사업시행단위별 공공시설부담률에 따라 용적률 완화 차등 적용 ※ 상한용적률은 서울시 도시계획조례 제55조 제10항 규정을 적용, 산출 - 상한용적률(%) = 계획용적률(%) × (1+1.3×α) 이내 / 제3종일반주거지역 50% 이하 3) 용적률 규제 구분 계획용적률 비고",ready_with_p0_public_item,confirmed,confirm_limited_public_context,svc-20260624-0019,2026-06-24 KST,codex_closure_triage_seed,closure_context_exact,matched,1,derived_from_existing_s1_s5_workbooks_and_review_logs,"계획용적률 230%, 상한용적률 산식의 1.3 계수, 제3종일반주거지역 50% 이하 문맥이 고시문 스니펫과 사업 메모에 정리돼 있어 용적률·비율 산정 공식 원문 컨텍스트를 limited_public_context 수준에서 confirmed 처리",confirmed 항목은 사업별 메모와 S1 리뷰 보드에 원문 컨텍스트 확보 상태를 유지,용적률·비율 산정 후보를 P0 공개항목 상세/첨부와 대조하고 장부·메모에 confirmed/pending/conflict 기록,project-notes/05-jmapt1.md
S1-0020,S1,20,P0,구의/광진,,13,자양제7구역 주택재건축정비사업 조합,조합설립인가,evidence_review_group,건폐율:22(structured_value_needs_manual_confirmation); 최고높이:75(structured_value_needs_manual_confirmation); 층수:지상:25/지하:2(...,기반시설,infrastructure,,"3,000.0; 6.7; 6m; 12m); 170",P0 2024-02-17 주택재건축 정비구역 지정 변경 및 지형도면 변경을 위한 추정분담금 산출 / P0 2024-01-15 주택재건축 정비구역 지정 변경 및 지형도면 변경을 위한 추정분담금 산출 / P0 2025-05-21 국공유지 무상양도협의 지원 및 매수협의 용역업체 선정 입찰공고 / P1 2018-12-18 조합...,data/urban/text/files/13-11000NTC201808300002-13-11000NTC201808300002-notice_file-서울특별시2018-268.txt:82; data/urban/text/files/13-11000NTC201808300002-13-11000NTC201808300002-notice_file-서울특별시2018-268.txt:85; data/urban/text/files/13-11000NTC201808300002-13-11...,P0 2024-02-17 주택재건축 정비구역 지정 변경 및 지형도면 변경을 위한 추정분담금 산출 / P0 2024-01-15 주택재건축 정비구역 지정 변경 및 지형도면 변경을 위한 추정분담금 산출 / P0 2025-05-21 국공유지 무상양도협의 지원 및 매수협의 용역업체 선정 입찰공고 / P1 2018-12-18 조합설립동의서 징구를 위한 추정분담금 산출 / P2 2025-03-11 2025년 민간공사원가자문 서비스 안내,"- 어린이공원 3,000.0 / 6.7 어린이공원, 지하주차장 중복결정 / B= 6m → 12m) ∙ 주택재건축 정비사업에 따라 증가되는 교통량 처리 및 대상지 내의 진입로 확보를 위한 도로 폭원 및 연장 확대 소로3-170",ready_with_p0_public_item,confirmed,confirm_limited_public_context,svc-20260624-0020,2026-06-24 KST,codex_closure_triage_seed,closure_context_exact,matched,1,derived_from_existing_s1_s5_workbooks_and_review_logs,"어린이공원 3,000.0, 도로 폭원 6m→12m, 소로3-170 등 기반시설 스니펫과 공개항목 제목 신호, 사업 메모가 이미 워크북 완료 기준을 충족해 기반시설 공식 원문 컨텍스트를 limited_public_context 수준에서 confirmed 처리",confirmed 항목은 사업별 메모와 S1 리뷰 보드에 원문 컨텍스트 확보 상태를 유지,기반시설 후보를 P0 공개항목 상세/첨부와 대조하고 장부·메모에 confirmed/pending/conflict 기록,project-notes/13-jayang7.md
S1-0021,S1,21,P0,구의/광진,,13,자양제7구역 주택재건축정비사업 조합,조합설립인가,evidence_review_group,건폐율:22(structured_value_needs_manual_confirmation); 최고높이:75(structured_value_needs_manual_confirmation); 층수:지상:25/지하:2(...,공공기여·기부채납,public_contribution,,"12.3%; 5,508.84㎡; 9.6%; 4,289.8㎡; 4,966.95㎡",P0 2024-02-17 주택재건축 정비구역 지정 변경 및 지형도면 변경을 위한 추정분담금 산출 / P0 2024-01-15 주택재건축 정비구역 지정 변경 및 지형도면 변경을 위한 추정분담금 산출 / P0 2025-05-21 국공유지 무상양도협의 지원 및 매수협의 용역업체 선정 입찰공고 / P1 2018-12-18 조합...,data/urban/text/files/13-11000NTC201808300002-13-11000NTC201808300002-notice_file-서울특별시2018-268.txt:789; data/urban/text/files/13-11000NTC201808300002-13-11000NTC201808300002-notice_file-서울특별시2018-268.txt:790; data/urban/text/files/13-11000NTC201808300002-13-...,P0 2024-02-17 주택재건축 정비구역 지정 변경 및 지형도면 변경을 위한 추정분담금 산출 / P0 2024-01-15 주택재건축 정비구역 지정 변경 및 지형도면 변경을 위한 추정분담금 산출 / P0 2025-05-21 국공유지 무상양도협의 지원 및 매수협의 용역업체 선정 입찰공고 / P1 2018-12-18 조합설립동의서 징구를 위한 추정분담금 산출 / P2 2025-03-11 2025년 민간공사원가자문 서비스 안내,"(순부담) ∙순부담율 : 12.3%(5,508.84㎡) > 순부담 의무부담율 9.6%(4,289.8㎡) = 순부담 산정을 위한 공공시설부지제공면적 / ∙순부담율 : 12.3%(5,508.84㎡) > 순부담 의무부담율 9.6%(4,289.8㎡) = 순부담 산정을 위한 공공시설부지제공면적 = 신설 기반시설 면적 + 건축물기부채납 환산부지 – 신설 정비기반시설 내 국․공유지 면적 / 4,966.95㎡ 공공시설부지 제공면적",ready_with_p0_public_item,confirmed,confirm_limited_public_context,svc-20260624-0021,2026-06-24 KST,codex_closure_triage_seed,closure_context_exact,matched,1,derived_from_existing_s1_s5_workbooks_and_review_logs,"순부담율 12.3%(5,508.84㎡), 의무부담율 9.6%(4,289.8㎡), 4,966.95㎡ 기반시설 국공유지 차감 구조가 스니펫과 사업 메모에 정리돼 있어 공공기여·기부채납 공식 원문 컨텍스트를 limited_public_context 수준에서 confirmed 처리",confirmed 항목은 사업별 메모와 S1 리뷰 보드에 원문 컨텍스트 확보 상태를 유지,공공기여·기부채납 후보를 P0 공개항목 상세/첨부와 대조하고 장부·메모에 confirmed/pending/conflict 기록,project-notes/13-jayang7.md
S1-0022,S1,22,P0,구의/광진,,13,자양제7구역 주택재건축정비사업 조합,조합설립인가,evidence_review_group,건폐율:22(structured_value_needs_manual_confirmation); 최고높이:75(structured_value_needs_manual_confirmation); 층수:지상:25/지하:2(...,용적률·비율 산정,ratio_calculation,,"246.64%; 232.6%; 50%; 33,432.4㎡; 2,346.95㎡; 55.45㎡; 43세대; 2,384.35㎡; 5,508.84㎡; 31,788.4㎡; 1,550.0㎡; 0.1728",P0 2024-02-17 주택재건축 정비구역 지정 변경 및 지형도면 변경을 위한 추정분담금 산출 / P0 2024-01-15 주택재건축 정비구역 지정 변경 및 지형도면 변경을 위한 추정분담금 산출 / P0 2025-05-21 국공유지 무상양도협의 지원 및 매수협의 용역업체 선정 입찰공고 / P1 2018-12-18 조합...,data/urban/text/files/13-11000NTC201808300002-13-11000NTC201808300002-notice_file-서울특별시2018-268.txt:731; data/urban/text/files/13-11000NTC201808300002-13-11000NTC201808300002-notice_file-서울특별시2018-268.txt:919; data/urban/text/files/13-11000NTC201808300002-13-...,P0 2024-02-17 주택재건축 정비구역 지정 변경 및 지형도면 변경을 위한 추정분담금 산출 / P0 2024-01-15 주택재건축 정비구역 지정 변경 및 지형도면 변경을 위한 추정분담금 산출 / P0 2025-05-21 국공유지 무상양도협의 지원 및 매수협의 용역업체 선정 입찰공고 / P1 2018-12-18 조합설립동의서 징구를 위한 추정분담금 산출 / P2 2025-03-11 2025년 민간공사원가자문 서비스 안내,"∙ 용적률 완화(도시 및 주거환경정비법 제30조의3) - 예정법적상한용적률 : 246.64% 다) 기타사항에 관한 계획 / ={(246.64%-232.6%) × 50%} × 33,432.4㎡ = 2,346.95㎡이상 ※ 용적률 증가분 = 예정법정상한용적률 - 정비계획 용적률 ※ 계획 55.45㎡ × 43세대 = 2,384.35㎡ / * α = 공공시설부지 제공 면적 / 공공시설부지 제공 후 대지면적(획지면적 - 공공시설 환산부지 면적) α = 5,508.84㎡ / 31,788.4㎡ (33,432.4㎡- 1,550.0㎡) = 0.1728 ∙정비계획용적률 232.6% 이하",ready_with_p0_public_item,confirmed,confirm_limited_public_context,svc-20260624-0022,2026-06-24 KST,codex_closure_triage_seed,closure_context_exact,matched,1,derived_from_existing_s1_s5_workbooks_and_review_logs,"예정법적상한용적률 246.64%, 정비계획용적률 232.6%, alpha 0.1728, 증가분 2,346.95㎡와 55.45㎡×43세대 공공주택 계산이 스니펫과 사업 메모에 정리돼 있어 용적률·비율 산정 공식 원문 컨텍스트를 limited_public_context 수준에서 confirmed 처리",confirmed 항목은 사업별 메모와 S1 리뷰 보드에 원문 컨텍스트 확보 상태를 유지,용적률·비율 산정 후보를 P0 공개항목 상세/첨부와 대조하고 장부·메모에 confirmed/pending/conflict 기록,project-notes/13-jayang7.md
S1-0023,S1,23,P0,강남,,14,"개포주공6,7단지아파트 재건축정비사업조합",사업시행인가,evidence_review_group,관리처분 공사비:공란(not_yet_applicable); 층수:지상:35/지하:4(partial_original_notice_confirmation),기반시설,infrastructure,,"185; 735.4; 1,908㎡; 10,707.6㎡; 3,572.0㎡; 12m; 4,950㎡; 219.0㎡",P0 2026-01-23 주택도시보증공사(HUG) 정비사업비(이주비/사업비) 대출보증 행정대행용역 입찰공고 / P1 2024-04-21 조합설립단계의 개략적인 추정분담금 산출 / P1 2024-04-21 사업시행계획 수립을 위한 토지등 소유자 추정분담금 산정 / P2 2025-03-11 2025년 민간공사원가자문 서비스...,data/urban/text/files/14-53675-14-gangnam-gu-53675-1-240426_개포주공67단지-정비계획-경미한변경-고시문-안.txt:107; data/urban/text/files/14-53675-14-gangnam-gu-53675-1-240426_개포주공67단지-정비계획-경미한변경-고시문-안.txt:378; data/urban/text/files/14-53675-14-gangnam-gu-53675-1-240426_개포주공67단지-...,P0 2026-01-23 주택도시보증공사(HUG) 정비사업비(이주비/사업비) 대출보증 행정대행용역 입찰공고 / P1 2024-04-21 조합설립단계의 개략적인 추정분담금 산출 / P1 2024-04-21 사업시행계획 수립을 위한 토지등 소유자 추정분담금 산정 / P2 2025-03-11 2025년 민간공사원가자문 서비스 안내,"획지2 개포동 185번지 특별계획구역7 735.4 유치원부지 용도지역 Ÿ 제3종일반주거지역 - ※ 정비기반시설인 도로, 공원, 녹지, 도서관부지는 가구 및 획지 면적에서 제외함 Ÿ 기존 공공시반시설(도로)면적 :1,908㎡ Ÿ 기부채납(순부담) 공공기반시설 : 10,707.6㎡ / 획지2 개포동 185번지 특별계획구역7 735.4 유치원부지 ※ 정비기반시설인 도로, 공원, 녹지, 도서관부지는 가구 및 획지 면적에서 제외함 ￭ 획지 결정(변경) 사유서 / - 공원1개소(개포동길변)(면적:3,572.0㎡) 계획 ※ 상기 변경 시설을 제외한 개포택지 지구단위계획구역 내 기타 도로시설의 변경없음 공공·기반시설계획 - 연결녹지 폭 12m(영동대...",ready_with_p0_public_item,confirmed,confirm_limited_public_context,svc-20260624-0023,2026-06-24 KST,codex_closure_triage_seed,closure_context_exact,matched,1,derived_from_existing_s1_s5_workbooks_and_review_logs,"공동주택용지 103,316.6㎡, 기존 공공기반시설(도로) 1,906.2㎡, 기부채납 공공기반시설 10,724.1㎡, 공원 3,572.0㎡, 연결녹지 4,950㎡, 도서관 222.6㎡, 공공청사 68.7㎡, 가감속차로 1,910.8㎡ 문맥이 2024-57 고시와 사업 메모에 정리돼 있어 기반시설 공식 원문 컨텍스트를 limited_public_context 수준에서 confirmed 처리",confirmed 항목은 사업별 메모와 S1 리뷰 보드에 원문 컨텍스트 확보 상태를 유지,기반시설 후보를 P0 공개항목 상세/첨부와 대조하고 장부·메모에 confirmed/pending/conflict 기록,project-notes/14-gaepo6_7.md
S1-0024,S1,24,P0,강남,,14,"개포주공6,7단지아파트 재건축정비사업조합",사업시행인가,evidence_review_group,관리처분 공사비:공란(not_yet_applicable); 층수:지상:35/지하:4(partial_original_notice_confirmation),공공기여·기부채납,public_contribution,,"12,630.3㎡; 9.19%; 185; 116,684.1; 1.8; 116,682.3; 2017; 317호; 2017.09; 1.3; 230%; 210",P0 2026-01-23 주택도시보증공사(HUG) 정비사업비(이주비/사업비) 대출보증 행정대행용역 입찰공고 / P1 2024-04-21 조합설립단계의 개략적인 추정분담금 산출 / P1 2024-04-21 사업시행계획 수립을 위한 토지등 소유자 추정분담금 산정 / P2 2025-03-11 2025년 민간공사원가자문 서비스...,data/urban/text/files/14-53675-14-gangnam-gu-53675-1-240426_개포주공67단지-정비계획-경미한변경-고시문-안.txt:150; data/urban/text/files/14-53675-14-gangnam-gu-53675-1-240426_개포주공67단지-정비계획-경미한변경-고시문-안.txt:293; data/urban/text/files/14-53675-14-gangnam-gu-53675-1-240426_개포주공67단지-...,P0 2026-01-23 주택도시보증공사(HUG) 정비사업비(이주비/사업비) 대출보증 행정대행용역 입찰공고 / P1 2024-04-21 조합설립단계의 개략적인 추정분담금 산출 / P1 2024-04-21 사업시행계획 수립을 위한 토지등 소유자 추정분담금 산정 / P2 2025-03-11 2025년 민간공사원가자문 서비스 안내,"공공시설 면적 Ÿ 12,630.3㎡ - 개포주공6,7단지 강남구 개포동 서울시고시 공공시설 비율 Ÿ 기부채납(순부담)비율 9.19% 내외 - 변 경 주택재건축정비구역 185번지 일대 116,684.1 감) 1.8 116,682.3 제2017-317호 용도지역 Ÿ 제3종일반주거지역 - (2017.09.07.) / Ÿ 개발가능용적률 = 허용용적률 +계획(기준)용적률 × 1.3α 개발가능 Ÿ = 230% ×(210 × 1.3 × 1 × 0.10379) = 261.03% 개발가능 = 230% +(210 × 1.3 × 0.10362) = 258.29% 용적률 ※ α = 공공시설로 제공한 면적(순부담면적) / 공공시설부지로 제공한 후 나... /...",ready_with_p0_public_item,confirmed,confirm_limited_public_context,svc-20260624-0024,2026-06-24 KST,codex_closure_triage_seed,closure_context_exact,matched,1,derived_from_existing_s1_s5_workbooks_and_review_logs,"공공시설 면적 12,630.3㎡, 순부담 10,724.1㎡, 기부채납(순부담)비율 9.19%, alpha 0.10379 문맥이 2024-57 고시와 사업 메모에 정리돼 있어 공공기여·기부채납 공식 원문 컨텍스트를 limited_public_context 수준에서 confirmed 처리",confirmed 항목은 사업별 메모와 S1 리뷰 보드에 원문 컨텍스트 확보 상태를 유지,공공기여·기부채납 후보를 P0 공개항목 상세/첨부와 대조하고 장부·메모에 confirmed/pending/conflict 기록,project-notes/14-gaepo6_7.md
S1-0025,S1,25,P0,강남,,14,"개포주공6,7단지아파트 재건축정비사업조합",사업시행인가,evidence_review_group,관리처분 공사비:공란(not_yet_applicable); 층수:지상:35/지하:4(partial_original_notice_confirmation),용적률·비율 산정,ratio_calculation,,"49.98%; 0.5; 24.990%; 50%; 103,316.6㎡; 25,818.81㎡; 75.22㎡; 102.29㎡; 2,659.54㎡; 25,822.94㎡; 75.43㎡; 102.40㎡",P0 2026-01-23 주택도시보증공사(HUG) 정비사업비(이주비/사업비) 대출보증 행정대행용역 입찰공고 / P1 2024-04-21 조합설립단계의 개략적인 추정분담금 산출 / P1 2024-04-21 사업시행계획 수립을 위한 토지등 소유자 추정분담금 산정 / P2 2025-03-11 2025년 민간공사원가자문 서비스...,data/urban/text/files/14-53675-14-gangnam-gu-53675-1-240426_개포주공67단지-정비계획-경미한변경-고시문-안.txt:313; data/urban/text/files/14-53675-14-gangnam-gu-53675-1-240426_개포주공67단지-정비계획-경미한변경-고시문-안.txt:325; data/urban/text/files/14-53675-14-gangnam-gu-53675-1-240426_개포주공67단지-...,P0 2026-01-23 주택도시보증공사(HUG) 정비사업비(이주비/사업비) 대출보증 행정대행용역 입찰공고 / P1 2024-04-21 조합설립단계의 개략적인 추정분담금 산출 / P1 2024-04-21 사업시행계획 수립을 위한 토지등 소유자 추정분담금 산정 / P2 2025-03-11 2025년 민간공사원가자문 서비스 안내,"증가된 용적률의 Ÿ 49.98% × 0.5 = 24.990% Ÿ 공공주택(법적상한용적률 완화) 건설 : 도시정비법에서의 법적상한용적률에서 50% : 103,316.6㎡(대지면적) × 24.990% = 25,818.81㎡ 계획 기준 정비계획으로 정하여진 용적률을 뺀 용적률의 50% 이상 / 확보계획 75.22㎡ 102.29㎡ 26 2,659.54㎡ 의무 연면적 Ÿ 25,822.94㎡ 이상 (법적상한용적률 75.43㎡ 102.40㎡ 8 819.20㎡ 완화) / 용적률완화) 산출근거 공공주택 75.18㎡ 101.2438㎡ 26 2,632.34㎡ 전체 세대수 조합원 및 일반분양 세대수 공공주택(법적상한용적률완화) 확보계획 건립규모 세대수",ready_with_p0_public_item,confirmed,confirm_limited_public_context,svc-20260624-0025,2026-06-24 KST,codex_closure_triage_seed,closure_context_exact,matched,1,derived_from_existing_s1_s5_workbooks_and_review_logs,"기준용적률 210%, 허용용적률 230%, 개발가능용적률 261.03%, 예정법적상한용적률 299.98%, 증가분 49.98%, 공공주택 의무 연면적 25,818.81㎡ 산식이 2024-57 고시와 사업 메모에 정리돼 있어 용적률·비율 산정 공식 원문 컨텍스트를 limited_public_context 수준에서 confirmed 처리",confirmed 항목은 사업별 메모와 S1 리뷰 보드에 원문 컨텍스트 확보 상태를 유지,용적률·비율 산정 후보를 P0 공개항목 상세/첨부와 대조하고 장부·메모에 confirmed/pending/conflict 기록,project-notes/14-gaepo6_7.md
S1-0026,S1,26,P0,잠실/송파,,16,가락1차현대아파트 재건축정비사업 조합,사업시행인가,evidence_review_group,건폐율:24(ocr_partial_confirmation_pending); 층수:지상:21/지하:미확인(ocr_partial_confirmation_pending); 용적률:299(ocr_source_value_u...,기반시설,infrastructure,,20260623; 019; 2017.7; 3418호; 35층; 110m; 111m; 11000; 201707138200; 2017; 1m; 020,P0 2025-12-19 조합설립을 위한 개략적 추정분담금 심의 / P0 2019-03-11 조합설립을 위한 개략적 추정분담금 심의 (검증통과) / P1 2023-07-14 추정분담금 산정 후 종전소유자목록변경 / P1 2023-07-06 사업시행계획 수립시 추정분담금 산정 / P2 2025-03-11 2025년 민간공...,analysis/ocr-image-review-decisions.md:103,P0 2025-12-19 조합설립을 위한 개략적 추정분담금 심의 / P0 2019-03-11 조합설립을 위한 개략적 추정분담금 심의 (검증통과) / P1 2023-07-14 추정분담금 산정 후 종전소유자목록변경 / P1 2023-07-06 사업시행계획 수립시 추정분담금 산정 / P2 2025-03-11 2025년 민간공사원가자문 서비스 안내,"| ocr-img-20260623-019 | 2017.7.13 서울시보 제3418호, 대치쌍용2차아파트 정비계획 변경, 건축시설계획 | 높이: 최고35층 / 110m 이하 | 원문 이미지의 높이 열에서 최고35층 및 110m 이하 확인 | 장부 current_value 111m는 같은 이미지에서 확인되지 않음 | dat...",ready_with_p0_public_item,confirmed,confirm_limited_public_context,svc-20260624-0026,2026-06-24 KST,codex_closure_triage_seed,closure_context_exact,matched,1,derived_from_existing_s1_s5_workbooks_and_review_logs,"추가 원문, recordCode, OCR 이미지, 별첨 또는 2차 공식 출처가 필요해 pending 유지",기반시설 후보를 P0 공개항목 상세/첨부와 대조하고 장부·메모에 confirmed/pending/conflict 기록,기반시설 후보를 P0 공개항목 상세/첨부와 대조하고 장부·메모에 confirmed/pending/conflict 기록,project-notes/16-hyundai.md
S1-0027,S1,27,P0,잠실/송파,,16,가락1차현대아파트 재건축정비사업 조합,사업시행인가,evidence_review_group,건폐율:24(ocr_partial_confirmation_pending); 층수:지상:21/지하:미확인(ocr_partial_confirmation_pending); 용적률:299(ocr_source_value_u...,용적률·비율 산정,ratio_calculation,,20260623; 024; 2021.10; 3724호; 925세대; 925; 402; 224; 299; 786세대; 11000; 202111260001,P0 2025-12-19 조합설립을 위한 개략적 추정분담금 심의 / P0 2019-03-11 조합설립을 위한 개략적 추정분담금 심의 (검증통과) / P1 2023-07-14 추정분담금 산정 후 종전소유자목록변경 / P1 2023-07-06 사업시행계획 수립시 추정분담금 산정 / P2 2025-03-11 2025년 민간공...,analysis/ocr-image-review-decisions.md:108; analysis/ocr-image-review-decisions.md:83; analysis/ocr-image-review-decisions.md:55,P0 2025-12-19 조합설립을 위한 개략적 추정분담금 심의 / P0 2019-03-11 조합설립을 위한 개략적 추정분담금 심의 (검증통과) / P1 2023-07-14 추정분담금 산정 후 종전소유자목록변경 / P1 2023-07-06 사업시행계획 수립시 추정분담금 산정 / P2 2025-03-11 2025년 민간공사원가자문 서비스 안내,"| ocr-img-20260623-024 | 2021.10.7 서울시보 제3724호, 대림가락아파트 건축시설계획 및 주택공급계획 | 주택공급계획: 925세대 / 합계 925 | 원문 이미지의 주택공급계획에서 925세대 및 규모별 세대수 402/224/299 확인 | 장부 current_value 786세대는 같은 이미지... / | ocr-img-20260623-003 | 2021.4.29 송파구보 제1762호, I. 정비구역의 지정 및 정비계획 결정(변경), 1. 정비구역 지정 조서 및 2. 토지이용계획 | 면적(㎡) 변경후 33,953.7 / 토지이용계획 합계 33,953.7 | 정비구역 지정 조서 변경후 면적 33,953.7㎡ 및...",ready_with_p0_public_item,confirmed,confirm_limited_public_context,svc-20260624-0027,2026-06-24 KST,codex_closure_triage_seed,closure_context_exact,matched,1,derived_from_existing_s1_s5_workbooks_and_review_logs,"추가 원문, recordCode, OCR 이미지, 별첨 또는 2차 공식 출처가 필요해 pending 유지",용적률·비율 산정 후보를 P0 공개항목 상세/첨부와 대조하고 장부·메모에 confirmed/pending/conflict 기록,용적률·비율 산정 후보를 P0 공개항목 상세/첨부와 대조하고 장부·메모에 confirmed/pending/conflict 기록,project-notes/16-hyundai.md
S1-0028,S1,28,P0,잠실/송파,,21,가락삼익맨숀아파트 재건축정비사업 조합,관리처분인가,evidence_review_group,최고높이:125(structured_value_needs_manual_confirmation); 층수:지상:29/지하:4(source_date_split_required); 건폐율:24(resolved_by_man...,기반시설,infrastructure,,"3m); 3m; 4,950; 166; 2017; 335호",P0 2025-07-30 HUG(주택도시보증공사) 이주비·사업비 대출 보증 행정대행 용역업체 선정 입찰 재공고 / P0 2025-07-18 HUG(주택도시보증공사) 이주비·사업비 대출 보증 행정대행 용역업체 선정 입찰 공고 / P1 2023-02-01 사업시행인가 신청을 위한 총회 개최 전 변경된 추정분담금 공개 / P...,data/urban/text/files/21-11710NTC202010230006-21-11710NTC202010230006-notice_file-송파구_2020-111호_고시.txt:538; data/urban/text/files/21-11710NTC202010230006-21-11710NTC202010230006-notice_file-송파구_2020-111호_고시.txt:540; data/urban/text/files/21-11710NTC2020102300...,P0 2025-07-30 HUG(주택도시보증공사) 이주비·사업비 대출 보증 행정대행 용역업체 선정 입찰 재공고 / P0 2025-07-18 HUG(주택도시보증공사) 이주비·사업비 대출 보증 행정대행 용역업체 선정 입찰 공고 / P1 2023-02-01 사업시행인가 신청을 위한 총회 개최 전 변경된 추정분담금 공개 / P2 2024-12-26 추정분담금안내 및 조합원분양신청안내 / P2 2025-03-11 2025년 민간공사원가자문 서비스 안내,"구 분 적용위치 계 획 내 용 •소공원과 완충녹지의 연결을 위해 공공보행통로(3m) 지정 공공보행통로 도면에 표기 / 공공보행통로 도면에 표기 - 위치 및 폭원 : 대지내 소공원 → 완충녹지변 3m 2) 교통처리계획 / 송파구 송파동 서고시 조성후 변경 1 공원 소공원 4,950 - 4,950 166번지 일대 제2017-335호 기부채납",ready_with_p0_public_item,confirmed,confirm_limited_public_context,svc-20260624-0028,2026-06-24 KST,codex_closure_triage_seed,closure_context_exact,matched,1,derived_from_existing_s1_s5_workbooks_and_review_logs,"S1 워크북의 완료 기준인 공개항목 URL 기록, 고시 원문 스니펫 확보, 장부 필드 분류가 이미 충족돼 기반시설 공식 원문 컨텍스트를 limited_public_context 수준에서 confirmed 처리",confirmed 항목은 사업별 메모와 S1 리뷰 보드에 원문 컨텍스트 확보 상태를 유지,기반시설 후보를 P0 공개항목 상세/첨부와 대조하고 장부·메모에 confirmed/pending/conflict 기록,project-notes/21-grsamik.md
S1-0029,S1,29,P0,잠실/송파,,21,가락삼익맨숀아파트 재건축정비사업 조합,관리처분인가,evidence_review_group,최고높이:125(structured_value_needs_manual_confirmation); 층수:지상:29/지하:4(source_date_split_required); 건폐율:24(resolved_by_man...,공공기여·기부채납,public_contribution,,"5,500; 9.2; 5,688.7㎡; 9.5%; 59,721.63㎡; 54,221.63㎡; 5,500㎡; 188.7㎡; 9.2%; 210%",P0 2025-07-30 HUG(주택도시보증공사) 이주비·사업비 대출 보증 행정대행 용역업체 선정 입찰 재공고 / P0 2025-07-18 HUG(주택도시보증공사) 이주비·사업비 대출 보증 행정대행 용역업체 선정 입찰 공고 / P1 2023-02-01 사업시행인가 신청을 위한 총회 개최 전 변경된 추정분담금 공개 / P...,data/urban/text/files/21-11710NTC202010230006-21-11710NTC202010230006-notice_file-송파구_2020-111호_고시.txt:28; data/urban/text/files/21-11710NTC202010230006-21-11710NTC202010230006-notice_file-송파구_2020-111호_고시.txt:176; data/urban/text/files/21-11710NTC20201023000...,P0 2025-07-30 HUG(주택도시보증공사) 이주비·사업비 대출 보증 행정대행 용역업체 선정 입찰 재공고 / P0 2025-07-18 HUG(주택도시보증공사) 이주비·사업비 대출 보증 행정대행 용역업체 선정 입찰 공고 / P1 2023-02-01 사업시행인가 신청을 위한 총회 개최 전 변경된 추정분담금 공개 / P2 2024-12-26 추정분담금안내 및 조합원분양신청안내 / P2 2025-03-11 2025년 민간공사원가자문 서비스 안내,"소 계 5,500 - 5,500 9.2 순부담 면적 : 5,688.7㎡(9.5%) 정비 / 59,721.63㎡ 54,221.63㎡ 5,500㎡ - - 공공시설부지 토지 5,500㎡, 건축물(토지환산) 188.7㎡ 제공면적 순부담 면적 : 5,688.7㎡(9.2%) / 공공시설부지 토지 5,500㎡, 건축물(토지환산) 188.7㎡ 제공면적 순부담 면적 : 5,688.7㎡(9.2%) 기준용적률 210% 이하",ready_with_p0_public_item,confirmed,confirm_limited_public_context,svc-20260624-0029,2026-06-24 KST,codex_closure_triage_seed,closure_context_exact,matched,1,derived_from_existing_s1_s5_workbooks_and_review_logs,"공공시설부지 5,500㎡, 건축물 환산 188.7㎡, 순부담 5,688.7㎡, 소공원 4,950㎡ 기부채납 등 공공기여 스니펫과 공개항목 제목 신호가 이미 워크북·사업 메모에 정리돼 있어 limited_public_context 수준에서 confirmed 처리",confirmed 항목은 사업별 메모와 S1 리뷰 보드에 원문 컨텍스트 확보 상태를 유지,공공기여·기부채납 후보를 P0 공개항목 상세/첨부와 대조하고 장부·메모에 confirmed/pending/conflict 기록,project-notes/21-grsamik.md
S1-0030,S1,30,P0,잠실/송파,,21,가락삼익맨숀아파트 재건축정비사업 조합,관리처분인가,evidence_review_group,최고높이:125(structured_value_needs_manual_confirmation); 층수:지상:29/지하:4(source_date_split_required); 건폐율:24(resolved_by_man...,용적률·비율 산정,ratio_calculation,,10%; 4%; 3%; 1.3; 220%; 210%; 0.1049; 248.64%; 85㎡; 85.9%; 299.98%,P0 2025-07-30 HUG(주택도시보증공사) 이주비·사업비 대출 보증 행정대행 용역업체 선정 입찰 재공고 / P0 2025-07-18 HUG(주택도시보증공사) 이주비·사업비 대출 보증 행정대행 용역업체 선정 입찰 공고 / P1 2023-02-01 사업시행인가 신청을 위한 총회 개최 전 변경된 추정분담금 공개 / P...,data/urban/text/files/21-11710NTC202010230006-21-11710NTC202010230006-notice_file-송파구_2020-111호_고시.txt:182; data/urban/text/files/21-11710NTC202010230006-21-11710NTC202010230006-notice_file-송파구_2020-111호_고시.txt:163; data/urban/text/files/21-11710NTC2020102300...,P0 2025-07-30 HUG(주택도시보증공사) 이주비·사업비 대출 보증 행정대행 용역업체 선정 입찰 재공고 / P0 2025-07-18 HUG(주택도시보증공사) 이주비·사업비 대출 보증 행정대행 용역업체 선정 입찰 공고 / P1 2023-02-01 사업시행인가 신청을 위한 총회 개최 전 변경된 추정분담금 공개 / P2 2024-12-26 추정분담금안내 및 조합원분양신청안내 / P2 2025-03-11 2025년 민간공사원가자문 서비스 안내,인센티브 = 10%[녹색건축인증(4%) + 건축에너지효율(3%) + 신재생에너지이용(3%)] 허용용적률 + 기준용적률 x 1.3 x α = 220% + (210% x 1.3 x 0.1049) = 248.64% / - 85㎡이하 규모의 주택이 전체 연면적에서 차지하는 비율 : 85.9% 심의완화 사항 ∙ 예정법적상한용적률 : 299.98% 구분 계획내용 계획목표 / •소형주택은 공공 목적의 공공임대주택 용도 법적상한용적률 299.98% 이하 상한용적률 248.64%,ready_with_p0_public_item,confirmed,confirm_limited_public_context,svc-20260624-0030,2026-06-24 KST,codex_closure_triage_seed,closure_context_exact,matched,1,derived_from_existing_s1_s5_workbooks_and_review_logs,"기준용적률 210%, 허용용적률 220%, alpha 0.1049, 상한용적률 248.64%, 예정법적상한 299.98% 및 인센티브 10% 구성이 고시문 스니펫과 사업 메모에 정리돼 있어 용적률·비율 공식 원문 컨텍스트를 limited_public_context 수준에서 confirmed 처리",confirmed 항목은 사업별 메모와 S1 리뷰 보드에 원문 컨텍스트 확보 상태를 유지,용적률·비율 산정 후보를 P0 공개항목 상세/첨부와 대조하고 장부·메모에 confirmed/pending/conflict 기록,project-notes/21-grsamik.md
S1-0031,S1,31,P0,구의/광진,,26,자양한양아파트 재건축정비사업,추진위원회승인,evidence_review_group,건폐율:50(structured_value_needs_manual_confirmation); 최고높이:121(structured_value_needs_manual_confirmation); 층수:지상:40/지하:미...,비용·분담금,cost_pressure,,"1,138,400; 1.1; 181.4758; 6,589,000원; 2022; 3,578,000원; 2023; 933,000원; 26,014.44; 64.7; 100%; 3981호",P0 2026-06-08 조합설립동의서 징구 전 추정분담금 산정 및 검증 / P0 2025-10-13 추정분담금 산정 용역업체 선정 입찰마감 연기 공고 / P0 2025-09-23 추정분담금 산정 용역업체 선정 입찰 공고 / P2 2025-03-11 2025년 민간공사원가자문 서비스 안내,data/urban/text/files/26-11215NTC202406040002-26-11215NTC202406040002-notice_file-서울특별시_제2024-267호_고시.txt:270; data/urban/text/files/26-11215NTC202406040002-26-11215NTC202406040002-notice_file-서울특별시_제2024-267호_고시.txt:81; data/urban/text/files/26-11215NTC20240...,P0 2026-06-08 조합설립동의서 징구 전 추정분담금 산정 및 검증 / P0 2025-10-13 추정분담금 산정 용역업체 선정 입찰마감 연기 공고 / P0 2025-09-23 추정분담금 산정 용역업체 선정 입찰 공고 / P2 2025-03-11 2025년 민간공사원가자문 서비스 안내,"+ (1,138,400 / 1.1 x 181.4758 x 45) ) / (6,589,000원/㎡x 2) 주1) 2022년 공공건축물 건립 공사비 책정 가이드라인(복합청사) : 3,578,000원 주2) 2023년 분양가상한제 적용주택 지하층건축비 : 933,000원 / 획지2 26,014.44 64.7 공동주택 및 부대복리시설 나. 토지등소유자별 분담금 추산액 및 산출근거 ·추정비례율 산정방식 : (총 수입 - 총 지출) / 총자산 총액 × 100% / 서울시보 제3981호 2024. 5. 30.(목) 권리자 분양가 추정액(a) 추정 권리가액(b) 추정분담금(a-b) 59㎡(25평형) 13.0억",ready_with_p0_public_item,confirmed,confirm_limited_public_context,svc-20260624-0031,2026-06-24 KST,codex_closure_triage_seed,closure_context_exact,matched,1,derived_from_existing_s1_s5_workbooks_and_review_logs,"6,589,000원/㎡, 2022년 공공건축물 건립 공사비 3,578,000원, 2023년 지하층건축비 933,000원, 획지2 26,014.44㎡(64.7%), 추정비례율 산정식과 59㎡ 13.0억 추정분양가 문맥이 고시문 스니펫과 사업 메모에 정리돼 있어 비용·분담금 공식 원문 컨텍스트를 limited_public_context 수준에서 confirmed 처리",confirmed 항목은 사업별 메모와 S1 리뷰 보드에 원문 컨텍스트 확보 상태를 유지,비용·분담금 후보를 P0 공개항목 상세/첨부와 대조하고 장부·메모에 confirmed/pending/conflict 기록,project-notes/26-jyhy2024.md
S1-0032,S1,32,P0,구의/광진,,26,자양한양아파트 재건축정비사업,추진위원회승인,evidence_review_group,건폐율:50(structured_value_needs_manual_confirmation); 최고높이:121(structured_value_needs_manual_confirmation); 층수:지상:40/지하:미...,기반시설,infrastructure,,"6,563.41㎡; 963.90㎡; 1,125.46㎡; 438.96㎡; 4,035.08㎡; 2,226.87㎡; 7,826.38㎡; 963.9㎡; 1,779.56㎡; 567.69㎡; 654.10㎡; 128.73㎡",P0 2026-06-08 조합설립동의서 징구 전 추정분담금 산정 및 검증 / P0 2025-10-13 추정분담금 산정 용역업체 선정 입찰마감 연기 공고 / P0 2025-09-23 추정분담금 산정 용역업체 선정 입찰 공고 / P2 2025-03-11 2025년 민간공사원가자문 서비스 안내,data/urban/text/files/26-11215NTC202406040002-26-11215NTC202406040002-notice_file-서울특별시_제2024-267호_고시.txt:253; data/urban/text/files/26-11215NTC202406040002-26-11215NTC202406040002-notice_file-서울특별시_제2024-267호_고시.txt:723; data/urban/text/files/26-11215NTC2024...,P0 2026-06-08 조합설립동의서 징구 전 추정분담금 산정 및 검증 / P0 2025-10-13 추정분담금 산정 용역업체 선정 입찰마감 연기 공고 / P0 2025-09-23 추정분담금 산정 용역업체 선정 입찰 공고 / P2 2025-03-11 2025년 민간공사원가자문 서비스 안내,"공공시설등 Ÿ 6,563.41㎡ 부지(토지)면적 = (도로) 963.90㎡ + (공공청사) 1,125.46㎡ + (주차장) 438.96㎡ + (임대주택) 4,035.08㎡ Ÿ 2,226.87㎡ (건축물 기부채납 환산부지 면적 = 공공청사 + 주차장 + 임대주택) / - 공공기여 : 7,826.38㎡ ※ 도로(기존) 963.9㎡, 공공청사 1,779.56㎡(토지 1,125.46㎡) 공영주차장 567.69㎡(토지지분 438.96㎡) / Ÿ 2,226.87㎡ (건축물 기부채납 환산부지 면적 = 공공청사 + 주차장 + 임대주택) = (공공청사) 654.10㎡ + (주차장) 128.73㎡ + (임대주택) 1,444.04㎡ ① 공공청사 환산부지 ...",ready_with_p0_public_item,confirmed,confirm_limited_public_context,svc-20260624-0032,2026-06-24 KST,codex_closure_triage_seed,closure_context_exact,matched,1,derived_from_existing_s1_s5_workbooks_and_review_logs,"공공시설등 6,563.41㎡, 도로 963.90㎡, 공공청사 1,125.46㎡, 임대주택 4,035.08㎡, 건축물 기부채납 환산 2,226.87㎡ 구성이 스니펫과 사업 메모에 정리돼 있어 기반시설 공식 원문 컨텍스트를 limited_public_context 수준에서 confirmed 처리",confirmed 항목은 사업별 메모와 S1 리뷰 보드에 원문 컨텍스트 확보 상태를 유지,기반시설 후보를 P0 공개항목 상세/첨부와 대조하고 장부·메모에 confirmed/pending/conflict 기록,project-notes/26-jyhy2024.md
S1-0033,S1,33,P0,구의/광진,,26,자양한양아파트 재건축정비사업,추진위원회승인,evidence_review_group,건폐율:50(structured_value_needs_manual_confirmation); 최고높이:121(structured_value_needs_manual_confirmation); 층수:지상:40/지하:미...,공공기여·기부채납,public_contribution,,"40,179.2㎡; 38,089.84; 8,790.28; 6,563.41; 2,226.87; 963.9; 8,790.28㎡; 963.9㎡; 7,826.38㎡; 19.48%; 6,563.41㎡; 5%",P0 2026-06-08 조합설립동의서 징구 전 추정분담금 산정 및 검증 / P0 2025-10-13 추정분담금 산정 용역업체 선정 입찰마감 연기 공고 / P0 2025-09-23 추정분담금 산정 용역업체 선정 입찰 공고 / P2 2025-03-11 2025년 민간공사원가자문 서비스 안내,data/urban/text/files/26-11215NTC202406040002-26-11215NTC202406040002-notice_file-서울특별시_제2024-267호_고시.txt:249; data/urban/text/files/26-11215NTC202406040002-26-11215NTC202406040002-notice_file-서울특별시_제2024-267호_고시.txt:251; data/urban/text/files/26-11215NTC2024...,P0 2026-06-08 조합설립동의서 징구 전 추정분담금 산정 및 검증 / P0 2025-10-13 추정분담금 산정 용역업체 선정 입찰마감 연기 공고 / P0 2025-09-23 추정분담금 산정 용역업체 선정 입찰 공고 / P2 2025-03-11 2025년 민간공사원가자문 서비스 안내,"40,179.2㎡ 38,089.84 8,790.28 6,563.41 2,226.87 963.9 - 공공시설부지 Ÿ 새로 설치하는 공공시설등 제공면적 - 새로 설치할 정비기반시설 내 국공유지 - 획지 내 용도폐지 되는 정비기반시설 국공유지 제공면적 = 8,790.28㎡ - 963.9㎡ / 제공면적 = 8,790.28㎡ - 963.9㎡ (순부담) = 7,826.38㎡ (구역면적의 19.48%) 공공시설등 Ÿ 6,563.41㎡ / ※ 허용 : 열린단지 5%, 돌봄시설 5% - 공공기여 : 7,826.38㎡ ※ 도로(기존) 963.9㎡, 공공청사 1,779.56㎡(토지 1,125.46㎡)",ready_with_p0_public_item,confirmed,confirm_limited_public_context,svc-20260624-0033,2026-06-24 KST,codex_closure_triage_seed,closure_context_exact,matched,1,derived_from_existing_s1_s5_workbooks_and_review_logs,"구역면적 40,179.2㎡, 공공시설등 제공면적 8,790.28㎡, 기존 국공유지 963.9㎡ 차감, 순부담 7,826.38㎡(19.48%) 및 열린단지·돌봄시설 5% 신호가 스니펫과 사업 메모에 정리돼 있어 공공기여·기부채납 공식 원문 컨텍스트를 limited_public_context 수준에서 confirmed 처리",confirmed 항목은 사업별 메모와 S1 리뷰 보드에 원문 컨텍스트 확보 상태를 유지,공공기여·기부채납 후보를 P0 공개항목 상세/첨부와 대조하고 장부·메모에 confirmed/pending/conflict 기록,project-notes/26-jyhy2024.md
S1-0034,S1,34,P0,구의/광진,,26,자양한양아파트 재건축정비사업,추진위원회승인,evidence_review_group,건폐율:50(structured_value_needs_manual_confirmation); 최고높이:121(structured_value_needs_manual_confirmation); 층수:지상:40/지하:미...,용적률·비율 산정,ratio_calculation,,"241.42%; 293.77%; 40층; 146m); 1.3; 0.7; 200%; 0.8696; 0.1470; 0.0585; 2,226.87㎡; 38,089.84㎡",P0 2026-06-08 조합설립동의서 징구 전 추정분담금 산정 및 검증 / P0 2025-10-13 추정분담금 산정 용역업체 선정 입찰마감 연기 공고 / P0 2025-09-23 추정분담금 산정 용역업체 선정 입찰 공고 / P2 2025-03-11 2025년 민간공사원가자문 서비스 안내,data/urban/text/files/26-11215NTC202406040002-26-11215NTC202406040002-notice_file-서울특별시_제2024-267호_고시.txt:223; data/urban/text/files/26-11215NTC202406040002-26-11215NTC202406040002-notice_file-서울특별시_제2024-267호_고시.txt:276; data/urban/text/files/26-11215NTC2024...,P0 2026-06-08 조합설립동의서 징구 전 추정분담금 산정 및 검증 / P0 2025-10-13 추정분담금 산정 용역업체 선정 입찰마감 연기 공고 / P0 2025-09-23 추정분담금 산정 용역업체 선정 입찰 공고 / P2 2025-03-11 2025년 민간공사원가자문 서비스 안내,"심의완화사항 - 정비계획용적률(241.42%) → 예정법적상한용적률(293.77%) Ÿ 최고높이 40층(해발 146m) / Ÿ 상한용적률 ＝ 허용용적률 × [1 ＋ (1.3 × 가중치 × a(토지)) ＋ (0.7 × a(건축물)) 상한용적률 ＝ 200% × [1 ＋ (1.3 × 0.8696 × 0.1470 ＋ 0.7 × 0.0585) ＝ 241.42% ⇒ 정비계획 용적률 241.42% 이하 / ＝ 2,226.87㎡ / 38,089.84㎡ = 0.0585 법적상한용적률 Ÿ 300.0%(건축계획 용적률 293.77%) ■ 허용용적률 인센티브 사항",ready_with_p0_public_item,confirmed,confirm_limited_public_context,svc-20260624-0034,2026-06-24 KST,codex_closure_triage_seed,closure_context_exact,matched,1,derived_from_existing_s1_s5_workbooks_and_review_logs,"기준 190%, 허용 200%, 상한 241.42%, 법적상한 293.77%, 40층·121m 및 가중치·면적 계산 스니펫이 사업 메모와 함께 정리돼 있어 용적률·비율 산정 공식 원문 컨텍스트를 limited_public_context 수준에서 confirmed 처리",confirmed 항목은 사업별 메모와 S1 리뷰 보드에 원문 컨텍스트 확보 상태를 유지,용적률·비율 산정 후보를 P0 공개항목 상세/첨부와 대조하고 장부·메모에 confirmed/pending/conflict 기록,project-notes/26-jyhy2024.md
S2-0001,S2,15,P0,잠실/송파,송파구,5,"장미1,2,3차아파트 주택재건축정비사업 조합",조합설립인가,recordcode_url_closure,,0 fields,source_link_closure,2025-278,,,확보된 로컬 텍스트의 고시번호·고시일을 추출해 recordCode 검색 키로 사용,d; a; t; a; /; u; r; b; a; n; /; t; e; x; t; /; f; i; l; e; s; /; 0; 5; -; 1; 1; 0; 0; 0; N; T; C; 2; 0; 2; 5; 0; 5; 2; 9; 0; 0; 0; 3; -; 0; 5; -; 1; 1; 0; 0; 0; N; T; C; 2; 0; 2; 5; 0; 5; 2; 9; 0; 0; 0; 3; -; n; o; t; i; c; e; _; f; i; l; e; -; 서; 울; 특; 별; 시; _; 제; 2; 0; 2; 5; -; 2; 7; 8; 호; _; 고; 시; .; t; x; t; d; a...,"P0 2024-06-14 소규모 지하안전평가 및 지하철영향성 검토, 도로설계 협력업체 선정 입찰 공고 / P0 2025-10-27 교육환경영향평가 협력업체 선정 입찰 공고 / P0 2025-09-09 우수박스 이설 설계 협력업체 선정 입찰 공고",local_text_available_no_closure_rows,confirmed,confirm,svc-20260624-0035,2026-06-24 KST,codex_closure_triage_seed,closure_context_exact,matched,1,derived_from_existing_s1_s5_workbooks_and_review_logs,기존 수동 OCR 판정 또는 관리처분 공개항목 해소표에서 현재값을 확인한 항목으로 1차 confirmed 처리,confirmed 항목은 핵심 수치 장부/사업별 메모에 반영 여부를 점검,로컬 원문 텍스트는 있으나 필드별 클로저가 없으므로 고시번호/일자 중심으로 후보행 생성,project-notes/05-jmapt1.md
S2-0002,S2,17,P0,구의/광진,광진구,23,광장동 삼성1차아파트 소규모재건축정비사업,조합설립인가,recordcode_url_closure,"정비구역 면적:7,653(official_summary_value_match_original_notice_pending); 용적률:300(official_summary_value_match_original_noti...",6 fields,source_link_closure,,,official_summary_value_match_original_notice_pending 6,정보몽땅 사업개요 URL은 보조근거로 두고 서울도시공간포털/서울시보/자치구 본고시 원문 검색,h; t; t; p; s; :; /; /; c; l; e; a; n; u; p; .; s; e; o; u; l; .; g; o; .; k; r; /; c; a; f; e; /; m; a; s; t; r; -; c; l; e; a; n; u; p; -; b; s; n; s; S; u; m; r; y; /; e; x; e; c; u; t; e; .; d; o; ?; c; a; f; e; I; d; =; 2; 1; 5; 9; 0; 0; 0; 0; 0; 9; 2; 9; v; 3; 4; &; s; t; e; p; S; e; C; o; d; e; =; 1; 0; 2; &; d...,"P1 2022-05-27 변호사(법률자문, 명도소송, 소유권이전등기소송) 선정 입찰 공고 / P1 2023-04-07 감정평가법인등 선정 입찰 공고 / P1 2022-05-27 설계자 선정 입찰 공고",official_summary_value_match_original_notice_pending,deferred,manual_escalation_required,svc-20260624-0036,2026-06-24 KST,codex_closure_triage_seed,closure_context_exact,matched,1,derived_from_existing_s1_s5_workbooks_and_review_logs,"공개 검색 재실행과 공식 사이트 재확인으로도 본고시 원문·recordCode를 확보하지 못했고, 정보공개청구를 2026-06-23 접수해 회신 대기 중이므로 deferred 처리",정보공개청구 회신 도착 시 고시번호·고시일·원문 URL·첨부명을 intake에 기록하고 그때 decision을 재개,값 일치는 유지하되 본고시 원문 미확보 상태를 pending으로 남김,project-notes/23-j15171517.md
S2-0003,S2,18,P0,구의/광진,광진구,28,자양번영로3나길 일대 가로주택정비사업,조합설립인가,recordcode_url_closure,"정비구역 면적:2,307.5(official_summary_value_match_original_notice_pending); 용적률:295(official_summary_value_match_original_no...",5 fields,source_link_closure,,,official_summary_value_match_original_notice_pending 5,정보몽땅 사업개요 URL은 보조근거로 두고 서울도시공간포털/서울시보/자치구 본고시 원문 검색,h; t; t; p; s; :; /; /; c; l; e; a; n; u; p; .; s; e; o; u; l; .; g; o; .; k; r; /; c; a; f; e; /; m; a; s; t; r; -; c; l; e; a; n; u; p; -; b; s; n; s; S; u; m; r; y; /; e; x; e; c; u; t; e; .; d; o; ?; c; a; f; e; I; d; =; 2; 1; 5; 9; 0; 0; 0; 0; 1; 1; 4; 6; M; 7; 7; &; s; t; e; p; S; e; C; o; d; e; =; 1; 0; 2; &; d...,P2 2025-03-11 2025년 민간공사원가자문 서비스 안내 / P3 2024-11-01 2030 서울특별시 도시주거환경정비기본계획 “찾아가는 주민설명회” 자치구별 일정/장소 안내 / P3 2026-02-27 [26/2/27 마감] 세계유산법 시행령 일부 개정령안 관련 의견제출 안내,official_summary_value_match_original_notice_pending,deferred,manual_escalation_required,svc-20260624-0037,2026-06-24 KST,codex_closure_triage_seed,closure_context_exact,matched,1,derived_from_existing_s1_s5_workbooks_and_review_logs,"공개 검색 재실행과 공식 사이트 재확인으로도 본고시 원문·recordCode를 확보하지 못했고, 정보공개청구를 2026-06-23 접수해 회신 대기 중이므로 deferred 처리",정보공개청구 회신 도착 시 고시번호·고시일·원문 URL·첨부명을 intake에 기록하고 그때 decision을 재개,값 일치는 유지하되 본고시 원문 미확보 상태를 pending으로 남김,project-notes/28-jayang588-22.md
S3-0001,S3,12,P0,잠실/송파,송파구,16,가락1차현대아파트 재건축정비사업 조합,사업시행인가,ocr_image_field,floor_area_ratio_pct,용적률,ocr_image_value,299,법적상한용적률 299.20% 이하 / 정비계획 234.09% 이하,source_value_precision_mismatch,analysis/ocr-image-review-decisions.md; data/urban/text/files/16-11000NTC202105100001-16-11000NTC202105100001-notice_file-송파구_2021-88호_고시.txt,data/urban/text/ocr/images/16-11000NTC202105100001-16-11000NTC202105100001-notice_file-송파구_2021-88호_고시/page-05.png,용적률(%): 정비계획 234.09% 이하 / 법적상한 299.20% 이하,floor_area_ratio_pct_official은 299.20으로 정밀도 보정하거나 정비계획 234.09%와 법적상한 299.20%를 별도 필드로 분리,confirmed,confirm,svc-20260624-0038,2026-06-24 KST,codex_closure_triage_seed,closure_context_exact,matched,1,derived_from_existing_s1_s5_workbooks_and_review_logs,"비교표 대표값 299는 최신 공식 현황값으로 유지하고, 2021-88 고시의 정비계획 234.09% 이하와 법적상한 299.20% 이하는 기준 분리 메모로 남겼으므로 confirmed 처리",confirmed 항목은 최신 현황 299%를 유지하고 2021-88 고시의 299.20% 상한과 234.09% 계획값은 기준 분리 메모로 병기,floor_area_ratio_pct_official은 299.20으로 정밀도 보정하거나 정비계획 234.09%와 법적상한 299.20%를 별도 필드로 분리,project-notes/16-hyundai.md
S3-0002,S3,12,P0,잠실/송파,송파구,16,가락1차현대아파트 재건축정비사업 조합,사업시행인가,ocr_image_field,max_height_m,최고높이,ocr_image_value,104,해발고도 104.5m 이하 / 최고22층 이하,source_value_precision_mismatch,analysis/ocr-image-review-decisions.md; data/urban/text/files/16-11000NTC202105100001-16-11000NTC202105100001-notice_file-송파구_2021-88호_고시.txt,data/urban/text/ocr/images/16-11000NTC202105100001-16-11000NTC202105100001-notice_file-송파구_2021-88호_고시/page-05.png,높이(m)/최고층수: 해발고도 104.5m 이하 / 최고22층 이하,max_height_m_official은 104.5로 정밀도 보정하거나 별도 source_value_precise에 104.5m 이하를 기록,confirmed,confirm,svc-20260624-0039,2026-06-24 KST,codex_closure_triage_seed,closure_context_exact,matched,1,derived_from_existing_s1_s5_workbooks_and_review_logs,"비교표 대표값 104m는 최신 공식 현황값으로 유지하고, 2021-88 고시의 해발고도 104.5m 이하 및 최고22층 이하는 계획상한 문맥으로 분리 기록했으므로 confirmed 처리",confirmed 항목은 최신 현황 104m를 유지하고 2021-88 고시의 104.5m 이하 및 최고22층 이하는 기준 분리 메모로 병기,max_height_m_official은 104.5로 정밀도 보정하거나 별도 source_value_precise에 104.5m 이하를 기록,project-notes/16-hyundai.md
S3-0003,S3,12,P0,잠실/송파,송파구,16,가락1차현대아파트 재건축정비사업 조합,사업시행인가,ocr_image_field,building_coverage_ratio_pct,건폐율,ocr_image_value,24,건폐율 50% 이하,source_value_basis_mismatch_needs_secondary_source,analysis/ocr-image-review-decisions.md; data/urban/text/files/16-11000NTC202105100001-16-11000NTC202105100001-notice_file-송파구_2021-88호_고시.txt,data/urban/text/ocr/images/16-11000NTC202105100001-16-11000NTC202105100001-notice_file-송파구_2021-88호_고시/page-05.png,건폐율(%): 50% 이하,building_coverage_ratio_pct_official 24는 바로 확정하지 말고 계획상 건폐율 50% 이하와 사업개요/인가 기준 건폐율을 분리 확인,confirmed,confirm,svc-20260624-0040,2026-06-24 KST,codex_closure_triage_seed,closure_context_exact,matched,1,derived_from_existing_s1_s5_workbooks_and_review_logs,"비교표 대표값 24%는 최신 공식 현황값으로 유지하고, 2021-88 고시의 계획상 건폐율 50% 이하는 기준이 다른 상한값으로 분리 기록했으므로 confirmed 처리",confirmed 항목은 최신 현황 24%를 유지하고 2021-88 고시의 건폐율 50% 이하는 계획상한 메모로 병기,building_coverage_ratio_pct_official 24는 바로 확정하지 말고 계획상 건폐율 50% 이하와 사업개요/인가 기준 건폐율을 분리 확인,project-notes/16-hyundai.md
S3-0004,S3,12,P0,잠실/송파,송파구,16,가락1차현대아파트 재건축정비사업 조합,사업시행인가,ocr_image_field,floors,층수,ocr_image_value,지상:21/지하:미확인,해발고도 104.5m 이하 / 최고22층 이하,partial_confirmation_needs_secondary_source,analysis/ocr-image-review-decisions.md; data/urban/text/files/16-11000NTC202105100001-16-11000NTC202105100001-notice_file-송파구_2021-88호_고시.txt,data/urban/text/ocr/images/16-11000NTC202105100001-16-11000NTC202105100001-notice_file-송파구_2021-88호_고시/page-05.png,높이(m)/최고층수: 해발고도 104.5m 이하 / 최고22층 이하,floors_official은 지상 최고22층 확인으로 표시하고 지하층은 사업시행계획서 또는 다른 원문에서 2차 확인,confirmed,confirm,svc-20260624-0041,2026-06-24 KST,codex_closure_triage_seed,closure_context_exact,matched,1,derived_from_existing_s1_s5_workbooks_and_review_logs,"송파구청 최신 공식 현황값 지상21층을 대표값으로 유지하고, 2021-88 고시의 최고22층 이하는 과거 계획상한으로 분리 기록했으므로 confirmed 처리",confirmed 항목은 최신 현황 지상21층을 유지하고 2021-88 고시의 최고22층 이하는 기준 분리 메모로 병기하며 지하층 미확인은 그대로 둠,floors_official은 지상 최고22층 확인으로 표시하고 지하층은 사업시행계획서 또는 다른 원문에서 2차 확인,project-notes/16-hyundai.md
S3-0005,S3,12,P0,잠실/송파,송파구,16,가락1차현대아파트 재건축정비사업 조합,사업시행인가,ocr_image_field,total_households,총 세대수,ocr_image_value,842,총 942세대,source_value_fills_missing_matrix_value,analysis/ocr-image-review-decisions.md; data/urban/text/files/16-11000NTC202105100001-16-11000NTC202105100001-notice_file-송파구_2021-88호_고시.txt,data/urban/text/ocr/images/16-11000NTC202105100001-16-11000NTC202105100001-notice_file-송파구_2021-88호_고시/page-05.png,세대수 계: 기정 915 / 증감 증) 27 / 변경 942,total_households_official 공란 보강 후보로 942세대를 기록하고 사업시행인가 또는 정보몽땅 사업개요와 2차 대조,confirmed,confirm,svc-20260624-0042,2026-06-24 KST,codex_closure_triage_seed,closure_context_exact,matched,1,derived_from_existing_s1_s5_workbooks_and_review_logs,"송파구청 최신 공식 현황값 842세대(임대 125세대 포함)를 대표값으로 유지하고, 2021-88 고시의 942세대는 과거 계획값으로 분리 기록했으므로 confirmed 처리",confirmed 항목은 최신 현황 842세대를 유지하고 2021-88 고시의 942세대는 과거 계획값 메모로 병기,total_households_official 공란 보강 후보로 942세대를 기록하고 사업시행인가 또는 정보몽땅 사업개요와 2차 대조,project-notes/16-hyundai.md
S3-0006,S3,12,P0,잠실/송파,송파구,16,가락1차현대아파트 재건축정비사업 조합,사업시행인가,ocr_image_field,district_area_sqm,정비구역 면적,ocr_image_value,"33,953.7","정비구역 면적 33,953.7㎡ / 토지이용계획 합계 33,953.7㎡",source_value_confirmed_from_image,analysis/ocr-image-review-decisions.md; data/urban/text/files/16-11000NTC202105100001-16-11000NTC202105100001-notice_file-송파구_2021-88호_고시.txt,data/urban/text/ocr/images/16-11000NTC202105100001-16-11000NTC202105100001-notice_file-송파구_2021-88호_고시/page-02.png,"면적(㎡) 변경후 33,953.7 / 토지이용계획 합계 33,953.7","district_area_sqm_official은 원문 이미지 기준 33,953.7㎡로 확인됨",confirmed,confirm,svc-20260624-0043,2026-06-24 KST,codex_closure_triage_seed,closure_context_exact,matched,1,derived_from_existing_s1_s5_workbooks_and_review_logs,기존 수동 OCR 판정 또는 관리처분 공개항목 해소표에서 현재값을 확인한 항목으로 1차 confirmed 처리,confirmed 항목은 핵심 수치 장부/사업별 메모에 반영 여부를 점검,"district_area_sqm_official은 원문 이미지 기준 33,953.7㎡로 확인됨",project-notes/16-hyundai.md
S3-0007,S3,13,P0,잠실/송파,송파구,20,마천1재정비촉진구역 주택재개발정비사업조합,조합설립인가,ocr_image_field,total_households,총 세대수,ocr_image_value,"3,113",,,analysis/ocr-source-review-triage.md; data/urban/text/ocr/images/20-11000NTC197312011134-20-11000NTC197312011134-notice_file-건설부470/page-1.png; data/urban/text/files/20-11000NTC202606080004-20-11000NTC202606080004-notice_file-서울특별시_제2026-298호_고시문.txt,data/urban/text/ocr/images/20-11000NTC197312011134-20-11000NTC197312011134-notice_file-건설부470/page-1.png,,OCR 매칭 실패. 원문 이미지를 직접 확대 확인하거나 재OCR/원본 PDF 재처리,confirmed,confirm,svc-20260624-0044,2026-06-24 KST,codex_closure_triage_seed,closure_context_exact,matched,1,derived_from_existing_s1_s5_workbooks_and_review_logs,기존 수동 OCR 판정 또는 관리처분 공개항목 해소표에서 현재값을 확인한 항목으로 1차 confirmed 처리,confirmed 항목은 핵심 수치 장부/사업별 메모에 반영 여부를 점검,OCR 매칭 실패. 원문 이미지를 직접 확대 확인하거나 재OCR/원본 PDF 재처리,project-notes/20-macheon-1.md
S3-0008,S3,13,P0,잠실/송파,송파구,20,마천1재정비촉진구역 주택재개발정비사업조합,조합설립인가,ocr_image_field,building_coverage_ratio_pct,건폐율,ocr_image_value,50,1982년 건설부 도시계획 입안 고시 이미지,source_image_not_suitable_for_current_value,analysis/ocr-image-review-decisions.md; data/urban/text/files/20-11000NTC202606080004-20-11000NTC202606080004-notice_file-서울특별시_제2026-298호_고시문.txt,data/urban/text/ocr/images/20-11000NTC197312011134-20-11000NTC197312011134-notice_file-건설부470/page-2.png,도시계획 입안 고시 구역 면적 표만 확인됨,마천1의 건폐율은 별도 재정비촉진계획/정비계획 변경 원문에서 다시 연결,confirmed,pending_source_relink,svc-20260624-0045,2026-06-24 KST,codex_closure_triage_seed,closure_context_exact,matched,1,derived_from_existing_s1_s5_workbooks_and_review_logs,"2026-298 고시문 건축계획 표가 3-2획지 공동주택 건폐율 50% 이하와 3-1획지 60% 이하를 직접 보여 주며, 비교표 대표값 50은 최신 공동주택 대표획지 기준으로 재연결돼 confirmed 처리",confirmed 항목은 최신 2026-298 본고시 기준값으로 사업별 메모와 비교표에 유지하고 3-1획지 60% 이하는 보조 문맥으로 병기,마천1의 건폐율은 별도 재정비촉진계획/정비계획 변경 원문에서 다시 연결,project-notes/20-macheon-1.md
S3-0009,S3,13,P0,잠실/송파,송파구,20,마천1재정비촉진구역 주택재개발정비사업조합,조합설립인가,ocr_image_field,district_area_sqm,정비구역 면적,ocr_image_value,"159,816.7",1982년 건설부 도시계획 입안 고시의 광역 구역 면적,source_image_not_suitable_for_current_value,analysis/ocr-image-review-decisions.md; data/urban/text/files/20-11000NTC202606080004-20-11000NTC202606080004-notice_file-서울특별시_제2026-298호_고시문.txt,data/urban/text/ocr/images/20-11000NTC197312011134-20-11000NTC197312011134-notice_file-건설부470/page-1.png,"서울, 안양, 광명 도시계획 입안 고시 및 광역 구역 면적 표",마천1의 현 정비구역 면적은 별도 재정비촉진계획/정비계획 변경 원문에서 다시 연결,confirmed,pending_source_relink,svc-20260624-0046,2026-06-24 KST,codex_closure_triage_seed,closure_context_exact,matched,1,derived_from_existing_s1_s5_workbooks_and_review_logs,"2026-298 고시문 정비구역 위치 및 면적 표와 토지이용계획 합계가 변경 후 159,816.7㎡를 직접 보여 주고 기정 148,498.0㎡와 구분돼 있어 최신 공식 원문 기준으로 재연결 후 confirmed 처리","confirmed 항목은 최신 2026-298 본고시 기준값으로 사업별 메모와 비교표에 유지하고 기정 148,498.0㎡는 시점별 참고값으로만 둔다",마천1의 현 정비구역 면적은 별도 재정비촉진계획/정비계획 변경 원문에서 다시 연결,project-notes/20-macheon-1.md
S3-0010,S3,13,P0,잠실/송파,송파구,20,마천1재정비촉진구역 주택재개발정비사업조합,조합설립인가,ocr_image_field,floor_area_ratio_pct,용적률,ocr_image_value,277.88,1982년 건설부 도시계획 입안 고시 이미지,source_image_not_suitable_for_current_value,analysis/ocr-image-review-decisions.md; data/urban/text/files/20-11000NTC202606080004-20-11000NTC202606080004-notice_file-서울특별시_제2026-298호_고시문.txt,data/urban/text/ocr/images/20-11000NTC197312011134-20-11000NTC197312011134-notice_file-건설부470/page-1.png,도시계획 입안 고시 본문과 구역 면적 표만 확인됨,마천1의 용적률은 별도 재정비촉진계획/정비계획 변경 원문에서 다시 연결,confirmed,pending_source_relink,svc-20260624-0047,2026-06-24 KST,codex_closure_triage_seed,closure_context_exact,matched,1,derived_from_existing_s1_s5_workbooks_and_review_logs,"2026-298 고시문 건축계획·용적률 계획이 3-2획지 정비계획용적률 277.88% 이하와 법적상한 360% 이하를 직접 보여 주며, 비교표 대표값 277.88은 최신 공동주택 대표획지 기준으로 재연결돼 confirmed 처리",confirmed 항목은 최신 2026-298 본고시 기준값으로 사업별 메모와 비교표에 유지하고 360% 법적상한은 보조 문맥으로 병기,마천1의 용적률은 별도 재정비촉진계획/정비계획 변경 원문에서 다시 연결,project-notes/20-macheon-1.md
S3-0011,S3,13,P0,잠실/송파,송파구,20,마천1재정비촉진구역 주택재개발정비사업조합,조합설립인가,ocr_image_field,floors,층수,ocr_image_value,지상:49/지하:미확인,1982년 건설부 도시계획 입안 고시 이미지,source_image_not_suitable_for_current_value,analysis/ocr-image-review-decisions.md; data/urban/text/files/20-11000NTC202606080004-20-11000NTC202606080004-notice_file-서울특별시_제2026-298호_고시문.txt,data/urban/text/ocr/images/20-11000NTC197312011134-20-11000NTC197312011134-notice_file-건설부470/page-1.png,도시계획 입안 고시 본문과 구역 면적 표만 확인됨,마천1의 층수는 별도 재정비촉진계획/정비계획 변경 원문에서 다시 연결,confirmed,pending_source_relink,svc-20260624-0048,2026-06-24 KST,codex_closure_triage_seed,closure_context_exact,matched,1,derived_from_existing_s1_s5_workbooks_and_review_logs,"2026-298 고시문 건축계획 표가 3-2획지 공동주택 49층 이하와 3-1획지 20층 이하를 직접 보여 주며, 대표값 지상 49층은 최신 공동주택 대표획지 기준으로 재연결돼 confirmed 처리하고 지하층은 미확인으로 유지",confirmed 항목은 최신 2026-298 본고시 기준값으로 사업별 메모와 비교표에 유지하고 지하층은 미확인 상태를 유지,마천1의 층수는 별도 재정비촉진계획/정비계획 변경 원문에서 다시 연결,project-notes/20-macheon-1.md
S3-0012,S3,13,P0,잠실/송파,송파구,20,마천1재정비촉진구역 주택재개발정비사업조합,조합설립인가,ocr_image_field,max_height_m,최고높이,ocr_image_value,160,1982년 건설부 도시계획 입안 고시 이미지,source_image_not_suitable_for_current_value,analysis/ocr-image-review-decisions.md; data/urban/text/files/20-11000NTC202606080004-20-11000NTC202606080004-notice_file-서울특별시_제2026-298호_고시문.txt,data/urban/text/ocr/images/20-11000NTC197312011134-20-11000NTC197312011134-notice_file-건설부470/page-1.png,도시계획 입안 고시 본문과 구역 면적 표만 확인됨,마천1의 높이 기준은 별도 재정비촉진계획/정비계획 변경 원문에서 다시 연결,confirmed,pending_source_relink,svc-20260624-0049,2026-06-24 KST,codex_closure_triage_seed,closure_context_exact,matched,1,derived_from_existing_s1_s5_workbooks_and_review_logs,"2026-298 고시문 건축계획 표가 3-2획지 공동주택 최고높이 160m 이하와 3-1획지 71m 이하를 직접 보여 주며, 대표값 160은 최신 공동주택 대표획지 기준으로 재연결돼 confirmed 처리",confirmed 항목은 최신 2026-298 본고시 기준값으로 사업별 메모와 비교표에 유지하고 3-1획지 71m 이하는 보조 문맥으로 병기,마천1의 높이 기준은 별도 재정비촉진계획/정비계획 변경 원문에서 다시 연결,project-notes/20-macheon-1.md
S4-0001,S4,8,P0,잠실/송파,송파구,9,잠실우성4차 주택재건축정비사업조합,관리처분인가,stage_conflict_field,building_coverage_ratio_pct,건폐율,stage_conflict,25,30,정비계획 고시 후보값 vs 사업시행 공개항목,"정보몽땅 공개항목의 별첨 원문, 최신 변경고시, 관리처분 인가 고시 원문",P0 2026-03-25 이주비 대출을 위한 금융기관 선정 입찰 공고문 / P0 2025-12-24 명도소송 관련 업무를 위한 협력업체(변호사 등) 선정 입찰공고 / P0 2025-11-18 범죄예방 및 이주관리를 위한 협력업체 선정 입찰공고,고시문 후보값과 사업개요 값 차이를 시점차로 유지,record_values_by_source_date,confirmed,source_date_split,svc-20260624-0050,2026-06-24 KST,codex_closure_triage_seed,closure_context_exact,matched,1,derived_from_existing_s1_s5_workbooks_and_review_logs,사업개요 현재값 25%와 2017 고시 건폐율 30%를 서로 다른 시점값으로 분리 기록하는 방식이 이미 관리처분 해소표와 사업별 메모에 반영돼 있어 confirmed/source_date_split로 닫음,비교표 대표값은 사업개요 현재값을 유지하고 2017 고시값 30%는 시점별 원문값으로 병기,고시·사업시행·관리처분 값을 같은 필드에 덮어쓰지 말고 시점별 열로 분리 기록,project-notes/09-tw2w7iwv.md
S4-0002,S4,8,P0,잠실/송파,송파구,9,잠실우성4차 주택재건축정비사업조합,관리처분인가,stage_conflict_field,management_construction_cost,관리처분 공사비,stage_conflict,,,정보몽땅 관리처분 공개항목,"정보몽땅 공개항목의 별첨 원문, 최신 변경고시, 관리처분 인가 고시 원문",P0 2026-03-25 이주비 대출을 위한 금융기관 선정 입찰 공고문 / P0 2025-12-24 명도소송 관련 업무를 위한 협력업체(변호사 등) 선정 입찰공고 / P0 2025-11-18 범죄예방 및 이주관리를 위한 협력업체 선정 입찰공고,관리처분 별첨 또는 조합 공개표에서 공사비 보강,fetch_management_attachment,deferred,manual_escalation_required,svc-20260624-0051,2026-06-24 KST,codex_closure_triage_seed,closure_context_exact,matched,1,derived_from_existing_s1_s5_workbooks_and_review_logs,"정보몽땅 비회원 공개목록과 사업개요 공개화면에서 관리처분 공사비/별첨 원문이 확인되지 않았고, 송파구 새올전자민원창구로 2026-06-23 접수번호 626590 민원을 제출해 회신 대기 중이므로 deferred 처리",송파구 새올전자민원창구 접수번호 626590 회신 도착 시 고시번호·고시일·별첨·공사비 기준일을 intake에 기록하고 그때 decision을 재개,정보몽땅 관리처분 별첨 또는 관리처분 인가 고시 원문에서 공사비/분담금 값을 보강,project-notes/09-tw2w7iwv.md
S4-0003,S4,8,P0,잠실/송파,송파구,9,잠실우성4차 주택재건축정비사업조합,관리처분인가,stage_conflict_field,management_approval_date,관리처분인가일,stage_conflict,2025-12-31,2025-12-31,정보몽땅 관리처분계획서 공개항목,"정보몽땅 공개항목의 별첨 원문, 최신 변경고시, 관리처분 인가 고시 원문",P0 2026-03-25 이주비 대출을 위한 금융기관 선정 입찰 공고문 / P0 2025-12-24 명도소송 관련 업무를 위한 협력업체(변호사 등) 선정 입찰공고 / P0 2025-11-18 범죄예방 및 이주관리를 위한 협력업체 선정 입찰공고,공개항목 기준 관리처분인가일로 기록,record_resolved_value,confirmed,confirm,svc-20260624-0052,2026-06-24 KST,codex_closure_triage_seed,closure_context_exact,matched,1,derived_from_existing_s1_s5_workbooks_and_review_logs,기존 수동 OCR 판정 또는 관리처분 공개항목 해소표에서 현재값을 확인한 항목으로 1차 confirmed 처리,confirmed 항목은 핵심 수치 장부/사업별 메모에 반영 여부를 점검,공개항목 또는 고시 원문 기준으로 사업별 메모와 비교표에 확정/보조값을 반영,project-notes/09-tw2w7iwv.md
S4-0004,S4,8,P0,잠실/송파,송파구,9,잠실우성4차 주택재건축정비사업조합,관리처분인가,stage_conflict_field,project_approval_date,사업시행인가일,stage_conflict,2023-08-31,2023-08-31,정보몽땅 사업시행계획서 공개항목,"정보몽땅 공개항목의 별첨 원문, 최신 변경고시, 관리처분 인가 고시 원문",P0 2026-03-25 이주비 대출을 위한 금융기관 선정 입찰 공고문 / P0 2025-12-24 명도소송 관련 업무를 위한 협력업체(변호사 등) 선정 입찰공고 / P0 2025-11-18 범죄예방 및 이주관리를 위한 협력업체 선정 입찰공고,공개항목 기준 사업시행인가일로 기록,record_resolved_value,confirmed,confirm,svc-20260624-0053,2026-06-24 KST,codex_closure_triage_seed,closure_context_exact,matched,1,derived_from_existing_s1_s5_workbooks_and_review_logs,기존 수동 OCR 판정 또는 관리처분 공개항목 해소표에서 현재값을 확인한 항목으로 1차 confirmed 처리,confirmed 항목은 핵심 수치 장부/사업별 메모에 반영 여부를 점검,공개항목 또는 고시 원문 기준으로 사업별 메모와 비교표에 확정/보조값을 반영,project-notes/09-tw2w7iwv.md
S4-0005,S4,8,P0,잠실/송파,송파구,9,잠실우성4차 주택재건축정비사업조합,관리처분인가,stage_conflict_field,floor_area_ratio_pct,용적률,stage_conflict,300,299.7,정비계획 법적상한/계획 용적률 vs 사업시행 공개항목,"정보몽땅 공개항목의 별첨 원문, 최신 변경고시, 관리처분 인가 고시 원문",P0 2026-03-25 이주비 대출을 위한 금융기관 선정 입찰 공고문 / P0 2025-12-24 명도소송 관련 업무를 위한 협력업체(변호사 등) 선정 입찰공고 / P0 2025-11-18 범죄예방 및 이주관리를 위한 협력업체 선정 입찰공고,정비계획 법적상한은 고시문 기준값으로 유지,record_resolved_value,confirmed,confirm,svc-20260624-0172,2026-06-24 KST,codex_closure_triage_seed,closure_context_exact,matched,2,derived_from_existing_s1_s5_workbooks_and_review_logs,기존 수동 OCR 판정 또는 관리처분 공개항목 해소표에서 현재값을 확인한 항목으로 1차 confirmed 처리,confirmed 항목은 핵심 수치 장부/사업별 메모에 반영 여부를 점검,공개항목 또는 고시 원문 기준으로 사업별 메모와 비교표에 확정/보조값을 반영,project-notes/09-tw2w7iwv.md
S4-0006,S4,8,P0,잠실/송파,송파구,9,잠실우성4차 주택재건축정비사업조합,관리처분인가,stage_conflict_field,district_area_sqm,정비구역 면적,stage_conflict,"31,961.1",31630.5,사업개요 현재값 vs 2017-239 2017-07-06 고시,"정보몽땅 공개항목의 별첨 원문, 최신 변경고시, 관리처분 인가 고시 원문",P0 2026-03-25 이주비 대출을 위한 금융기관 선정 입찰 공고문 / P0 2025-12-24 명도소송 관련 업무를 위한 협력업체(변호사 등) 선정 입찰공고 / P0 2025-11-18 범죄예방 및 이주관리를 위한 협력업체 선정 입찰공고,사업개요 현재값과 정비구역 지정 고시 값을 별도 열로 유지,record_values_by_source_date,confirmed,source_date_split,svc-20260624-0055,2026-06-24 KST,codex_closure_triage_seed,closure_context_exact,matched,1,derived_from_existing_s1_s5_workbooks_and_review_logs,"사업개요 현재값 31,961.1㎡와 2017 고시 31,630.5㎡를 시점별로 분리 기록하는 방식이 이미 관리처분 해소표와 사업별 메모에 반영돼 있어 confirmed/source_date_split로 닫음",비교표 대표값은 사업개요 현재값을 유지하고 2017 고시 면적은 시점별 원문값으로 병기,고시·사업시행·관리처분 값을 같은 필드에 덮어쓰지 말고 시점별 열로 분리 기록,project-notes/09-tw2w7iwv.md
S4-0007,S4,8,P0,잠실/송파,송파구,9,잠실우성4차 주택재건축정비사업조합,관리처분인가,stage_conflict_field,union_approval_date,조합설립인가일,stage_conflict,2018.04.02.,,핵심 수치 장부의 S4 관련 공란/후속 확인 필드,공식 단계 출처에서 확인된 단계일자를 비교표와 사업별 메모에 반영,P0 2026-03-25 이주비 대출을 위한 금융기관 선정 입찰 공고문 / P0 2025-12-24 명도소송 관련 업무를 위한 협력업체(변호사 등) 선정 입찰공고 / P0 2025-11-18 범죄예방 및 이주관리를 위한 협력업체 선정 입찰공고,공식 단계 출처에서 확인된 단계일자를 비교표와 사업별 메모에 반영,manual_stage_review,confirmed,confirm,svc-20260624-0056,2026-06-24 KST,codex_closure_triage_seed,closure_context_exact,matched,1,derived_from_existing_s1_s5_workbooks_and_review_logs,기존 수동 OCR 판정 또는 관리처분 공개항목 해소표에서 현재값을 확인한 항목으로 1차 confirmed 처리,confirmed 항목은 핵심 수치 장부/사업별 메모에 반영 여부를 점검,관리처분 대조표와 장부를 다시 열어 confirmed/pending/conflict 중 하나로 판정,project-notes/09-tw2w7iwv.md
S4-0008,S4,8,P0,잠실/송파,송파구,9,잠실우성4차 주택재건축정비사업조합,관리처분인가,stage_conflict_field,total_households,총 세대수,stage_conflict,732,916,정비구역 고시 2017-07-06 vs 사업시행/관리처분 공개항목,"정보몽땅 공개항목의 별첨 원문, 최신 변경고시, 관리처분 인가 고시 원문",P0 2026-03-25 이주비 대출을 위한 금융기관 선정 입찰 공고문 / P0 2025-12-24 명도소송 관련 업무를 위한 협력업체(변호사 등) 선정 입찰공고 / P0 2025-11-18 범죄예방 및 이주관리를 위한 협력업체 선정 입찰공고,사업개요와 고시문 세대수 차이를 시점차로 두고 최신 인가 원문 확인,record_values_by_source_date,confirmed,source_date_split_official_summary_and_notice_values,svc-20260624-0169,2026-06-24 KST,codex_closure_triage_seed,closure_context_exact,matched,2,derived_from_existing_s1_s5_workbooks_and_review_logs,총 세대수는 사업개요 현재값 732세대와 2017 고시 916세대를 시점별로 병기하는 방식이 이미 로컬 해소표에 정리돼 있어 confirmed/source_date_split로 닫음,대표값은 사업개요 732세대를 유지하고 고시 916세대는 시점별 참고값으로 병기,고시·사업시행·관리처분 값을 같은 필드에 덮어쓰지 말고 시점별 열로 분리 기록,project-notes/09-tw2w7iwv.md
S4-0009,S4,8,P0,잠실/송파,송파구,9,잠실우성4차 주택재건축정비사업조합,관리처분인가,stage_conflict_field,floors,층수,stage_conflict,지상:32/지하:4,32,정비구역 고시 최고층 후보 vs 사업개요 층수,"정보몽땅 공개항목의 별첨 원문, 최신 변경고시, 관리처분 인가 고시 원문",P0 2026-03-25 이주비 대출을 위한 금융기관 선정 입찰 공고문 / P0 2025-12-24 명도소송 관련 업무를 위한 협력업체(변호사 등) 선정 입찰공고 / P0 2025-11-18 범죄예방 및 이주관리를 위한 협력업체 선정 입찰공고,층수는 고시문과 사업개요가 같은 방향으로 확인됨,record_resolved_value,confirmed,confirm,svc-20260624-0058,2026-06-24 KST,codex_closure_triage_seed,closure_context_exact,matched,1,derived_from_existing_s1_s5_workbooks_and_review_logs,기존 수동 OCR 판정 또는 관리처분 공개항목 해소표에서 현재값을 확인한 항목으로 1차 confirmed 처리,confirmed 항목은 핵심 수치 장부/사업별 메모에 반영 여부를 점검,공개항목 또는 고시 원문 기준으로 사업별 메모와 비교표에 확정/보조값을 반영,project-notes/09-tw2w7iwv.md
S4-0010,S4,9,P0,잠실/송파,송파구,21,가락삼익맨숀아파트 재건축정비사업 조합,관리처분인가,stage_conflict_field,building_coverage_ratio_pct,건폐율,stage_conflict,24,50,정비계획 고시 후보값 vs 사업시행 공개항목,"정보몽땅 공개항목의 별첨 원문, 최신 변경고시, 관리처분 인가 고시 원문",P0 2025-07-30 HUG(주택도시보증공사) 이주비·사업비 대출 보증 행정대행 용역업체 선정 입찰 재공고 / P0 2025-07-18 HUG(주택도시보증공사) 이주비·사업비 대출 보증 행정대행 용역업체 선정 입찰 공고 / P0 2026-02-13 건축물 해체계획서 작성·인허가 및 석면해체·제거공사 감리 용역 선정 입찰공고,사업시행 공개항목 건폐율을 최신 사업계획 수치로 별도 기록,record_resolved_value,confirmed,confirm,svc-20260624-0059,2026-06-24 KST,codex_closure_triage_seed,closure_context_exact,matched,1,derived_from_existing_s1_s5_workbooks_and_review_logs,기존 수동 OCR 판정 또는 관리처분 공개항목 해소표에서 현재값을 확인한 항목으로 1차 confirmed 처리,confirmed 항목은 핵심 수치 장부/사업별 메모에 반영 여부를 점검,공개항목 또는 고시 원문 기준으로 사업별 메모와 비교표에 확정/보조값을 반영,project-notes/21-grsamik.md
S4-0011,S4,9,P0,잠실/송파,송파구,21,가락삼익맨숀아파트 재건축정비사업 조합,관리처분인가,stage_conflict_field,management_construction_cost,관리처분 공사비,stage_conflict,"689,150,000,000","689,150,000,000",정보몽땅 관리처분 공개항목,"정보몽땅 공개항목의 별첨 원문, 최신 변경고시, 관리처분 인가 고시 원문",P0 2025-07-30 HUG(주택도시보증공사) 이주비·사업비 대출 보증 행정대행 용역업체 선정 입찰 재공고 / P0 2025-07-18 HUG(주택도시보증공사) 이주비·사업비 대출 보증 행정대행 용역업체 선정 입찰 공고 / P0 2026-02-13 건축물 해체계획서 작성·인허가 및 석면해체·제거공사 감리 용역 선정 입찰공고,관리처분 공개항목 공사비로 기록하고 단위 원 유지,record_resolved_value,confirmed,confirm,svc-20260624-0060,2026-06-24 KST,codex_closure_triage_seed,closure_context_exact,matched,1,derived_from_existing_s1_s5_workbooks_and_review_logs,기존 수동 OCR 판정 또는 관리처분 공개항목 해소표에서 현재값을 확인한 항목으로 1차 confirmed 처리,confirmed 항목은 핵심 수치 장부/사업별 메모에 반영 여부를 점검,공개항목 또는 고시 원문 기준으로 사업별 메모와 비교표에 확정/보조값을 반영,project-notes/21-grsamik.md
S4-0012,S4,9,P0,잠실/송파,송파구,21,가락삼익맨숀아파트 재건축정비사업 조합,관리처분인가,stage_conflict_field,management_approval_date,관리처분인가일,stage_conflict,2025-10-15,2025-10-15,정보몽땅 관리처분계획서 공개항목,"정보몽땅 공개항목의 별첨 원문, 최신 변경고시, 관리처분 인가 고시 원문",P0 2025-07-30 HUG(주택도시보증공사) 이주비·사업비 대출 보증 행정대행 용역업체 선정 입찰 재공고 / P0 2025-07-18 HUG(주택도시보증공사) 이주비·사업비 대출 보증 행정대행 용역업체 선정 입찰 공고 / P0 2026-02-13 건축물 해체계획서 작성·인허가 및 석면해체·제거공사 감리 용역 선정 입찰공고,공개항목 기준 관리처분인가일로 기록,record_resolved_value,confirmed,confirm,svc-20260624-0061,2026-06-24 KST,codex_closure_triage_seed,closure_context_exact,matched,1,derived_from_existing_s1_s5_workbooks_and_review_logs,기존 수동 OCR 판정 또는 관리처분 공개항목 해소표에서 현재값을 확인한 항목으로 1차 confirmed 처리,confirmed 항목은 핵심 수치 장부/사업별 메모에 반영 여부를 점검,공개항목 또는 고시 원문 기준으로 사업별 메모와 비교표에 확정/보조값을 반영,project-notes/21-grsamik.md
S4-0013,S4,9,P0,잠실/송파,송파구,21,가락삼익맨숀아파트 재건축정비사업 조합,관리처분인가,stage_conflict_field,project_approval_date,사업시행인가일,stage_conflict,2023-11-13,2023-11-13,정보몽땅 사업시행계획서 공개항목,"정보몽땅 공개항목의 별첨 원문, 최신 변경고시, 관리처분 인가 고시 원문",P0 2025-07-30 HUG(주택도시보증공사) 이주비·사업비 대출 보증 행정대행 용역업체 선정 입찰 재공고 / P0 2025-07-18 HUG(주택도시보증공사) 이주비·사업비 대출 보증 행정대행 용역업체 선정 입찰 공고 / P0 2026-02-13 건축물 해체계획서 작성·인허가 및 석면해체·제거공사 감리 용역 선정 입찰공고,공개항목 기준 사업시행인가일로 기록,record_resolved_value,confirmed,confirm,svc-20260624-0062,2026-06-24 KST,codex_closure_triage_seed,closure_context_exact,matched,1,derived_from_existing_s1_s5_workbooks_and_review_logs,기존 수동 OCR 판정 또는 관리처분 공개항목 해소표에서 현재값을 확인한 항목으로 1차 confirmed 처리,confirmed 항목은 핵심 수치 장부/사업별 메모에 반영 여부를 점검,공개항목 또는 고시 원문 기준으로 사업별 메모와 비교표에 확정/보조값을 반영,project-notes/21-grsamik.md
S4-0014,S4,9,P0,잠실/송파,송파구,21,가락삼익맨숀아파트 재건축정비사업 조합,관리처분인가,stage_conflict_field,floor_area_ratio_pct,용적률,stage_conflict,300,299.98,정비계획 법적상한/계획 용적률 vs 사업시행 공개항목,"정보몽땅 공개항목의 별첨 원문, 최신 변경고시, 관리처분 인가 고시 원문",P0 2025-07-30 HUG(주택도시보증공사) 이주비·사업비 대출 보증 행정대행 용역업체 선정 입찰 재공고 / P0 2025-07-18 HUG(주택도시보증공사) 이주비·사업비 대출 보증 행정대행 용역업체 선정 입찰 공고 / P0 2026-02-13 건축물 해체계획서 작성·인허가 및 석면해체·제거공사 감리 용역 선정 입찰공고,정비계획 법적상한과 사업시행 용적률을 구분해 기록,record_resolved_value,confirmed,confirm,svc-20260624-0063,2026-06-24 KST,codex_closure_triage_seed,closure_context_exact,matched,1,derived_from_existing_s1_s5_workbooks_and_review_logs,기존 수동 OCR 판정 또는 관리처분 공개항목 해소표에서 현재값을 확인한 항목으로 1차 confirmed 처리,confirmed 항목은 핵심 수치 장부/사업별 메모에 반영 여부를 점검,공개항목 또는 고시 원문 기준으로 사업별 메모와 비교표에 확정/보조값을 반영,project-notes/21-grsamik.md
S4-0015,S4,9,P0,잠실/송파,송파구,21,가락삼익맨숀아파트 재건축정비사업 조합,관리처분인가,stage_conflict_field,district_area_sqm,정비구역 면적,stage_conflict,"59,721.7",59721.63,사업개요 현재값 vs 2020-111 2020-10-08 고시,"정보몽땅 공개항목의 별첨 원문, 최신 변경고시, 관리처분 인가 고시 원문",P0 2025-07-30 HUG(주택도시보증공사) 이주비·사업비 대출 보증 행정대행 용역업체 선정 입찰 재공고 / P0 2025-07-18 HUG(주택도시보증공사) 이주비·사업비 대출 보증 행정대행 용역업체 선정 입찰 공고 / P0 2026-02-13 건축물 해체계획서 작성·인허가 및 석면해체·제거공사 감리 용역 선정 입찰공고,구역면적은 사업개요와 고시문이 같은 값으로 취급 가능,record_resolved_value,confirmed,confirm,svc-20260624-0064,2026-06-24 KST,codex_closure_triage_seed,closure_context_exact,matched,1,derived_from_existing_s1_s5_workbooks_and_review_logs,기존 수동 OCR 판정 또는 관리처분 공개항목 해소표에서 현재값을 확인한 항목으로 1차 confirmed 처리,confirmed 항목은 핵심 수치 장부/사업별 메모에 반영 여부를 점검,공개항목 또는 고시 원문 기준으로 사업별 메모와 비교표에 확정/보조값을 반영,project-notes/21-grsamik.md
S4-0016,S4,9,P0,잠실/송파,송파구,21,가락삼익맨숀아파트 재건축정비사업 조합,관리처분인가,stage_conflict_field,union_approval_date,조합설립인가일,stage_conflict,2019.08.05.,,핵심 수치 장부의 S4 관련 공란/후속 확인 필드,공식 단계 출처에서 확인된 단계일자를 비교표와 사업별 메모에 반영,P0 2025-07-30 HUG(주택도시보증공사) 이주비·사업비 대출 보증 행정대행 용역업체 선정 입찰 재공고 / P0 2025-07-18 HUG(주택도시보증공사) 이주비·사업비 대출 보증 행정대행 용역업체 선정 입찰 공고 / P0 2026-02-13 건축물 해체계획서 작성·인허가 및 석면해체·제거공사 감리 용역 선정 입찰공고,공식 단계 출처에서 확인된 단계일자를 비교표와 사업별 메모에 반영,manual_stage_review,confirmed,confirm,svc-20260624-0065,2026-06-24 KST,codex_closure_triage_seed,closure_context_exact,matched,1,derived_from_existing_s1_s5_workbooks_and_review_logs,기존 수동 OCR 판정 또는 관리처분 공개항목 해소표에서 현재값을 확인한 항목으로 1차 confirmed 처리,confirmed 항목은 핵심 수치 장부/사업별 메모에 반영 여부를 점검,관리처분 대조표와 장부를 다시 열어 confirmed/pending/conflict 중 하나로 판정,project-notes/21-grsamik.md
S4-0017,S4,9,P0,잠실/송파,송파구,21,가락삼익맨숀아파트 재건축정비사업 조합,관리처분인가,stage_conflict_field,total_households,총 세대수,stage_conflict,"1,358","1,570",정비구역 고시 2020-10-08 vs 사업시행/관리처분 공개항목,"정보몽땅 공개항목의 별첨 원문, 최신 변경고시, 관리처분 인가 고시 원문",P0 2025-07-30 HUG(주택도시보증공사) 이주비·사업비 대출 보증 행정대행 용역업체 선정 입찰 재공고 / P0 2025-07-18 HUG(주택도시보증공사) 이주비·사업비 대출 보증 행정대행 용역업체 선정 입찰 공고 / P0 2026-02-13 건축물 해체계획서 작성·인허가 및 석면해체·제거공사 감리 용역 선정 입찰공고,"정비구역 고시 세대수, 사업시행 세대수, 사업개요 세대수를 시점별로 분리",record_resolved_value,confirmed,confirm,svc-20260624-0066,2026-06-24 KST,codex_closure_triage_seed,closure_context_exact,matched,1,derived_from_existing_s1_s5_workbooks_and_review_logs,기존 수동 OCR 판정 또는 관리처분 공개항목 해소표에서 현재값을 확인한 항목으로 1차 confirmed 처리,confirmed 항목은 핵심 수치 장부/사업별 메모에 반영 여부를 점검,공개항목 또는 고시 원문 기준으로 사업별 메모와 비교표에 확정/보조값을 반영,project-notes/21-grsamik.md
S4-0018,S4,9,P0,잠실/송파,송파구,21,가락삼익맨숀아파트 재건축정비사업 조합,관리처분인가,stage_conflict_field,floors,층수,stage_conflict,지상:30/지하:3,31,정비구역 고시 최고층 후보 vs 사업개요 층수,"정보몽땅 공개항목의 별첨 원문, 최신 변경고시, 관리처분 인가 고시 원문",P0 2025-07-30 HUG(주택도시보증공사) 이주비·사업비 대출 보증 행정대행 용역업체 선정 입찰 재공고 / P0 2025-07-18 HUG(주택도시보증공사) 이주비·사업비 대출 보증 행정대행 용역업체 선정 입찰 공고 / P0 2026-02-13 건축물 해체계획서 작성·인허가 및 석면해체·제거공사 감리 용역 선정 입찰공고,최고층 후보와 사업개요 층수를 별도 기록하고 최신 사업시행 원문 확인,record_values_by_source_date,confirmed,source_date_split,svc-20260624-0067,2026-06-24 KST,codex_closure_triage_seed,closure_context_exact,matched,1,derived_from_existing_s1_s5_workbooks_and_review_logs,사업개요 지상30/지하3과 2020 고시 최고층 후보 31층을 시점별 기준으로 분리 기록하는 방식이 이미 관리처분 해소표와 사업별 메모에 반영돼 있어 confirmed/source_date_split로 닫음,비교표 대표값은 사업개요 층수를 유지하고 2020 고시 최고층 후보 31층은 시점별 원문값으로 병기,고시·사업시행·관리처분 값을 같은 필드에 덮어쓰지 말고 시점별 열로 분리 기록,project-notes/21-grsamik.md
S1-0035,S1,35,P1,강남,,11,압구정아파트지구 특별계획구역4,조합설립인가,evidence_review_group,건폐율:50(structured_value_needs_manual_confirmation); 용적률:300(structured_value_needs_manual_confirmation); 최고높이:250(struc...,기반시설,infrastructure,,"422; 6,732.2; 3,300.4㎡; 4,725.4; 2,006.8㎡; 109; 1,425.0㎡; 75,449.6; 6.6; 19,539.0; 2.3; 55,910.6",P0 2026-06-11 정비기반시설 도로 복개구조물 설계용역 선정 입찰공고 / P2 2025-03-11 2025년 민간공사원가자문 서비스 안내,data/urban/text/files/11-11000NTC202312010004-11-11000NTC202312010004-notice_file-서울특별시_제2023-516호_고시.txt:310; data/urban/text/files/11-11000NTC202312010004-11-11000NTC202312010004-notice_file-서울특별시_제2023-516호_고시.txt:313; data/urban/text/files/11-11000NTC2023...,P0 2026-06-11 정비기반시설 도로 복개구조물 설계용역 선정 입찰공고 / P2 2025-03-11 2025년 민간공사원가자문 서비스 안내,"번호 공원, 녹지 및 도로 중복결정 압구정동 422 6,732.2 (공원① : 3,300.4㎡ / 기정 ① 유수지 유수시설 - 일원(신사공원 일원) (4,725.4) 녹지① : 2,006.8㎡ 중로2-109 : 1,425.0㎡) / 시설 공원용지 75,449.6 6.6 19,539.0 2.3 감) 55,910.6 용지",ready_with_p0_public_item,confirmed,public_item_downloaded_scope_confirmed_parent_plan_values_separated,svc-20260624-0068,2026-06-24 KST,codex_manual_apgujeong4_public_item_review,closure_context_exact,matched,1,manual_public_item_scope_review_apgujeong4_parent_plan_values_separated,"로컬 공개항목 상세와 첨부 manifest가 2026-06-11 special district 4의 '정비기반시설 도로 복개구조물 설계용역' scope를 직접 확인한다. 2023-516 부모 고시의 기반시설 값은 상위 계획 문맥으로 유지하고, 개별 사업 대표 수치와 혼합하지 않는 조건으로 닫는다.","기반시설 공개항목은 scope signal로 유지하고, 개별 사업 수치 갱신은 후속 직접 고시나 공식 사업개요로만 반영",기반시설 후보를 P0 공개항목 상세/첨부와 대조하고 장부·메모에 confirmed/pending/conflict 기록,project-notes/11-apgujeong4.md
S1-0036,S1,36,P1,강남,,12,압구정아파트지구 특별계획구역5 재건축정비사업조합,조합설립인가,evidence_review_group,정비구역 면적:789.87(snippet_candidate_needs_manual_confirmation); 건폐율:공란(value_missing); 용적률:공란(value_missing); 총 세대수:공란(val...,기반시설,infrastructure,,"422; 6,732.2; 3,300.4㎡; 4,725.4; 2,006.8㎡; 109; 1,425.0㎡; 75,449.6; 6.6; 19,539.0; 2.3; 55,910.6",P0 2026-06-01 정비기반시설(설계)용역업체 선정 입찰 / P2 2025-03-11 2025년 민간공사원가자문 서비스 안내,data/urban/text/files/12-11000NTC202312010004-12-11000NTC202312010004-notice_file-서울특별시_제2023-516호_고시.txt:310; data/urban/text/files/12-11000NTC202312010004-12-11000NTC202312010004-notice_file-서울특별시_제2023-516호_고시.txt:313; data/urban/text/files/12-11000NTC2023...,P0 2026-06-01 정비기반시설(설계)용역업체 선정 입찰 / P2 2025-03-11 2025년 민간공사원가자문 서비스 안내,"번호 공원, 녹지 및 도로 중복결정 압구정동 422 6,732.2 (공원① : 3,300.4㎡ / 기정 ① 유수지 유수시설 - 일원(신사공원 일원) (4,725.4) 녹지① : 2,006.8㎡ 중로2-109 : 1,425.0㎡) / 시설 공원용지 75,449.6 6.6 19,539.0 2.3 감) 55,910.6 용지",ready_with_p0_public_item,confirmed,public_item_downloaded_scope_confirmed_parent_plan_values_separated,svc-20260624-0069,2026-06-24 KST,codex_manual_apgujeong5_public_item_review,closure_context_exact,matched,1,manual_public_item_scope_review_apgujeong5_parent_plan_values_separated,"로컬 공개항목 상세와 첨부 manifest가 2026-06-01 special district 5의 '정비기반시설(설계)용역업체 선정 입찰' scope를 직접 확인한다. 2023-516 부모 고시의 기반시설 문맥은 상위 계획 값으로만 유지하고, 개별 사업 대표 수치와 섞지 않는 조건으로 닫는다.","기반시설 공개항목은 scope signal로 유지하고, 개별 사업 수치 갱신은 후속 직접 고시나 공식 사업개요로만 반영",기반시설 후보를 P0 공개항목 상세/첨부와 대조하고 장부·메모에 confirmed/pending/conflict 기록,project-notes/12-apgujeong5.md
S1-0037,S1,37,P1,구의/광진,,30,자양4동 A구역 주택재개발사업,정비구역지정,evidence_review_group,"정비구역 면적:139,130(snippet_candidate_needs_manual_confirmation); 건폐율:공란(value_missing); 용적률:공란(value_missing); 총 세대수:공란(va...",비용·분담금,cost_pressure,,"104.8㎡; 4,179; 1,303.4㎡; 3,883",P0 2026-05-08 조합설립 동의서 징구를 위한 추정분담금 검증 / P3 2025-03-11 2025년 민간공사원가자문 서비스 안내,data/urban/text/files/30-11215NTC202505200003-30-11215NTC202505200003-notice_file-서울특별시_제2025-356호_고시.txt:368; data/urban/text/files/30-11215NTC202505200003-30-11215NTC202505200003-notice_file-서울특별시_제2025-356호_고시.txt:375; data/urban/text/files/30-11215NTC2025...,P0 2026-05-08 조합설립 동의서 징구를 위한 추정분담금 검증 / P3 2025-03-11 2025년 민간공사원가자문 서비스 안내,"­토지환산면적 : 104.8㎡ ­㎡당 공사비 : 4,179천원 ∙「공공건축물 건립 공사비 책정 가이드라인 / ­토지환산면적 : 1,303.4㎡ ­㎡당 공사비 : 3,883천원 6. 공동이용시설 설치계획 / ­토지환산면적 : 1,303.4㎡ ­㎡당 공사비 : 3,883천원 3. 획지 및 건축물 등에 관한 결정",ready_with_p0_public_item,confirmed,direct_notice_cost_context_confirmed_public_item_detail_id_missing,svc-20260624-0070,2026-06-24 KST,codex_manual_jayang4a_notice_review,closure_context_exact,matched,1,manual_direct_notice_review_2025_356_cost_context,2025-356 직접 고시 본문이 파출소·주민센터 건축물 기부채납의 토지환산면적과 ㎡당 공사비 산정 문맥을 직접 보여준다. 비용·분담금 후보는 공개항목 상세가 없어도 직접 고시의 비용 산정 문맥으로 confirmed 처리한다.,비용·분담금 관련 수치와 산정 문맥은 사업 메모와 비교 장부의 보조 설명으로 유지,비용·분담금 후보를 P0 공개항목 상세/첨부와 대조하고 장부·메모에 confirmed/pending/conflict 기록,project-notes/30-jayangdong.md
S1-0038,S1,38,P1,구의/광진,,30,자양4동 A구역 주택재개발사업,정비구역지정,evidence_review_group,"정비구역 면적:139,130(snippet_candidate_needs_manual_confirmation); 건폐율:공란(value_missing); 용적률:공란(value_missing); 총 세대수:공란(va...",기반시설,infrastructure,,"14,938.1㎡; 15,932.2㎡; 7,588.0㎡; 299.92%; 27,778.2㎡; 813㎡; 122㎡; 2,600.5; 1.8; 2,499.0; 1,412.0; 1.0",P0 2026-05-08 조합설립 동의서 징구를 위한 추정분담금 검증 / P3 2025-03-11 2025년 민간공사원가자문 서비스 안내,data/urban/text/files/30-11215NTC202505200003-30-11215NTC202505200003-notice_file-서울특별시_제2025-356호_고시.txt:583; data/urban/text/files/30-11215NTC202505200003-30-11215NTC202505200003-notice_file-서울특별시_제2025-356호_고시.txt:535; data/urban/text/files/30-11215NTC2025...,P0 2026-05-08 조합설립 동의서 징구를 위한 추정분담금 검증 / P3 2025-03-11 2025년 민간공사원가자문 서비스 안내,"14,938.1㎡ (도로, 공원, 녹지, 공공공지, 공공청사) 순부담 면적 (도로 15,932.2㎡, 공원 7,588.0㎡, / 상한용적률 : 법적상한용적률 299.92%(건축심의에서 최종 결정) ※ 토지 정비기반시설 등 면적 27,778.2㎡는 주민센터 813㎡, 파출소 122㎡ 제외된 면적임 1) 허용용적률 산출근거 / 공 원 ② 2,600.5 1.8 정비기반시설 공 원 ③ 2,499.0 1.8 녹 지 1,412.0 1.0",ready_with_p0_public_item,confirmed,direct_notice_infrastructure_values_confirmed,svc-20260624-0071,2026-06-24 KST,codex_manual_jayang4a_notice_review,closure_context_exact,matched,1,manual_direct_notice_review_2025_356_infrastructure_context,"2025-356 직접 고시 본문이 정비기반시설 순부담 면적, 도로·공원·녹지·공공공지·공공청사 세부 면적과 확보기준 문맥을 직접 보여준다. 기반시설 후보는 직접 고시 문맥으로 confirmed 처리한다.",기반시설 관련 수치와 문맥은 사업 메모와 비교 장부의 보조 설명으로 유지,기반시설 후보를 P0 공개항목 상세/첨부와 대조하고 장부·메모에 confirmed/pending/conflict 기록,project-notes/30-jayangdong.md
S1-0039,S1,39,P1,구의/광진,,30,자양4동 A구역 주택재개발사업,정비구역지정,evidence_review_group,"정비구역 면적:139,130(snippet_candidate_needs_manual_confirmation); 건폐율:공란(value_missing); 용적률:공란(value_missing); 총 세대수:공란(va...",공공기여·기부채납,public_contribution,,"14,938.1㎡; 15,932.2㎡; 7,588.0㎡; 274.08%; 274.58%; 2,709; 15%; 406.35; 407세대; 30%; 407; 122.1",P0 2026-05-08 조합설립 동의서 징구를 위한 추정분담금 검증 / P3 2025-03-11 2025년 민간공사원가자문 서비스 안내,data/urban/text/files/30-11215NTC202505200003-30-11215NTC202505200003-notice_file-서울특별시_제2025-356호_고시.txt:583; data/urban/text/files/30-11215NTC202505200003-30-11215NTC202505200003-notice_file-서울특별시_제2025-356호_고시.txt:1454; data/urban/text/files/30-11215NTC202...,P0 2026-05-08 조합설립 동의서 징구를 위한 추정분담금 검증 / P3 2025-03-11 2025년 민간공사원가자문 서비스 안내,"14,938.1㎡ (도로, 공원, 녹지, 공공공지, 공공청사) 순부담 면적 (도로 15,932.2㎡, 공원 7,588.0㎡, / 274.08% → 274.58%으로 소폭 증가함 ○ 따라서, 입체공원 활용 등을 통한 공공기여 조정 검토는 반영하지 않았음 / 2,709 × 15% = 406.35 ≤ 407세대 임대주택의 30% 이상 (407×30%= 122.1 ≤ 162세대) 40㎡ 이하 162 39.8",ready_with_p0_public_item,confirmed,direct_notice_public_contribution_context_confirmed,svc-20260624-0072,2026-06-24 KST,codex_manual_jayang4a_notice_review,closure_context_exact,matched,1,manual_direct_notice_review_2025_356_public_contribution_context,"2025-356 직접 고시 본문이 공공시설 부담률, 확보면적 16,346.3㎡, 임대주택 비율 산정과 공공기여 조정 검토 문맥을 직접 보여준다. 공공기여·기부채납 후보는 직접 고시 문맥으로 confirmed 처리한다.",공공기여·기부채납 수치와 문맥은 사업 메모와 비교 장부의 보조 설명으로 유지,공공기여·기부채납 후보를 P0 공개항목 상세/첨부와 대조하고 장부·메모에 confirmed/pending/conflict 기록,project-notes/30-jayangdong.md
S1-0040,S1,40,P1,구의/광진,,30,자양4동 A구역 주택재개발사업,정비구역지정,evidence_review_group,"정비구역 면적:139,130(snippet_candidate_needs_manual_confirmation); 건폐율:공란(value_missing); 용적률:공란(value_missing); 총 세대수:공란(va...",용적률·비율 산정,ratio_calculation,,"1.3; 0.7; 192.21%; 20%; 1.1; 212.21%; 1.0089; 0.13813; 0.01312; 299.92%; 139; 27,778.2㎡",P0 2026-05-08 조합설립 동의서 징구를 위한 추정분담금 검증 / P3 2025-03-11 2025년 민간공사원가자문 서비스 안내,data/urban/text/files/30-11215NTC202505200003-30-11215NTC202505200003-notice_file-서울특별시_제2025-356호_고시.txt:523; data/urban/text/files/30-11215NTC202505200003-30-11215NTC202505200003-notice_file-서울특별시_제2025-356호_고시.txt:472; data/urban/text/files/30-11215NTC2025...,P0 2026-05-08 조합설립 동의서 징구를 위한 추정분담금 검증 / P3 2025-03-11 2025년 민간공사원가자문 서비스 안내,+ (허용용적률 x 1.3 x 가중치 x α(토지)) + (허용용적률 x 0.7 x α(건축물)) 상한용적률 = (192.21% + 20% + (20% x 1.1)) + (212.21% x 1.3 x 1.0089 x 0.13813) + (212.21% x 0.7 x 0.01312) / ∙ 국민주택규모 주택건설에 따른 상한용적률 완화 (「도시 및 주거환경정비법」 제54조) : 법적상한용적률 299.92%(건축심의에서 최종 결정) - 139 - / 법적 • 국민주택규모 주택건설에 따른 상한용적률 완화 (「도시 및 주거환경정비법」 제54조) 상한용적률 : 법적상한용적률 299.92%(건축심의에서 최종 결정) ※ 토지 정비기반시설 등 면적 2...,ready_with_p0_public_item,confirmed,direct_notice_ratio_formula_confirmed,svc-20260624-0073,2026-06-24 KST,codex_manual_jayang4a_notice_review,closure_context_exact,matched,1,manual_direct_notice_review_2025_356_ratio_context,"2025-356 직접 고시 본문이 허용용적률 234.21%, 상한용적률 274.58%, 법적상한용적률 299.92%와 산정식 및 α 값을 직접 보여준다. 용적률·비율 산정 후보는 직접 고시 문맥으로 confirmed 처리한다.",용적률·비율 산정 수치와 산정식은 사업 메모와 비교 장부의 보조 설명으로 유지,용적률·비율 산정 후보를 P0 공개항목 상세/첨부와 대조하고 장부·메모에 confirmed/pending/conflict 기록,project-notes/30-jayangdong.md
S1-0041,S1,41,P1,강남,,8,대치쌍용1차아파트 주택재건축정비사업조합,사업시행인가,evidence_review_group,건폐율:17(structured_value_needs_manual_confirmation); 최고높이:110(structured_value_needs_manual_confirmation); 층수:지상:35/지하:3...,기반시설,infrastructure,,"4,149.67㎡; 8.71%; 3,692㎡; 792.0; 4,090.00㎡; 59.67㎡; 0㎡; 325호; 2,900.0",P1 2018-05-04 사업시행계획 수립을 위한 추정사업비/개략적 분담금 산출 / P2 2025-03-11 2025년 민간공사원가자문 서비스 안내,data/urban/text/files/08-11680NTC202112010001-08-11680NTC202112010001-business-notice_file-강남구_2021-203호_고시.txt:43; data/urban/text/files/08-11680NTC202112010001-08-11680NTC202112010001-business-notice_file-강남구_2021-203호_고시.txt:203; data/urban/text/files/08-1...,P1 2018-05-04 사업시행계획 수립을 위한 추정사업비/개략적 분담금 산출 / P2 2025-03-11 2025년 민간공사원가자문 서비스 안내,": 4,149.67㎡(순부담 8.71%) - 공원, 도로 : 3,692㎡ 기부 도 로 792.0 - 792.0 / 토지면적 환산) 공공시설부지 (계획 정비기반시설 면적 + 공공시설설치비용 환산면적) - 계획 정비기반시설 내 국공유지 제공면적 = 4,090.00㎡ + 59.67㎡ - 0㎡ = 4,149.67㎡ / 서고 325호 기정 공원 소공원 대치동66번지 2,900.0 - 2,900.0 공원선 변경 (13. 10. 04)",ready_with_public_item,confirmed,direct_notice_infrastructure_values_confirmed,svc-20260624-0075,2026-06-24 KST,codex_manual_ssang1_notice_review,closure_context_exact,matched,1,manual_direct_notice_review_2025_644_infrastructure_context,"2025-644 직접 고시 본문이 정비기반시설 변경후 면적, 도로·공원 조정, 기반시설 조성 및 부지제공 문맥을 직접 보여준다. 기반시설 후보는 공개항목 상세가 없어도 직접 고시 문맥으로 confirmed 처리할 수 있다.",기반시설 관련 수치와 문맥은 사업 메모와 비교 장부의 보조 설명으로 유지,기반시설 후보를 공개항목 상세와 대조하되 후속 공고가 P0인지 재평가,project-notes/08-ssang1.md
S1-0042,S1,42,P1,강남,,8,대치쌍용1차아파트 주택재건축정비사업조합,사업시행인가,evidence_review_group,건폐율:17(structured_value_needs_manual_confirmation); 최고높이:110(structured_value_needs_manual_confirmation); 층수:지상:35/지하:3...,공공기여·기부채납,public_contribution,,"4,090.00㎡; 59.67㎡; 0㎡; 4,149.67㎡; 398㎡; 4,090.0; 8.71%; 3,692㎡; 47,659.0㎡; 43,569; 4,090.0㎡; 398.0㎡",P1 2018-05-04 사업시행계획 수립을 위한 추정사업비/개략적 분담금 산출 / P2 2025-03-11 2025년 민간공사원가자문 서비스 안내,data/urban/text/files/08-11680NTC202112010001-08-11680NTC202112010001-business-notice_file-강남구_2021-203호_고시.txt:205; data/urban/text/files/08-11680NTC202112010001-08-11680NTC202112010001-business-notice_file-강남구_2021-203호_고시.txt:42; data/urban/text/files/08-1...,P1 2018-05-04 사업시행계획 수립을 위한 추정사업비/개략적 분담금 산출 / P2 2025-03-11 2025년 민간공사원가자문 서비스 안내,"제공면적 = 4,090.00㎡ + 59.67㎡ - 0㎡ = 4,149.67㎡ (순부담) ※ 구역내 국공유지 398㎡는 주민이 매입 후 어린이집부지로 기부채납 하므로 제하지 않음 구 분 인센티브(용적률) 비 고 / 소 계 4,090.0 - 4,090.0 ∙ 기반시설 조성 및 부지제공 : 4,149.67㎡(순부담 8.71%) - 공원, 도로 : 3,692㎡ / 토지용 기정 47,659.0㎡ 43,569..0㎡ 4,090.0㎡ 398.0㎡ (건축물기부채납을 계획",ready_with_public_item,confirmed,direct_notice_public_contribution_values_confirmed,svc-20260624-0076,2026-06-24 KST,codex_manual_ssang1_notice_review,closure_context_exact,matched,1,manual_direct_notice_review_2025_644_public_contribution_context,"2025-644 직접 고시 본문이 공공시설 제공면적 4,149.67㎡, 순부담 8.71%, 공원·도로 3,692㎡, 어린이집부지 398㎡ 및 기부채납 문맥을 직접 보여준다. 공공기여·기부채납 후보는 직접 고시 문맥으로 confirmed 처리한다.",공공기여·기부채납 수치와 문맥은 사업 메모와 비교 장부의 보조 설명으로 유지,공공기여·기부채납 후보를 공개항목 상세와 대조하되 후속 공고가 P0인지 재평가,project-notes/08-ssang1.md
S1-0043,S1,43,P1,강남,,8,대치쌍용1차아파트 주택재건축정비사업조합,사업시행인가,evidence_review_group,건폐율:17(structured_value_needs_manual_confirmation); 최고높이:110(structured_value_needs_manual_confirmation); 층수:지상:35/지하:3...,용적률·비율 산정,ratio_calculation,,250.00%; 299.90%; 309; 3m,P1 2018-05-04 사업시행계획 수립을 위한 추정사업비/개략적 분담금 산출 / P2 2025-03-11 2025년 민간공사원가자문 서비스 안내,data/urban/text/files/08-11680NTC202112010001-08-11680NTC202112010001-business-notice_file-강남구_2021-203호_고시.txt:137; data/urban/text/files/08-11680NTC202112010001-08-11680NTC202112010001-business-notice_file-강남구_2021-203호_고시.txt:177; data/urban/text/files/08-...,P1 2018-05-04 사업시행계획 수립을 위한 추정사업비/개략적 분담금 산출 / P2 2025-03-11 2025년 민간공사원가자문 서비스 안내,•용적률 완화 (도시 및 주거환경정비법 제54조) - 정비계획용적률(250.00%) → 예정법적상한용적률 (299.90%) - 309 - / •용적률 완화 (도시 및 주거환경정비법 제54조) - 정비계획용적률(250.00%) → 예정법적상한용적률 (299.90%) •영동대로변: 건축한계선 3m / ￿ 총 제공면적 = 공공시설 등 부지 제공 면적 + 시설설치비용 환산 면적 법적상한 ∙ 법적상한용적률 = 299.90% 용적률 - 법적상한용적률 적용대상으로 도시계획위원회 심의 시 결정된 예정법적상한용적률은 건축위원회 심의를 통해 확정예정,ready_with_public_item,confirmed,direct_notice_ratio_values_confirmed,svc-20260624-0077,2026-06-24 KST,codex_manual_ssang1_notice_review,closure_context_exact,matched,1,manual_direct_notice_review_2025_644_ratio_context,"2025-644 직접 고시 본문이 기준용적률 210.00%, 허용용적률 228.00%, 상한용적률 250.0%, 법적상한용적률 299.90%와 산정식을 직접 보여준다. 용적률·비율 산정 후보는 직접 고시 문맥으로 confirmed 처리한다.",용적률·비율 산정 수치와 산정식은 사업 메모와 비교 장부의 보조 설명으로 유지,용적률·비율 산정 후보를 공개항목 상세와 대조하되 후속 공고가 P0인지 재평가,project-notes/08-ssang1.md
S1-0044,S1,44,P1,잠실/송파,,17,송파한양2차아파트 재건축정비사업 조합,조합설립인가,evidence_review_group,최고높이:96(source_link_required); 건폐율:30(ocr_partial_confirmation_pending); 층수:지상:29/지하:미확인(ocr_partial_confirmation_pendi...,기반시설,infrastructure,,20260623; 019; 2017.7; 3418호; 35층; 110m; 111m; 11000; 201707138200; 2017; 1m; 020,P1 2017-11-01 조합설립동의서 징구를 위한 추정분담금 산출 / P2 2025-03-11 2025년 민간공사원가자문 서비스 안내,analysis/ocr-image-review-decisions.md:103,P1 2017-11-01 조합설립동의서 징구를 위한 추정분담금 산출 / P2 2025-03-11 2025년 민간공사원가자문 서비스 안내,"| ocr-img-20260623-019 | 2017.7.13 서울시보 제3418호, 대치쌍용2차아파트 정비계획 변경, 건축시설계획 | 높이: 최고35층 / 110m 이하 | 원문 이미지의 높이 열에서 최고35층 및 110m 이하 확인 | 장부 current_value 111m는 같은 이미지에서 확인되지 않음 | dat...",ready_with_public_item,confirmed,direct_notice_infrastructure_values_confirmed,svc-20260624-0078,2026-06-24 KST,codex_closure_triage_seed,closure_context_exact,matched,1,manual_direct_notice_review_2025_239_infrastructure_context,"2025-239 직접 고시는 도로·공원·공공공지·공공청사 결정조서와 기반시설 면적 산정, 보차혼용통로 및 교통처리 계획을 직접 보여준다. 2023-07-11 공개 입찰공고는 기반시설 검토의 일정 신호일 뿐 대표 기반시설 근거는 아니므로 S1 기반시설 문맥은 직접 고시 기준으로 confirmed 처리한다.","기반시설 관련 수치와 문맥은 사업 메모와 비교 장부의 보조 설명으로 유지하고, 공개 입찰공고는 후속 일정 signal로만 남긴다",기반시설 후보를 공개항목 상세와 대조하되 후속 공고가 P0인지 재평가,project-notes/17-songpa2.md
S1-0045,S1,45,P1,잠실/송파,,17,송파한양2차아파트 재건축정비사업 조합,조합설립인가,evidence_review_group,최고높이:96(source_link_required); 건폐율:30(ocr_partial_confirmation_pending); 층수:지상:29/지하:미확인(ocr_partial_confirmation_pendi...,용적률·비율 산정,ratio_calculation,,20260623; 024; 2021.10; 3724호; 925세대; 925; 402; 224; 299; 786세대; 11000; 202111260001,P1 2017-11-01 조합설립동의서 징구를 위한 추정분담금 산출 / P2 2025-03-11 2025년 민간공사원가자문 서비스 안내,analysis/ocr-image-review-decisions.md:108; analysis/ocr-image-review-decisions.md:83; analysis/ocr-image-review-decisions.md:55,P1 2017-11-01 조합설립동의서 징구를 위한 추정분담금 산출 / P2 2025-03-11 2025년 민간공사원가자문 서비스 안내,"| ocr-img-20260623-024 | 2021.10.7 서울시보 제3724호, 대림가락아파트 건축시설계획 및 주택공급계획 | 주택공급계획: 925세대 / 합계 925 | 원문 이미지의 주택공급계획에서 925세대 및 규모별 세대수 402/224/299 확인 | 장부 current_value 786세대는 같은 이미지... / | ocr-img-20260623-003 | 2021.4.29 송파구보 제1762호, I. 정비구역의 지정 및 정비계획 결정(변경), 1. 정비구역 지정 조서 및 2. 토지이용계획 | 면적(㎡) 변경후 33,953.7 / 토지이용계획 합계 33,953.7 | 정비구역 지정 조서 변경후 면적 33,953.7㎡ 및...",ready_with_public_item,confirmed,direct_notice_ratio_formula_confirmed,svc-20260624-0080,2026-06-24 KST,codex_closure_triage_seed,closure_context_exact,matched,1,manual_direct_notice_review_2025_239_ratio_context,"2025-239 직접 고시와 2024년 제14차 도시계획위원회 반영 결과 문맥이 기준용적률 208.9%, 상한용적률(정비계획 용적률) 228.48%, 법적상한용적률 299.99% 이하를 직접 제시한다. 기존 공개 입찰공고는 용적률 산정 근거가 아니므로 S1 용적률·비율 산정은 직접 고시 기준으로 confirmed 처리한다.","용적률·비율 산정 수치와 산정식은 사업 메모와 비교 장부의 보조 설명으로 유지하고, 비교표 대표값 230%와 고시 tier 값은 분리 기록한다",용적률·비율 산정 후보를 공개항목 상세와 대조하되 후속 공고가 P0인지 재평가,project-notes/17-songpa2.md
S1-0046,S1,46,P1,구의/광진,,22,중곡아파트 주택재건축정비사업조합,조합설립인가,evidence_review_group,건폐율:32(structured_value_needs_manual_confirmation); 최고높이:50(structured_value_needs_manual_confirmation); 층수:지상:15/지하:3(...,기반시설,infrastructure,,"1,888.3㎡; 632.1㎡; 1,256.2㎡; 21.7%; 10m; 8m; 8m)",P1 2024-06-03 중곡공공 공고 제2024-010호_정비기반시설 공사 협력업체 선정 입찰공고 / P2 2025-03-11 2025년 민간공사원가자문 서비스 안내,data/urban/text/files/22-11000NTC201411137333-22-11000NTC201411137333-notice_file-서울특별시2014-382.txt:454; data/urban/text/files/22-11000NTC201411137333-22-11000NTC201411137333-notice_file-서울특별시2014-382.txt:46; data/urban/text/files/22-11000NTC201411137333-22-1...,P1 2024-06-03 중곡공공 공고 제2024-010호_정비기반시설 공사 협력업체 선정 입찰공고 / P2 2025-03-11 2025년 민간공사원가자문 서비스 안내,"제공면적(순부담) ∙ 계획 정비기반시설면적 - 계획정비기반시설 내 국·공유지 = 1,888.3㎡ - 632.1㎡ = 1,256.2㎡ (종상향구역면적대비 21.7%) / 공동 ※ 경미한 사항의 변경 : 사업부지 북측 폭원10m 계획도로를 폭원8m 계획도로로 변경, 구역계 조정 Ⅱ. 정비구역 지정 및 정비계획 수립 / 기반시설 (도로) 폭원변경 (10m→8m),",ready_with_public_item,confirmed,public_item_downloaded_image_pdf_direct_notice_values_confirmed,svc-20260624-0081,2026-06-24 KST,codex_manual_junggok_notice_review,closure_context_exact,matched,1,manual_direct_notice_review_2014_382_infrastructure_context,"2014-382 직접 고시문에 계획 정비기반시설 1,888.3㎡, 기존 국공유지 632.1㎡, 순부담 1,256.2㎡와 도로 폭원 변경 문맥이 함께 나타난다.",project note와 ledger에는 직접 고시 기반시설 문맥 확정으로 반영 유지,기반시설 후보를 공개항목 상세와 대조하되 후속 공고가 P0인지 재평가,project-notes/22-junggokapt.md
S1-0047,S1,47,P1,구의/광진,,22,중곡아파트 주택재건축정비사업조합,조합설립인가,evidence_review_group,건폐율:32(structured_value_needs_manual_confirmation); 최고높이:50(structured_value_needs_manual_confirmation); 층수:지상:15/지하:3(...,공공기여·기부채납,public_contribution,,"632.1㎡; 227.1%; 1,256.2㎡; 8,374.0㎡; 0.15",P1 2024-06-03 중곡공공 공고 제2024-010호_정비기반시설 공사 협력업체 선정 입찰공고 / P2 2025-03-11 2025년 민간공사원가자문 서비스 안내,data/urban/text/files/22-11000NTC201411137333-22-11000NTC201411137333-notice_file-서울특별시2014-382.txt:452; data/urban/text/files/22-11000NTC201411137333-22-11000NTC201411137333-notice_file-서울특별시2014-382.txt:464; data/urban/text/files/22-11000NTC201411137333-22-...,P1 2024-06-03 중곡공공 공고 제2024-010호_정비기반시설 공사 협력업체 선정 입찰공고 / P2 2025-03-11 2025년 민간공사원가자문 서비스 안내,"632.1㎡ 공공시설부지 제공면적(순부담) / = 227.1% α = 공공시설부지로 제공하는 면적 /공공시설부지로 제공한 후의 대지면적 / α = 공공시설부지로 제공하는 면적 /공공시설부지로 제공한 후의 대지면적 = 1,256.2㎡ / 8,374.0㎡ = 0.15",ready_with_public_item,confirmed,direct_notice_public_contribution_values_confirmed,svc-20260624-0082,2026-06-24 KST,codex_manual_junggok_notice_review,closure_context_exact,matched,1,manual_direct_notice_review_2014_382_public_contribution_context,"2014-382 직접 고시문에 공공시설부지 제공면적 순부담 1,256.2㎡와 종상향구역면적 대비 21.7%, alpha 산식이 함께 제시된다.",project note와 ledger에는 직접 고시 공공기여 문맥 확정으로 반영 유지,공공기여·기부채납 후보를 공개항목 상세와 대조하되 후속 공고가 P0인지 재평가,project-notes/22-junggokapt.md
S1-0048,S1,48,P1,구의/광진,,22,중곡아파트 주택재건축정비사업조합,조합설립인가,evidence_review_group,건폐율:32(structured_value_needs_manual_confirmation); 최고높이:50(structured_value_needs_manual_confirmation); 층수:지상:15/지하:3(...,용적률·비율 산정,ratio_calculation,,"227.1%; 249.71%; 22.61%; 8,374.0㎡; 946.7㎡; 52.62㎡; 18세대; 20세대; 60㎡",P1 2024-06-03 중곡공공 공고 제2024-010호_정비기반시설 공사 협력업체 선정 입찰공고 / P2 2025-03-11 2025년 민간공사원가자문 서비스 안내,data/urban/text/files/22-11000NTC201411137333-22-11000NTC201411137333-notice_file-서울특별시2014-382.txt:431; data/urban/text/files/22-11000NTC201411137333-22-11000NTC201411137333-notice_file-서울특별시2014-382.txt:483; data/urban/text/files/22-11000NTC201411137333-22-...,P1 2024-06-03 중곡공공 공고 제2024-010호_정비기반시설 공사 협력업체 선정 입찰공고 / P2 2025-03-11 2025년 민간공사원가자문 서비스 안내,"■ 용적률 완화(도시 및 주거환경정비법 제30조의3) - 정비계획용적률(227.1% 이하) → 예정법적상한용적률(249.71% 이하) ⇒ 건축계획상의 용적률(249.71%) 적용 / - ∙ 연면적 = (증가용적률 × 대지면적)÷2 = (22.61% × 8,374.0㎡)÷2 = 946.7㎡ ∙ 세대수 ų Ā = 연면적 ÷ 공급면적 = 946.7㎡ ÷ 52.62㎡ = 18세대 이상 (계획안 : 20세대) / 건축계획(안) ∙ 건축계획 용적률 = 249.71% (증 22.61%) ※ 건축계획 시 늘어나는 용적률에 해당하는 연면적의 1/2은 주택규모 전용면적 60㎡이하 임대주택으로 건축",ready_with_public_item,confirmed,direct_notice_ratio_values_confirmed,svc-20260624-0083,2026-06-24 KST,codex_manual_junggok_notice_review,closure_context_exact,matched,1,manual_direct_notice_review_2014_382_ratio_context,"2014-382 직접 고시문에 계획용적률 190%, 개발가능용적률 227.1%, 건축계획 용적률 249.71%, 증가용적률 22.61%와 임대주택 세대수 산식이 직접 나온다.",project note와 ledger에는 직접 고시 용적률 산정 문맥 확정으로 반영 유지,용적률·비율 산정 후보를 공개항목 상세와 대조하되 후속 공고가 P0인지 재평가,project-notes/22-junggokapt.md
S2-0004,S2,41,P1,강남,강남구,15,압구정한양7차아파트 재건축정비사업조합,조합설립인가,recordcode_url_closure,"정비구역 면적:16,437.1(official_summary_value_match_original_notice_pending); 고시번호:2023-516(local_original_notice_text_url_pe...",2 fields,source_link_closure,2023-516,,local_original_notice_text_url_pending 1; official_summary_value_match_original_notice_pending 1,로컬 본고시 텍스트의 notice_no/date로 서울도시공간포털 recordCode 또는 다운로드 URL 검색,d; a; t; a; /; u; r; b; a; n; /; t; e; x; t; /; f; i; l; e; s; /; 1; 5; -; 1; 1; 0; 0; 0; N; T; C; 2; 0; 2; 3; 1; 2; 0; 1; 0; 0; 0; 4; -; 1; 5; -; 1; 1; 0; 0; 0; N; T; C; 2; 0; 2; 3; 1; 2; 0; 1; 0; 0; 0; 4; -; n; o; t; i; c; e; _; f; i; l; e; -; 서; 울; 특; 별; 시; _; 제; 2; 0; 2; 3; -; 5; 1; 6; 호; _; 고; 시; .; t; x; t; h; t...,P1 2026-03-24 정비계획 수립등 재건축 안내 계약(임시직) 직원 채용 공고 / P1 2016-11-04 설계자 선정 입찰 공고 / P1 2000-10-18 설계업체 모집 공고_2000.10.18,local_original_notice_text_url_pending,confirmed,official_parent_notice_url_connected,svc-20260624-0085,2026-06-24 KST,codex_manual_hanyang7_parent_notice_review,closure_context_exact,matched,1,manual_parent_notice_url_connection_2023_516,"부모 고시 2023-516의 공식 원문 URL과 열람 팝업을 연결했고, 로컬 PDF SHA-256도 일치한다. 정보몽땅 사업개요의 정비구역 면적 16,437.1㎡와 공식 사업장 URL hanyang7이 current business를 지지하므로 parent notice URL connected로 닫는다.","presentSn 11680UQ120PS202605200002는 보조 식별자로 유지하되, direct map recordCode가 확인되면 별도로 승격",URL/recordCode만 보강하면 partial을 Y 후보로 승격,project-notes/15-hanyang7.md
S2-0005,S2,42,P1,구의/광진,광진구,24,워커힐아파트1단지 재건축정비사업 조합설립추진위원회,추진위원회승인,recordcode_url_closure,"정비구역 면적:89,878(official_summary_value_match_original_notice_pending)",1 fields,source_link_closure,,,official_summary_value_match_original_notice_pending 1,정보몽땅 사업개요 URL은 보조근거로 두고 서울도시공간포털/서울시보/자치구 본고시 원문 검색,d; a; t; a; /; u; r; b; a; n; /; t; e; x; t; /; g; w; a; n; g; j; i; n; -; g; u; /; f; i; l; e; s; /; 2; 4; -; B; 0; 0; 0; 0; 3; 7; 8; -; 1; 6; 4; 1; 3; -; 1; -; 2; 4; -; B; 0; 0; 0; 0; 3; 7; 8; -; 1; 6; 4; 1; 3; -; g; w; a; n; g; j; i; n; -; g; u; -; 1; -; 붙; 임; 2; -; 주; 민; 의; 견; 제; 출; 서; .; t; x; t; ;; ; d; a; t; a;...,P1 2025-11-07 세무·회계 업체 선정 입찰공고 / P2 2025-11-07 정비사업전문관리업자 선정 입찰공고 / P2 2025-12-11 설계공모(현상설계) 응모(재)공고,official_summary_value_match_original_notice_pending,confirmed,pre_decision_notice_available_no_recordcode_yet,svc-20260624-0087,2026-06-24 KST,codex_manual_walkerhill_predecision_review,closure_context_exact,matched,1,manual_predecision_notice_review_no_recordcode_yet,"현재 단계는 추진위원회승인이고, 정보몽땅 공개항목의 추진위원회 승인서 2025-09-10과 광진구 공고 제2026-574호·제2026-792호 사전 도시관리계획 문맥을 확보했다. 아직 정비구역 본고시·recordCode 단계가 아니므로 pre-decision notice available no recordcode yet 상태로 닫는다.",정비구역 지정 또는 본고시가 발생하면 direct notice·recordCode 연결 작업을 다시 연다,값 일치는 유지하되 본고시 원문 미확보 상태를 pending으로 남김,project-notes/24-walkerhill1.md
S2-0006,S2,43,P1,구의/광진,광진구,29,자양1의4구역 가로주택정비사업,조합설립인가,recordcode_url_closure,,0 fields,source_link_closure,,,,확보된 로컬 텍스트의 고시번호·고시일을 추출해 recordCode 검색 키로 사용,d; a; t; a; /; u; r; b; a; n; /; t; e; x; t; /; g; w; a; n; g; j; i; n; -; g; u; /; f; i; l; e; s; /; 2; 9; -; B; 0; 0; 0; 0; 0; 0; 3; -; 6; 3; 5; 7; 9; 9; 0; -; 1; -; 2; 9; -; B; 0; 0; 0; 0; 0; 0; 3; -; 6; 3; 5; 7; 9; 9; 0; -; g; w; a; n; g; j; i; n; -; g; u; -; 1; -; 직; 인; 날; 인; -; 조; 합; 설; 립; -; 변; 경; -; 인; 가; -; 공...,P3 2025-03-11 2025년 민간공사원가자문 서비스 안내 / P3 2024-11-01 2030 서울특별시 도시주거환경정비기본계획 “찾아가는 주민설명회” 자치구별 일정/장소 안내 / P3 2026-02-27 [26/2/27 마감] 세계유산법 시행령 일부 개정령안 관련 의견제출 안내,local_text_available_no_closure_rows,confirmed,confirm,svc-20260624-0090,2026-06-24 KST,codex_closure_triage_seed,closure_context_exact,matched,1,derived_from_existing_s1_s5_workbooks_and_review_logs,기존 수동 OCR 판정 또는 관리처분 공개항목 해소표에서 현재값을 확인한 항목으로 1차 confirmed 처리,confirmed 항목은 핵심 수치 장부/사업별 메모에 반영 여부를 점검,로컬 원문 텍스트는 있으나 필드별 클로저가 없으므로 고시번호/일자 중심으로 후보행 생성,project-notes/29-jayang104.md
SX-0001,S2,51,P1,강동권,강동구,,천호3구역,확장 관심권 원문 메타데이터,expansion_notice_metadata,notice_date,고시일,expansion_notice_metadata,2025-11-19,2025-11-19,expansion_shortlist_notice_detail,data/urban/text/files/exp-short-gd-cheonho3-11740NTC202511180006-exp-short-gd-cheonho3-11740NTC202511180006-notice_file-강동구_제2025-194호_고시.txt,data/urban/text/files/exp-short-gd-cheonho3-11740NTC202511180006-exp-short-gd-cheonho3-11740NTC202511180006-notice_file-강동구_제2025-194호_고시.txt; https://urban.seoul.go.kr/UpisArchive/DATA/PM/pdf/11740NTC202511180006/%EA%B0%95%EB%8F%99%EA%B5%AC_%EC%A0%9C2025-194%ED%98%B8_%EA%B3%A0%EC%8B%9C.pdf; https://urban.seoul.go.kr/...,천호 재정비촉진지구 재정비촉진계획(천호3재정비촉진구역) (경미한)변경결정 및 지형도면 고시,confirm_structured_value,confirmed,confirm_from_notice_text,svc-20260624-0276,2026-06-24 KST,codex_manual_expansion_notice_metadata_review,closure_context_exact,matched,1,expansion_direct_notice_metadata_confirmed_from_notice_text_and_archive_url,천호3구역 원문 텍스트와 서울도시공간포털 아카이브 PDF 경로가 2025-11-19 고시일을 같이 지지해 확장권 baseline metadata를 confirmed 처리한다.,확정 고시일을 expansion intake와 강동권 단계 보드에서 유지,확정 메타데이터를 expansion intake와 강동권 단계 보드에 유지,analysis/expansion-gangdong-stage-watch-board.md
SX-0002,S2,52,P1,강동권,강동구,,천호3구역,확장 관심권 원문 메타데이터,expansion_notice_metadata,notice_no,고시번호,expansion_notice_metadata,2025-194,2025-194,expansion_shortlist_notice_detail,data/urban/text/files/exp-short-gd-cheonho3-11740NTC202511180006-exp-short-gd-cheonho3-11740NTC202511180006-notice_file-강동구_제2025-194호_고시.txt,data/urban/text/files/exp-short-gd-cheonho3-11740NTC202511180006-exp-short-gd-cheonho3-11740NTC202511180006-notice_file-강동구_제2025-194호_고시.txt; https://urban.seoul.go.kr/UpisArchive/DATA/PM/pdf/11740NTC202511180006/%EA%B0%95%EB%8F%99%EA%B5%AC_%EC%A0%9C2025-194%ED%98%B8_%EA%B3%A0%EC%8B%9C.pdf; https://urban.seoul.go.kr/...,천호 재정비촉진지구 재정비촉진계획(천호3재정비촉진구역) (경미한)변경결정 및 지형도면 고시,confirm_structured_value,confirmed,direct_notice_title_confirmed,svc-20260624-0277,2026-06-24 KST,codex_manual_expansion_notice_metadata_review,closure_context_exact,matched,1,expansion_direct_notice_title_confirmed_from_notice_text_and_archive_url,천호3구역 고시 원문 제목부와 아카이브 PDF 경로가 강동구 제2025-194호를 직접 지지해 확장권 baseline metadata를 confirmed 처리한다.,확정 고시번호를 expansion intake와 강동권 단계 보드에서 유지,확정 메타데이터를 expansion intake와 강동권 단계 보드에 유지,analysis/expansion-gangdong-stage-watch-board.md
SX-0003,S2,53,P1,강동권,강동구,,성내미주아파트 주택재건축정비사업,확장 관심권 원문 메타데이터,expansion_notice_metadata,notice_date,고시일,expansion_notice_metadata,2016-08-24,2016-08-24,expansion_shortlist_notice_detail,data/urban/text/files/exp-short-gd-seongnaemiju-11000NTC201608247852-exp-short-gd-seongnaemiju-11000NTC201608247852-notice_file-강동구2016-123.txt,data/urban/text/files/exp-short-gd-seongnaemiju-11000NTC201608247852-exp-short-gd-seongnaemiju-11000NTC201608247852-notice_file-강동구2016-123.txt; https://urban.seoul.go.kr/UpisArchive/DATA/PM/pdf/%EA%B0%95%EB%8F%99%EA%B5%AC2016-123.PDF; https://urban.seoul.go.kr/view/ntfc/mapForm.pop?noticeCode=11000NTC201608247852,성내미주아파트 주택재건축 정비구역 변경지정(경미한 변경)고시,confirm_structured_value,confirmed,confirm_from_notice_text,svc-20260624-0278,2026-06-24 KST,codex_manual_expansion_notice_metadata_review,closure_context_exact,matched,1,expansion_direct_notice_metadata_confirmed_from_notice_text_and_archive_url,성내미주아파트 원문 텍스트와 서울도시공간포털 아카이브 PDF 경로가 2016-08-24 고시일을 같이 지지해 확장권 baseline metadata를 confirmed 처리한다.,확정 고시일을 expansion intake와 강동권 단계 보드에서 유지,확정 메타데이터를 expansion intake와 강동권 단계 보드에 유지,analysis/expansion-gangdong-stage-watch-board.md
SX-0004,S2,54,P1,강동권,강동구,,성내미주아파트 주택재건축정비사업,확장 관심권 원문 메타데이터,expansion_notice_metadata,notice_no,고시번호,expansion_notice_metadata,2016-123,2016-123,expansion_shortlist_notice_detail,data/urban/text/files/exp-short-gd-seongnaemiju-11000NTC201608247852-exp-short-gd-seongnaemiju-11000NTC201608247852-notice_file-강동구2016-123.txt,data/urban/text/files/exp-short-gd-seongnaemiju-11000NTC201608247852-exp-short-gd-seongnaemiju-11000NTC201608247852-notice_file-강동구2016-123.txt; https://urban.seoul.go.kr/UpisArchive/DATA/PM/pdf/%EA%B0%95%EB%8F%99%EA%B5%AC2016-123.PDF; https://urban.seoul.go.kr/view/ntfc/mapForm.pop?noticeCode=11000NTC201608247852,성내미주아파트 주택재건축 정비구역 변경지정(경미한 변경)고시,confirm_structured_value,confirmed,direct_notice_title_confirmed,svc-20260624-0279,2026-06-24 KST,codex_manual_expansion_notice_metadata_review,closure_context_exact,matched,1,expansion_direct_notice_title_confirmed_from_notice_text_and_archive_url,성내미주아파트 고시 원문 제목부와 아카이브 PDF 경로가 강동구 제2016-123호를 직접 지지해 확장권 baseline metadata를 confirmed 처리한다.,확정 고시번호를 expansion intake와 강동권 단계 보드에서 유지,확정 메타데이터를 expansion intake와 강동권 단계 보드에 유지,analysis/expansion-gangdong-stage-watch-board.md
SX-0005,S2,55,P1,강동권,강동구,,신동아1·2차아파트 주택재건축 정비사업,확장 관심권 원문 메타데이터,expansion_notice_metadata,notice_date,고시일,expansion_notice_metadata,2025-04-02,2025-04-02,expansion_shortlist_notice_detail,data/urban/text/files/exp-short-gd-sindonga12-11740NTC202504220008-exp-short-gd-sindonga12-11740NTC202504220008-notice_file-강동구_제2025-48호_고시.txt,data/urban/text/files/exp-short-gd-sindonga12-11740NTC202504220008-exp-short-gd-sindonga12-11740NTC202504220008-notice_file-강동구_제2025-48호_고시.txt; https://urban.seoul.go.kr/UpisArchive/DATA/PM/pdf/11740NTC202504220008/%EA%B0%95%EB%8F%99%EA%B5%AC_%EC%A0%9C2025-48%ED%98%B8_%EA%B3%A0%EC%8B%9C.pdf; https://urban.seoul.go.k...,길동 신동아1·2차아파트 주택재건축 정비구역(계획) 경미한 변경 지정 고시,confirm_structured_value,confirmed,confirm_from_notice_text,svc-20260624-0280,2026-06-24 KST,codex_manual_expansion_notice_metadata_review,closure_context_exact,matched,1,expansion_direct_notice_metadata_confirmed_from_notice_text_and_archive_url,신동아1·2차 원문 텍스트와 서울도시공간포털 아카이브 PDF 경로가 2025-04-02 고시일을 같이 지지해 확장권 baseline metadata를 confirmed 처리한다.,확정 고시일을 expansion intake와 강동권 단계 보드에서 유지,확정 메타데이터를 expansion intake와 강동권 단계 보드에 유지,analysis/expansion-gangdong-stage-watch-board.md
SX-0006,S2,56,P1,강동권,강동구,,신동아1·2차아파트 주택재건축 정비사업,확장 관심권 원문 메타데이터,expansion_notice_metadata,notice_no,고시번호,expansion_notice_metadata,2025-48,2025-48,expansion_shortlist_notice_detail,data/urban/text/files/exp-short-gd-sindonga12-11740NTC202504220008-exp-short-gd-sindonga12-11740NTC202504220008-notice_file-강동구_제2025-48호_고시.txt,data/urban/text/files/exp-short-gd-sindonga12-11740NTC202504220008-exp-short-gd-sindonga12-11740NTC202504220008-notice_file-강동구_제2025-48호_고시.txt; https://urban.seoul.go.kr/UpisArchive/DATA/PM/pdf/11740NTC202504220008/%EA%B0%95%EB%8F%99%EA%B5%AC_%EC%A0%9C2025-48%ED%98%B8_%EA%B3%A0%EC%8B%9C.pdf; https://urban.seoul.go.k...,길동 신동아1·2차아파트 주택재건축 정비구역(계획) 경미한 변경 지정 고시,confirm_structured_value,confirmed,direct_notice_title_confirmed,svc-20260624-0281,2026-06-24 KST,codex_manual_expansion_notice_metadata_review,closure_context_exact,matched,1,expansion_direct_notice_title_confirmed_from_notice_text_and_archive_url,신동아1·2차 고시 원문 제목부와 아카이브 PDF 경로가 강동구 제2025-48호를 직접 지지해 확장권 baseline metadata를 confirmed 처리한다.,확정 고시번호를 expansion intake와 강동권 단계 보드에서 유지,확정 메타데이터를 expansion intake와 강동권 단계 보드에 유지,analysis/expansion-gangdong-stage-watch-board.md
SX-0007,S2,57,P1,약수동 주변,중구,,신당 제8구역 주택재개발정비사업,확장 관심권 원문 메타데이터,expansion_notice_metadata,notice_date,고시일,expansion_notice_metadata,2023-01-18,2023-01-18,expansion_shortlist_notice_detail,data/urban/text/files/exp-short-ys-sindang8-11140NTC202302130001-exp-short-ys-sindang8-11140NTC202302130001-notice_file-중구_2023-6호_고시.txt,data/urban/text/files/exp-short-ys-sindang8-11140NTC202302130001-exp-short-ys-sindang8-11140NTC202302130001-notice_file-중구_2023-6호_고시.txt; https://urban.seoul.go.kr/UpisArchive/DATA/PM/pdf/11140NTC202302130001/%EC%A4%91%EA%B5%AC_2023-6%ED%98%B8_%EA%B3%A0%EC%8B%9C.pdf; https://urban.seoul.go.kr/view/ntfc/mapForm.pop?no...,신당제8주택재개발정비구역 재개발사업 정비구역 변경(경미한 사항)결정 및 지형도면 고시,confirm_structured_value,confirmed,confirm_from_notice_text,svc-20260624-0282,2026-06-24 KST,codex_manual_expansion_notice_metadata_review,closure_context_exact,matched,1,expansion_adjacent_notice_metadata_confirmed_from_notice_text_and_archive_url,신당 제8구역 원문 텍스트와 서울도시공간포털 아카이브 PDF 경로가 2023-01-18 고시일을 같이 지지해 adjacent baseline metadata를 confirmed 처리한다.,확정 고시일을 expansion intake와 약수권 보드에서 유지,확정 메타데이터를 expansion intake와 약수권 보드에 유지,analysis/expansion-yaksu-ocr-recheck-board.md
SX-0008,S2,58,P1,약수동 주변,중구,,신당 제8구역 주택재개발정비사업,확장 관심권 원문 메타데이터,expansion_notice_metadata,notice_no,고시번호,expansion_notice_metadata,2023-6,2023-6,expansion_shortlist_notice_detail,data/urban/text/files/exp-short-ys-sindang8-11140NTC202302130001-exp-short-ys-sindang8-11140NTC202302130001-notice_file-중구_2023-6호_고시.txt,data/urban/text/files/exp-short-ys-sindang8-11140NTC202302130001-exp-short-ys-sindang8-11140NTC202302130001-notice_file-중구_2023-6호_고시.txt; https://urban.seoul.go.kr/UpisArchive/DATA/PM/pdf/11140NTC202302130001/%EC%A4%91%EA%B5%AC_2023-6%ED%98%B8_%EA%B3%A0%EC%8B%9C.pdf; https://urban.seoul.go.kr/view/ntfc/mapForm.pop?no...,신당제8주택재개발정비구역 재개발사업 정비구역 변경(경미한 사항)결정 및 지형도면 고시,confirm_structured_value,confirmed,direct_notice_title_confirmed,svc-20260624-0283,2026-06-24 KST,codex_manual_expansion_notice_metadata_review,closure_context_exact,matched,1,expansion_adjacent_notice_title_confirmed_from_notice_text_and_archive_url,신당 제8구역 고시 원문 제목부와 아카이브 PDF 경로가 중구 제2023-6호를 직접 지지해 adjacent baseline metadata를 confirmed 처리한다.,확정 고시번호를 expansion intake와 약수권 보드에서 유지,확정 메타데이터를 expansion intake와 약수권 보드에 유지,analysis/expansion-yaksu-ocr-recheck-board.md
SX-0009,S2,59,P1,약수동 주변,중구,,신당 제9주택재개발정비구역,확장 관심권 원문 메타데이터,expansion_notice_metadata,notice_date,고시일,expansion_notice_metadata,2021-09-01,2021-09-01,expansion_shortlist_notice_detail,data/urban/text/files/exp-short-ys-sindang9-11140NTC202109170002-exp-short-ys-sindang9-11140NTC202109170002-notice_file-중구_2021-102호_고시.txt,data/urban/text/files/exp-short-ys-sindang9-11140NTC202109170002-exp-short-ys-sindang9-11140NTC202109170002-notice_file-중구_2021-102호_고시.txt; https://urban.seoul.go.kr/view/ntfc/mapForm.pop?noticeCode=11140NTC202109170002,신당제9주택재개발정비구역 재개발사업 정비계획 결정(변경)(경미한 사항) 및 지형도면 고시,confirm_structured_value,confirmed,confirm_from_notice_text,svc-20260624-0284,2026-06-24 KST,codex_manual_expansion_notice_metadata_review,closure_context_exact,matched,1,expansion_adjacent_notice_metadata_confirmed_from_notice_text_and_mapform,신당 제9구역 원문 텍스트와 mapForm noticeCode가 2021-09-01 고시일을 같이 지지해 adjacent baseline metadata를 confirmed 처리한다.,확정 고시일을 expansion intake와 약수권 보드에서 유지,확정 메타데이터를 expansion intake와 약수권 보드에 유지,analysis/expansion-yaksu-ocr-recheck-board.md
SX-0010,S2,60,P1,약수동 주변,중구,,신당 제9주택재개발정비구역,확장 관심권 원문 메타데이터,expansion_notice_metadata,notice_no,고시번호,expansion_notice_metadata,2021-102,2021-102,expansion_shortlist_notice_detail,data/urban/text/files/exp-short-ys-sindang9-11140NTC202109170002-exp-short-ys-sindang9-11140NTC202109170002-notice_file-중구_2021-102호_고시.txt,data/urban/text/files/exp-short-ys-sindang9-11140NTC202109170002-exp-short-ys-sindang9-11140NTC202109170002-notice_file-중구_2021-102호_고시.txt; https://urban.seoul.go.kr/view/ntfc/mapForm.pop?noticeCode=11140NTC202109170002,신당제9주택재개발정비구역 재개발사업 정비계획 결정(변경)(경미한 사항) 및 지형도면 고시,confirm_structured_value,confirmed,direct_notice_title_confirmed,svc-20260624-0285,2026-06-24 KST,codex_manual_expansion_notice_metadata_review,closure_context_exact,matched,1,expansion_adjacent_notice_title_confirmed_from_notice_text_and_mapform,신당 제9구역 고시 원문 제목부와 mapForm noticeCode가 중구 제2021-102호를 같이 지지해 adjacent baseline metadata를 confirmed 처리한다.,확정 고시번호를 expansion intake와 약수권 보드에서 유지,확정 메타데이터를 expansion intake와 약수권 보드에 유지,analysis/expansion-yaksu-ocr-recheck-board.md
SX-0011,S2,61,P1,약수동 주변,성동구,,금호 제14-1 주택재개발 정비사업,확장 관심권 원문 메타데이터,expansion_notice_metadata,notice_date,고시일,expansion_notice_metadata,2023-02-09,2023-02-09,expansion_shortlist_notice_detail,data/urban/text/files/exp-short-ys-geumho14-1-11200NTC202302270005-exp-short-ys-geumho14-1-11200NTC202302270005-notice_file-성동구_2023-13호_고시.txt,data/urban/text/files/exp-short-ys-geumho14-1-11200NTC202302270005-exp-short-ys-geumho14-1-11200NTC202302270005-notice_file-성동구_2023-13호_고시.txt; https://urban.seoul.go.kr/UpisArchive/DATA/PM/pdf/11200NTC202302270005/%EC%84%B1%EB%8F%99%EA%B5%AC_2023-13%ED%98%B8_%EA%B3%A0%EC%8B%9C.pdf; https://urban.seoul.go.kr/view/ntf...,금호제14-1구역 주택재개발 정비구역지정(경미한 변경) 결정 및 지형도면 고시,confirm_structured_value,confirmed,confirm_from_notice_text,svc-20260624-0286,2026-06-24 KST,codex_manual_expansion_notice_metadata_review,closure_context_exact,matched,1,expansion_adjacent_notice_metadata_confirmed_from_notice_text_and_archive_url,금호 제14-1 원문 텍스트와 서울도시공간포털 아카이브 PDF 경로가 2023-02-09 고시일을 같이 지지해 adjacent baseline metadata를 confirmed 처리한다.,확정 고시일을 expansion intake와 약수권 보드에서 유지,확정 메타데이터를 expansion intake와 약수권 보드에 유지,analysis/expansion-yaksu-ocr-recheck-board.md
SX-0012,S2,62,P1,약수동 주변,성동구,,금호 제14-1 주택재개발 정비사업,확장 관심권 원문 메타데이터,expansion_notice_metadata,notice_no,고시번호,expansion_notice_metadata,2023-13,2023-13,expansion_shortlist_notice_detail,data/urban/text/files/exp-short-ys-geumho14-1-11200NTC202302270005-exp-short-ys-geumho14-1-11200NTC202302270005-notice_file-성동구_2023-13호_고시.txt,data/urban/text/files/exp-short-ys-geumho14-1-11200NTC202302270005-exp-short-ys-geumho14-1-11200NTC202302270005-notice_file-성동구_2023-13호_고시.txt; https://urban.seoul.go.kr/UpisArchive/DATA/PM/pdf/11200NTC202302270005/%EC%84%B1%EB%8F%99%EA%B5%AC_2023-13%ED%98%B8_%EA%B3%A0%EC%8B%9C.pdf; https://urban.seoul.go.kr/view/ntf...,금호제14-1구역 주택재개발 정비구역지정(경미한 변경) 결정 및 지형도면 고시,confirm_structured_value,confirmed,direct_notice_title_confirmed,svc-20260624-0287,2026-06-24 KST,codex_manual_expansion_notice_metadata_review,closure_context_exact,matched,1,expansion_adjacent_notice_title_confirmed_from_notice_text_and_archive_url,금호 제14-1 고시 원문 제목부와 아카이브 PDF 경로가 성동구 제2023-13호를 직접 지지해 adjacent baseline metadata를 confirmed 처리한다.,확정 고시번호를 expansion intake와 약수권 보드에서 유지,확정 메타데이터를 expansion intake와 약수권 보드에 유지,analysis/expansion-yaksu-ocr-recheck-board.md
S3-0013,S3,33,P1,강남,강남구,7,대치쌍용2차아파트 주택재건축정비사업조합,사업시행인가,ocr_image_field,floor_area_ratio_pct,용적률,ocr_image_value,299,정비계획용적률 250.0% 이하 / 예정 법적상한용적률 299.82% 이하,source_value_precision_mismatch,analysis/ocr-image-review-decisions.md; data/urban/text/files/07-11000NTC201707138200-07-11000NTC201707138200-notice_file-강남구2017-99.txt,data/urban/text/ocr/images/07-11000NTC201707138200-07-11000NTC201707138200-notice_file-강남구2017-99/page-4.png,용적률: 정비계획 250.0% 이하 / 예정 법적상한 299.82% 이하,floor_area_ratio_pct_official은 법적상한 299.82% 이하로 정밀도 보정하거나 기준용적률 250.0%와 병기,confirmed,official_summary_and_notice_precision_basis_split,svc-20260624-0092,2026-06-24 KST,codex_manual_ssang2_notice_review,closure_context_exact,matched,1,manual_notice_text_review_2017_99_with_precision_split,"용적률은 비교표 대표값 299와 2017-99 원문의 정비계획용적률 250.0% 이하, 예정 법적상한용적률 299.82% 이하가 서로 다른 수준의 값이다. 대표값과 본고시 정밀값을 분리 기록하는 기준으로 confirmed 처리한다.","비교표 대표값은 299를 유지하고, 2017-99 원문의 250.0% 및 299.82%는 사업 메모와 해소표에 계획값으로 병기",floor_area_ratio_pct_official은 법적상한 299.82% 이하로 정밀도 보정하거나 기준용적률 250.0%와 병기,project-notes/07-ssang2.md
S3-0014,S3,33,P1,강남,강남구,7,대치쌍용2차아파트 주택재건축정비사업조합,사업시행인가,ocr_image_field,building_coverage_ratio_pct,건폐율,ocr_image_value,21,건폐율 30% 이하,source_value_basis_mismatch_needs_secondary_source,analysis/ocr-image-review-decisions.md; data/urban/text/files/07-11000NTC201707138200-07-11000NTC201707138200-notice_file-강남구2017-99.txt,data/urban/text/ocr/images/07-11000NTC201707138200-07-11000NTC201707138200-notice_file-강남구2017-99/page-4.png,건폐율 30% 이하,"building_coverage_ratio_pct 21은 실제 건축계획 또는 사업시행계획 원문에서 2차 확인하고, 정비계획 허용 건폐율 30% 이하와 병기",confirmed,official_summary_and_notice_coverage_basis_split,svc-20260624-0093,2026-06-24 KST,codex_manual_ssang2_notice_review,closure_context_exact,matched,1,manual_notice_text_review_2017_99_with_summary_notice_split,건폐율은 비교표 대표값 21%와 2017-99 원문의 계획 상한 30% 이하가 서로 다른 정의다. 대표값과 본고시 상한을 분리 기록하는 기준으로 confirmed 처리한다.,"비교표 대표값은 21%를 유지하고, 2017-99 원문의 건폐율 30% 이하는 사업 메모와 해소표에 계획 상한으로 병기","building_coverage_ratio_pct 21은 실제 건축계획 또는 사업시행계획 원문에서 2차 확인하고, 정비계획 허용 건폐율 30% 이하와 병기",project-notes/07-ssang2.md
S3-0015,S3,33,P1,강남,강남구,7,대치쌍용2차아파트 주택재건축정비사업조합,사업시행인가,ocr_image_field,floors,층수,ocr_image_value,지상:35/지하:3,최고35층 / 110m 이하,partial_confirmation_needs_secondary_source,analysis/ocr-image-review-decisions.md; data/urban/text/files/07-11000NTC201707138200-07-11000NTC201707138200-notice_file-강남구2017-99.txt,data/urban/text/ocr/images/07-11000NTC201707138200-07-11000NTC201707138200-notice_file-강남구2017-99/page-4.png,높이(층/m): 최고35층 / 110m 이하,floors_official은 지상 최고35층 확인으로 표시하고 지하3층은 사업시행계획서 또는 다른 원문에서 2차 확인,confirmed,official_summary_and_notice_partial_basis_split,svc-20260624-0094,2026-06-24 KST,codex_manual_ssang2_notice_review,closure_context_exact,matched,1,manual_notice_text_review_2017_99_with_partial_floor_split,"층수는 비교표 대표값 `지상:35/지하:3`와 2017-99 원문의 직접 확인값 `최고35층`이 서로 다른 수준의 정보다. 지하 3층은 본고시 페이지에서 직접 확인되지 않아 대표값으로 두고, 본고시 원문의 최고35층은 계획값으로 병기하는 기준으로 confirmed 처리한다.","비교표 대표값은 `지상:35/지하:3`을 유지하고, 2017-99 원문의 `최고35층`은 사업 메모와 해소표에 계획값으로 병기",floors_official은 지상 최고35층 확인으로 표시하고 지하3층은 사업시행계획서 또는 다른 원문에서 2차 확인,project-notes/07-ssang2.md
S3-0016,S3,33,P1,강남,강남구,7,대치쌍용2차아파트 주택재건축정비사업조합,사업시행인가,ocr_image_field,max_height_m,최고높이,ocr_image_value,111,최고35층 / 110m 이하,source_value_basis_mismatch_needs_secondary_source,analysis/ocr-image-review-decisions.md; data/urban/text/files/07-11000NTC201707138200-07-11000NTC201707138200-notice_file-강남구2017-99.txt,data/urban/text/ocr/images/07-11000NTC201707138200-07-11000NTC201707138200-notice_file-강남구2017-99/page-4.png,높이: 최고35층 / 110m 이하,"max_height_m 111은 별도 건축심의/사업시행계획 원문에서 2차 확인하고, 2017 정비계획 원문값 110m 이하와 병기",confirmed,official_summary_and_notice_height_basis_split,svc-20260624-0095,2026-06-24 KST,codex_manual_ssang2_notice_review,closure_context_exact,matched,1,manual_notice_text_review_2017_99_with_height_basis_split,최고높이는 비교표 대표값 111m와 2017-99 원문의 110m 이하가 서로 다른 시점·정의의 값으로 보인다. 대표값과 본고시 높이 계획값을 분리 기록하는 기준으로 confirmed 처리한다.,"비교표 대표값은 111m를 유지하고, 2017-99 원문의 110m 이하는 사업 메모와 해소표에 계획값으로 병기","max_height_m 111은 별도 건축심의/사업시행계획 원문에서 2차 확인하고, 2017 정비계획 원문값 110m 이하와 병기",project-notes/07-ssang2.md
S3-0017,S3,33,P1,강남,강남구,7,대치쌍용2차아파트 주택재건축정비사업조합,사업시행인가,ocr_image_field,total_households,총 세대수,ocr_image_value,490,주택공급계획 변경 합계 560세대,source_value_basis_mismatch_needs_secondary_source,analysis/ocr-image-review-decisions.md; data/urban/text/files/07-11000NTC201707138200-07-11000NTC201707138200-notice_file-강남구2017-99.txt,data/urban/text/ocr/images/07-11000NTC201707138200-07-11000NTC201707138200-notice_file-강남구2017-99/page-4.png,주택공급계획 변경 합계 560세대,"total_households 490은 이후 사업시행계획/분양승인 등 다른 원문에서 2차 확인하고, 2017 정비계획 원문값 560세대와 병기",confirmed,official_summary_and_notice_household_basis_split,svc-20260624-0096,2026-06-24 KST,codex_manual_ssang2_notice_review,closure_context_exact,matched,1,manual_notice_text_review_2017_99_with_household_basis_split,총 세대수는 비교표 대표값 490과 2017-99 원문의 주택공급계획 합계 560세대가 서로 다른 시점·정의의 값으로 보인다. 대표값과 본고시 주택공급계획 값을 분리 기록하는 기준으로 confirmed 처리한다.,"비교표 대표값은 490을 유지하고, 2017-99 원문의 주택공급계획 560세대는 사업 메모와 해소표에 계획값으로 병기","total_households 490은 이후 사업시행계획/분양승인 등 다른 원문에서 2차 확인하고, 2017 정비계획 원문값 560세대와 병기",project-notes/07-ssang2.md
S3-0018,S3,33,P1,강남,강남구,7,대치쌍용2차아파트 주택재건축정비사업조합,사업시행인가,ocr_image_field,district_area_sqm,정비구역 면적,ocr_image_value,"24,484.4","정비구역 면적 변경후 24,484.4㎡",source_value_confirmed_from_image,analysis/ocr-image-review-decisions.md; data/urban/text/files/07-11000NTC201707138200-07-11000NTC201707138200-notice_file-강남구2017-99.txt,data/urban/text/ocr/images/07-11000NTC201707138200-07-11000NTC201707138200-notice_file-강남구2017-99/page-4.png,"면적 변경후 24,484.4㎡","district_area_sqm_official 24,484.4㎡ 확정",confirmed,confirm,svc-20260624-0097,2026-06-24 KST,codex_closure_triage_seed,closure_context_exact,matched,1,derived_from_existing_s1_s5_workbooks_and_review_logs,기존 수동 OCR 판정 또는 관리처분 공개항목 해소표에서 현재값을 확인한 항목으로 1차 confirmed 처리,confirmed 항목은 핵심 수치 장부/사업별 메모에 반영 여부를 점검,"district_area_sqm_official 24,484.4㎡ 확정",project-notes/07-ssang2.md
S3-0019,S3,35,P1,잠실/송파,송파구,17,송파한양2차아파트 재건축정비사업 조합,조합설립인가,ocr_image_field,building_coverage_ratio_pct,건폐율,ocr_image_value,30,제3종일반주거지역 50% 이하,source_value_basis_mismatch_needs_secondary_source,analysis/ocr-image-review-decisions.md; data/urban/text/files/17-11000NTC202506170006-17-11000NTC202506170006-business-notice_file-서울특별시_제2025-239호_고시.txt,data/urban/text/ocr/images/17-11000NTC202404180001-17-11000NTC202404180001-notice_file-서울특별시_제2024-178호_고시/page-04.png,제3종일반주거지역: 50% 이하,building_coverage_ratio_pct 30%는 사업시행계획 또는 별도 정비계획 원문에서 2차 확인,confirmed,official_summary_and_notice_basis_split,svc-20260624-0098,2026-06-24 KST,codex_manual_songpa_hanyang2_notice_review,closure_context_exact,matched,1,manual_notice_text_review_2025_239_and_2024_178_with_summary_notice_split,"건폐율은 비교표·사업개요 대표값 30%와 2024-178 원문의 제3종일반주거지역 건폐율 50% 이하가 서로 다른 정의다. 현재값 30%는 대표값으로 유지하고, 고시 원문의 50% 이하는 계획 상한으로 병기하는 기준으로 confirmed 처리한다.","비교표 대표값은 30%를 유지하고, 2024-178 원문의 50% 이하는 사업 메모와 해소표에 계획 상한으로 병기",building_coverage_ratio_pct 30%는 사업시행계획 또는 별도 정비계획 원문에서 2차 확인,project-notes/17-songpa2.md
S3-0020,S3,35,P1,잠실/송파,송파구,17,송파한양2차아파트 재건축정비사업 조합,조합설립인가,ocr_image_field,floors,층수,ocr_image_value,지상:29/지하:미확인,96m 이하 / 29층 이하,partial_confirmation_needs_secondary_source,analysis/ocr-image-review-decisions.md; data/urban/text/files/17-11000NTC202506170006-17-11000NTC202506170006-business-notice_file-서울특별시_제2025-239호_고시.txt,data/urban/text/ocr/images/17-11000NTC202506170006-17-11000NTC202506170006-business-notice_file-서울특별시_제2025-239호_고시/page-07.png,B1 높이(m)/최고층수: 96m 이하 / 29층 이하,floors_official은 지상 최고29층 확인으로 표시하고 지하층은 사업시행계획서 또는 후속 인가 원문에서 2차 확인,confirmed,direct_notice_partial_floor_confirmation,svc-20260624-0101,2026-06-24 KST,codex_manual_songpa_hanyang2_notice_review,closure_context_exact,matched,1,manual_direct_notice_review_2025_239_page_07_with_partial_floor_split,"2025-239 직접 고시의 건축계획 표가 B1 공동주택 획지의 최고 29층 이하를 직접 보여준다. 지하층수는 같은 원문에서 확인되지 않으므로 대표값은 `지상:29/지하:미확인`으로 두고, 지상층 confirmed와 지하층 미확인을 함께 유지하는 기준으로 confirmed 처리한다.","비교표 대표값은 `지상:29/지하:미확인`을 유지하고, 지하층은 사업시행계획 또는 후속 인가 원문 확보 시 재평가",floors_official은 지상 최고29층 확인으로 표시하고 지하층은 사업시행계획서 또는 후속 인가 원문에서 2차 확인,project-notes/17-songpa2.md
S3-0021,S3,35,P1,잠실/송파,송파구,17,송파한양2차아파트 재건축정비사업 조합,조합설립인가,ocr_image_field,total_households,총 세대수,ocr_image_value,"1,346","총 1,346세대(공공주택 254세대 포함)",source_value_fills_missing_matrix_value,analysis/ocr-image-review-decisions.md; data/urban/text/files/17-11000NTC202506170006-17-11000NTC202506170006-business-notice_file-서울특별시_제2025-239호_고시.txt,data/urban/text/ocr/images/17-11000NTC202506170006-17-11000NTC202506170006-business-notice_file-서울특별시_제2025-239호_고시/page-07.png,"총 건립 세대수 1,346세대 / 공공주택 254세대 포함","total_households_official 공란을 직접 고시 1,346세대로 보강하고, 공공주택 254세대 포함 문구를 display_values에 병기",confirmed,direct_notice_value_confirmed,svc-20260624-0276,2026-06-24 KST,codex_manual_songpa_hanyang2_ocr_review,closure_context_exact,matched,1,manual_ocr_image_review_2025_239_and_ocr_img_20260624_038,"2025-239 직접 고시의 건립규모 및 비율 표와 인구 및 주택의 수용계획 표가 총 1,346세대와 공공주택 254세대 포함 문구를 일관되게 보여줘 대표 총 세대수는 1,346으로 confirmed 처리한다.","confirmed 값을 비교표와 사업별 메모의 총 세대수로 유지하고, 공공주택 254세대 포함 문구를 메모에 함께 둔다.","total_households_official 공란을 직접 고시 1,346세대로 보강하고, 공공주택 254세대 포함 문구를 display_values에 병기",project-notes/17-songpa2.md
S3-0022,S3,35,P1,잠실/송파,송파구,17,송파한양2차아파트 재건축정비사업 조합,조합설립인가,ocr_image_field,max_height_m,최고높이,ocr_image_value,96,가락아파트지구 용도지구 및 개발기본계획 변경 고시 이미지,source_image_not_suitable_for_current_value,analysis/ocr-image-review-decisions.md; data/urban/text/files/17-11000NTC202506170006-17-11000NTC202506170006-business-notice_file-서울특별시_제2025-239호_고시.txt,data/urban/text/ocr/images/17-11000NTC202506170006-17-11000NTC202506170006-business-notice_file-서울특별시_제2025-239호_고시/page-07.png; data/urban/text/ocr/images/17-11000NTC202404180001-17-11000NTC202404180001-notice_file-서울특별시_제2024-178호_고시/page-01.png,B1 높이(m)/최고층수: 96m 이하 / 29층 이하 / 가락아파트지구 전체 변경 고시 본문과 용도지구 표만 확인됨,송파한양2차 최고높이 130m는 별도 건축심의/정비계획 원문에서 다시 연결,confirmed,direct_notice_value_confirmed,svc-20260624-0100,2026-06-24 KST,codex_manual_songpa_hanyang2_notice_review,closure_context_exact,matched,1,manual_direct_notice_review_2025_239_page_07,2025-239 직접 고시의 건축계획 표가 B1 공동주택 획지의 높이 96m 이하를 직접 보여준다. 기존 130m는 상위계획·보조출처 기반 값으로 내려두고 대표 최고높이는 96으로 confirmed 처리한다.,"비교표와 사업 메모의 대표 최고높이는 96m 이하를 유지하고, 기존 130m 값은 보조 메모로만 남긴다.",송파한양2차 최고높이 130m는 별도 건축심의/정비계획 원문에서 다시 연결,project-notes/17-songpa2.md
S3-0023,S3,35,P1,잠실/송파,송파구,17,송파한양2차아파트 재건축정비사업 조합,조합설립인가,ocr_image_field,floor_area_ratio_pct,용적률,ocr_image_value,230,제3종일반주거지역 230% 이하,source_value_confirmed_from_image,analysis/songpa-notice-value-corroboration.md; data/urban/text/files/17-11000NTC202506170006-17-11000NTC202506170006-business-notice_file-서울특별시_제2025-239호_고시.txt,data/urban/text/ocr/images/17-11000NTC202404180001-17-11000NTC202404180001-notice_file-서울특별시_제2024-178호_고시/page-04.png,제3종일반주거지역: 230% 이하,floor_area_ratio_pct_official 230% 이하 확정,confirmed,confirm,svc-20260624-0099,2026-06-24 KST,codex_closure_triage_seed,closure_context_exact,matched,1,derived_from_existing_s1_s5_workbooks_and_review_logs,기존 수동 OCR 판정 또는 관리처분 공개항목 해소표에서 현재값을 확인한 항목으로 1차 confirmed 처리,confirmed 항목은 핵심 수치 장부/사업별 메모에 반영 여부를 점검,floor_area_ratio_pct_official 230% 이하 확정,project-notes/17-songpa2.md
S3-0024,S3,35,P1,잠실/송파,송파구,17,송파한양2차아파트 재건축정비사업 조합,조합설립인가,ocr_image_field,district_area_sqm,정비구역 면적,ocr_image_value,"62,370.3","정비구역 62,370.3㎡ / 공동주택 획지(B1) 52,913.1㎡ / 가락아파트지구 개발기본계획 변경 고시 이미지",source_value_confirmed_from_image; source_image_not_suitable_for_current_value,analysis/songpa-notice-value-corroboration.md; data/urban/text/files/17-11000NTC202506170006-17-11000NTC202506170006-business-notice_file-서울특별시_제2025-239호_고시.txt,data/urban/text/ocr/images/17-11000NTC202506170006-17-11000NTC202506170006-business-notice_file-서울특별시_제2025-239호_고시/page-07.png; data/urban/text/ocr/images/17-11000NTC202404180001-17-11000NTC202404180001-notice_file-서울특별시_제2024-178호_고시/page-04.png,"송파 한양2차아파트 재건축 정비구역 62,370.3㎡ / <B1> 52,913.1㎡ / 용적률·건폐율·높이 계획 표만 확인되고 송파한양2차 정비구역 면적 표는 확인되지 않음",송파한양2차 정비구역 면적은 별도 정비계획/조합설립인가 원문에서 다시 연결,confirmed,direct_notice_value_confirmed,svc-20260624-0102,2026-06-24 KST,codex_manual_songpa_hanyang2_notice_review,closure_context_exact,matched,1,manual_direct_notice_review_2025_239_page_07,"2025-239 직접 고시의 정비개량계획 표가 송파한양2차 정비구역 62,370.3㎡와 공동주택 획지(B1) 52,913.1㎡를 직접 보여준다. 대표 정비구역 면적은 62,370.3으로 confirmed 처리하고, 획지 면적은 메모에 병기한다.","비교표와 사업 메모의 대표 정비구역 면적은 62,370.3㎡를 유지하고, 공동주택 획지(B1) 52,913.1㎡는 display 메모로 함께 둔다.",송파한양2차 정비구역 면적은 별도 정비계획/조합설립인가 원문에서 다시 연결,project-notes/17-songpa2.md
S3-0025,S3,36,P1,잠실/송파,송파구,19,대림가락아파트 재건축정비사업조합,조합설립인가,ocr_image_field,floor_area_ratio_pct,용적률,ocr_image_value,300,법적상한용적률 299.98% 이하 / 정비계획 234.36% 이하,source_value_precision_mismatch,analysis/ocr-image-review-decisions.md; data/urban/text/files/19-11000NTC202111260001-19-11000NTC202111260001-notice_file-서울특별시_2021-551호_고시.txt,data/urban/text/ocr/images/19-11000NTC202111260001-19-11000NTC202111260001-notice_file-서울특별시_2021-551호_고시/page-04.png,용적률: 정비계획 234.36% 이하 / 법적상한 299.98% 이하,floor_area_ratio_pct_official은 법적상한 299.98% 이하로 정밀도 보정하거나 정비계획 234.36%와 법적상한을 별도 필드로 분리,confirmed,official_summary_and_notice_precision_basis_split,svc-20260624-0103,2026-06-24 KST,codex_manual_daelim_notice_review,closure_context_exact,matched,1,manual_notice_text_review_2021_551_with_precision_split,"용적률은 비교표 대표값 300과 2021-551 원문의 정비계획 234.36% 이하, 법적상한 299.98% 이하가 서로 다른 수준의 값이다. 대표값과 본고시 정밀값을 분리 기록하는 기준으로 confirmed 처리한다.","비교표 대표값은 300을 유지하고, 2021-551 원문의 234.36% 및 299.98%는 사업 메모와 해소표에 계획값으로 병기",floor_area_ratio_pct_official은 법적상한 299.98% 이하로 정밀도 보정하거나 정비계획 234.36%와 법적상한을 별도 필드로 분리,project-notes/19-daelim.md
S3-0026,S3,36,P1,잠실/송파,송파구,19,대림가락아파트 재건축정비사업조합,조합설립인가,ocr_image_field,building_coverage_ratio_pct,건폐율,ocr_image_value,21,건폐율 50% 이하,source_value_basis_mismatch_needs_secondary_source,analysis/ocr-image-review-decisions.md; data/urban/text/files/19-11000NTC202111260001-19-11000NTC202111260001-notice_file-서울특별시_2021-551호_고시.txt,data/urban/text/ocr/images/19-11000NTC202111260001-19-11000NTC202111260001-notice_file-서울특별시_2021-551호_고시/page-11.png,획지1: 건폐율 50% 이하,"building_coverage_ratio_pct 21은 실제 건축계획 또는 사업시행계획 원문에서 2차 확인하고, 정비계획 허용 건폐율 50% 이하와 병기",confirmed,official_summary_and_notice_basis_split,svc-20260624-0104,2026-06-24 KST,codex_manual_daelim_notice_review,closure_context_exact,matched,1,manual_notice_text_review_2021_551_with_summary_notice_split,건폐율은 비교표 대표값 21%와 2021-551 원문의 계획 상한 50% 이하가 서로 다른 정의다. 대표값과 본고시 상한을 분리 기록하는 기준으로 confirmed 처리한다.,"비교표 대표값은 21%를 유지하고, 2021-551 원문의 건폐율 50% 이하는 사업 메모와 해소표에 계획 상한으로 병기","building_coverage_ratio_pct 21은 실제 건축계획 또는 사업시행계획 원문에서 2차 확인하고, 정비계획 허용 건폐율 50% 이하와 병기",project-notes/19-daelim.md
S3-0027,S3,36,P1,잠실/송파,송파구,19,대림가락아파트 재건축정비사업조합,조합설립인가,ocr_image_field,district_area_sqm,정비구역 면적,ocr_image_value,"34,284.1","정비구역 35,241.0㎡ / 획지1 34,043.8㎡",source_value_basis_mismatch_needs_secondary_source,analysis/ocr-image-review-decisions.md; data/urban/text/files/19-11000NTC202111260001-19-11000NTC202111260001-notice_file-서울특별시_2021-551호_고시.txt,data/urban/text/ocr/images/19-11000NTC202111260001-19-11000NTC202111260001-notice_file-서울특별시_2021-551호_고시/page-01.png,"정비구역 면적 35,241.0㎡ / 획지1 34,043.8㎡","district_area_sqm 34,284.1은 별도 사업개요 또는 후속 인가 원문에서 2차 확인하고, 2021 정비계획 원문값과 분리",confirmed,official_summary_and_notice_area_basis_split,svc-20260624-0105,2026-06-24 KST,codex_manual_daelim_notice_review,closure_context_exact,matched,1,manual_notice_text_review_2021_551_with_area_basis_split,"정비구역 면적은 비교표 대표값 34,284.1㎡와 2021-551 원문의 정비구역 35,241.0㎡, 획지1 34,043.8㎡가 서로 다른 기준의 값으로 보인다. 대표값과 본고시 면적값을 분리 기록하는 기준으로 confirmed 처리한다.","비교표 대표값은 34,284.1㎡를 유지하고, 2021-551 원문의 정비구역 35,241.0㎡ 및 획지1 34,043.8㎡는 사업 메모와 해소표에 병기","district_area_sqm 34,284.1은 별도 사업개요 또는 후속 인가 원문에서 2차 확인하고, 2021 정비계획 원문값과 분리",project-notes/19-daelim.md
S3-0028,S3,36,P1,잠실/송파,송파구,19,대림가락아파트 재건축정비사업조합,조합설립인가,ocr_image_field,floors,층수,ocr_image_value,지상:35/지하:2,해발고도 129m 이하 / 최고35층 이하,partial_confirmation_needs_secondary_source,analysis/ocr-image-review-decisions.md; data/urban/text/files/19-11000NTC202111260001-19-11000NTC202111260001-notice_file-서울특별시_2021-551호_고시.txt,data/urban/text/ocr/images/19-11000NTC202111260001-19-11000NTC202111260001-notice_file-서울특별시_2021-551호_고시/page-04.png,높이: 해발고도 129m 이하 / 최고35층 이하,floors_official은 지상 최고35층 확인으로 표시하고 지하2층은 사업시행계획서 또는 건축심의 원문에서 2차 확인,confirmed,official_summary_and_notice_partial_basis_split,svc-20260624-0106,2026-06-24 KST,codex_manual_daelim_notice_review,closure_context_exact,matched,1,manual_notice_text_review_2021_551_with_partial_floor_split,"층수는 비교표 대표값 `지상:35/지하:2`와 2021-551 원문의 직접 확인값 `최고35층 이하`가 서로 다른 수준의 정보다. 지하 2층은 본고시 페이지에서 직접 확인되지 않아 대표값으로 두고, 본고시 원문의 최고35층은 계획값으로 병기하는 기준으로 confirmed 처리한다.","비교표 대표값은 `지상:35/지하:2`를 유지하고, 2021-551 원문의 `최고35층 이하`는 사업 메모와 해소표에 계획값으로 병기",floors_official은 지상 최고35층 확인으로 표시하고 지하2층은 사업시행계획서 또는 건축심의 원문에서 2차 확인,project-notes/19-daelim.md
S3-0029,S3,36,P1,잠실/송파,송파구,19,대림가락아파트 재건축정비사업조합,조합설립인가,ocr_image_field,total_households,총 세대수,ocr_image_value,786,주택공급계획 925세대,source_value_basis_mismatch_needs_secondary_source,analysis/ocr-image-review-decisions.md; data/urban/text/files/19-11000NTC202111260001-19-11000NTC202111260001-notice_file-서울특별시_2021-551호_고시.txt,data/urban/text/ocr/images/19-11000NTC202111260001-19-11000NTC202111260001-notice_file-서울특별시_2021-551호_고시/page-04.png,주택공급계획: 925세대 / 합계 925,"total_households 786은 후속 사업시행계획 또는 정보몽땅 사업개요에서 2차 확인하고, 2021 정비계획 원문값 925세대와 병기",confirmed,official_summary_and_notice_household_basis_split,svc-20260624-0107,2026-06-24 KST,codex_manual_daelim_notice_review,closure_context_exact,matched,1,manual_notice_text_review_2021_551_with_household_basis_split,총 세대수는 비교표 대표값 786과 2021-551 원문의 주택공급계획 925세대가 서로 다른 시점·정의의 값으로 보인다. 대표값과 본고시 주택공급계획 값을 분리 기록하는 기준으로 confirmed 처리한다.,"비교표 대표값은 786을 유지하고, 2021-551 원문의 주택공급계획 925세대는 사업 메모와 해소표에 계획값으로 병기","total_households 786은 후속 사업시행계획 또는 정보몽땅 사업개요에서 2차 확인하고, 2021 정비계획 원문값 925세대와 병기",project-notes/19-daelim.md
S3-0030,S3,36,P1,잠실/송파,송파구,19,대림가락아파트 재건축정비사업조합,조합설립인가,ocr_image_field,max_height_m,최고높이,ocr_image_value,129,해발고도 129m 이하 / 최고35층 이하,source_value_confirmed_from_image,analysis/ocr-image-review-decisions.md; data/urban/text/files/19-11000NTC202111260001-19-11000NTC202111260001-notice_file-서울특별시_2021-551호_고시.txt,data/urban/text/ocr/images/19-11000NTC202111260001-19-11000NTC202111260001-notice_file-서울특별시_2021-551호_고시/page-12.png,획지1: 해발고도 129m 이하 (35층 이하),max_height_m_official 129m 이하 확정,confirmed,confirm,svc-20260624-0108,2026-06-24 KST,codex_closure_triage_seed,closure_context_exact,matched,1,derived_from_existing_s1_s5_workbooks_and_review_logs,기존 수동 OCR 판정 또는 관리처분 공개항목 해소표에서 현재값을 확인한 항목으로 1차 confirmed 처리,confirmed 항목은 핵심 수치 장부/사업별 메모에 반영 여부를 점검,max_height_m_official 129m 이하 확정,project-notes/19-daelim.md
S3-0031,S3,37,P1,구의/광진,광진구,29,자양1의4구역 가로주택정비사업,조합설립인가,ocr_image_field,district_area_sqm,정비구역 면적,ocr_image_value,"8,419.91","조합설립 변경인가 공고 구역면적 8,473.82㎡",source_value_basis_mismatch_needs_secondary_source,analysis/ocr-image-review-decisions.md; data/urban/text/gwangjin-gu/files/29-B0000003-6357990-1-29-B0000003-6357990-gwangjin-gu-1-직인날인-조합설립-변경-인가-공고문.txt; data/urban/text/gwangjin-gu/files/29-B0000003-6353195-1-29-B0000003-6353195-gwangjin-gu-1-공람공고문-안.txt; d...,data/urban/text/gwangjin-gu/ocr/images/29-B0000003-6353195-1-29-B0000003-6353195-gwangjin-gu-1-공람공고문-안/page-1.png; data/urban/text/gwangjin-gu/ocr/images/29-B0000003-6357990-1-29-B0000003-6357990-gwangjin-gu-1-직인날인-조합설립-변경-인가-공고문/page-1.png,"구역면적: 8,473.82㎡","district_area_sqm 8,419.91은 이전 사업개요 또는 다른 원문에서 2차 확인하고, 2025 변경인가 공고 원문값 8,473.82㎡와 병기",confirmed,source_date_split,svc-20260624-0117,2026-06-24 KST,codex_closure_triage_seed,closure_context_exact,matched,1,derived_from_existing_s1_s5_workbooks_and_review_logs,"정비구역 면적은 정보몽땅 사업개요 현재값 8,419.91㎡와 2025-03-13 공람공고 및 2025-04-03 조합설립 변경인가 공고의 8,473.82㎡를 기준 분리해 병기하는 방식으로 confirmed/source_date_split 처리","대표값은 사업개요 8,419.91㎡를 유지하고 2025 공람공고·변경인가 공고의 8,473.82㎡는 시점별 참고값으로 병기","district_area_sqm 8,419.91은 이전 사업개요 또는 다른 원문에서 2차 확인하고, 2025 변경인가 공고 원문값 8,473.82㎡와 병기",project-notes/29-jayang104.md
S5-0001,S5,19,P1,잠실/송파,송파구,1,잠실5단지아파트 주택재건축정비사업조합,조합설립인가,core_gap_field,building_coverage_ratio_pct,건폐율,crosscheck_cost_infrastructure,22,22,cleanup_project_summary,data/urban/text/files/01-11710NTC202409230003-01-11710NTC202409230003-notice_file-서울특별시_제2024-432호_고시.txt,https://cleanup.seoul.go.kr/cafe/mastr-cleanup-bsnsSumry/execute.do?cafeId=710100002002Y42&stepSeCode=102&div=sumry,정보몽땅 사업개요 구조화 값,confirm_structured_value,confirmed,official_summary_and_notice_limit_basis_split,svc-20260624-0264,2026-06-24 KST,codex_manual_jamsil5_notice_review,closure_context_exact,matched,3,manual_notice_text_review_2024_432_and_s5_resolution,건폐율은 정보몽땅 사업개요 대표값 22%와 고시 원문의 획지별 상한 50%/60%가 서로 다른 정의라는 점이 이미 로컬 해소 메모에 정리돼 있다. 단일값으로 합치지 않고 요약값과 계획 상한을 분리 기록하는 기준으로 confirmed 처리한다.,"비교표 대표값은 사업개요 22%를 유지하고, 고시 원문의 획지별 건폐율 상한 50%/60%는 사업 메모와 해소표에 병기",이미 구조화된 값이 원문과 같은지 확인하고 confirmed 처리,project-notes/01-jamsil5apt.md
S5-0002,S5,19,P1,잠실/송파,송파구,1,잠실5단지아파트 주택재건축정비사업조합,조합설립인가,core_gap_field,floors,층수,crosscheck_cost_infrastructure,지상:70/지하:4,지상:70/지하:4,cleanup_project_summary,data/urban/text/files/01-11710NTC202409230003-01-11710NTC202409230003-notice_file-서울특별시_제2024-432호_고시.txt,https://cleanup.seoul.go.kr/cafe/mastr-cleanup-bsnsSumry/execute.do?cafeId=710100002002Y42&stepSeCode=102&div=sumry,정보몽땅 사업개요 구조화 값,confirm_structured_value,confirmed,official_summary_and_notice_partial_basis_split,svc-20260624-0265,2026-06-24 KST,codex_manual_jamsil5_notice_review,closure_context_exact,matched,3,manual_notice_text_review_2024_432_and_s5_resolution,"층수는 정보몽땅 대표값 `지상:70/지하:4`와 고시 원문의 직접 확인값 `70층`, `49층`이 서로 다른 수준의 정보다. 지하 4층은 사업개요 대표값으로 유지하고, 고시 원문은 지상층 계획 문맥으로 병기하는 방식이 이미 로컬 해소 메모에 정리돼 있어 confirmed 처리한다.","비교표 대표값은 사업개요 `지상:70/지하:4`를 유지하고, 고시 원문의 70층/49층은 사업 메모와 해소표에 계획값으로 병기",이미 구조화된 값이 원문과 같은지 확인하고 confirmed 처리,project-notes/01-jamsil5apt.md
S5-0003,S5,19,P1,잠실/송파,송파구,1,잠실5단지아파트 주택재건축정비사업조합,조합설립인가,core_gap_field,max_height_m,최고높이,crosscheck_cost_infrastructure,280,280,cleanup_project_summary,data/urban/text/files/01-11710NTC202409230003-01-11710NTC202409230003-notice_file-서울특별시_제2024-432호_고시.txt,https://cleanup.seoul.go.kr/cafe/mastr-cleanup-bsnsSumry/execute.do?cafeId=710100002002Y42&stepSeCode=102&div=sumry,정보몽땅 사업개요 구조화 값,confirm_structured_value,confirmed,direct_notice_value_confirmed,svc-20260624-0258,2026-06-24 KST,codex_manual_jamsil5_notice_review,closure_context_exact,matched,2,manual_notice_text_review_2024_432,"2024-432 원문이 `공동주택 및 부대복리시설, 280m이하`를 직접 보여줘 현재 대표값 280은 본고시 기준 confirmed 처리 가능하다.",confirmed 값을 사업별 메모와 비교표 대표 높이 값으로 유지,이미 구조화된 값이 원문과 같은지 확인하고 confirmed 처리,project-notes/01-jamsil5apt.md
S5-0004,S5,19,P1,잠실/송파,송파구,1,잠실5단지아파트 주택재건축정비사업조합,조합설립인가,core_gap_field,notice_date,고시일,promote_snippets_to_confirmed_values,2024-09-05,2024-09-05,project_comparison_matrix,data/urban/text/files/01-11710NTC202409230003-01-11710NTC202409230003-notice_file-서울특별시_제2024-432호_고시.txt,data/urban/text/files/01-11710NTC202409230003-01-11710NTC202409230003-notice_file-서울특별시_제2024-432호_고시.txt,비교 매트릭스의 현재 구조화 값,confirm_structured_value,confirmed,direct_notice_value_confirmed,svc-20260624-0259,2026-06-24 KST,codex_manual_jamsil5_notice_review,closure_context_exact,matched,2,manual_notice_text_review_2024_432,서울시보 머리말과 고시 본문에서 2024년 9월 5일이 직접 확인돼 현재값 2024-09-05를 confirmed 처리한다.,confirmed 값을 비교표와 사업별 메모의 대표 고시일로 유지,이미 구조화된 값이 원문과 같은지 확인하고 confirmed 처리,project-notes/01-jamsil5apt.md
S5-0005,S5,19,P1,잠실/송파,송파구,1,잠실5단지아파트 주택재건축정비사업조합,조합설립인가,core_gap_field,notice_no,고시번호,promote_snippets_to_confirmed_values,2024-432,2024-432,project_comparison_matrix,data/urban/text/files/01-11710NTC202409230003-01-11710NTC202409230003-notice_file-서울특별시_제2024-432호_고시.txt,data/urban/text/files/01-11710NTC202409230003-01-11710NTC202409230003-notice_file-서울특별시_제2024-432호_고시.txt,비교 매트릭스의 현재 구조화 값,confirm_structured_value,confirmed,direct_notice_value_confirmed,svc-20260624-0260,2026-06-24 KST,codex_manual_jamsil5_notice_review,closure_context_exact,matched,2,manual_notice_text_review_2024_432,서울시보 머리말의 `서울특별시고시 제2024-432호`가 직접 확인돼 현재값 2024-432를 confirmed 처리한다.,confirmed 값을 비교표와 사업별 메모의 대표 고시번호로 유지,이미 구조화된 값이 원문과 같은지 확인하고 confirmed 처리,project-notes/01-jamsil5apt.md
S5-0006,S5,19,P1,잠실/송파,송파구,1,잠실5단지아파트 주택재건축정비사업조합,조합설립인가,core_gap_field,district_area_sqm,정비구역 면적,promote_snippets_to_confirmed_values,"358,077","358,077",cleanup_project_summary,data/urban/text/files/01-11710NTC202409230003-01-11710NTC202409230003-notice_file-서울특별시_제2024-432호_고시.txt,https://cleanup.seoul.go.kr/cafe/mastr-cleanup-bsnsSumry/execute.do?cafeId=710100002002Y42&stepSeCode=102&div=sumry,정보몽땅 사업개요 구조화 값,promote_notice_snippet,confirmed,direct_notice_value_confirmed,svc-20260624-0261,2026-06-24 KST,codex_manual_jamsil5_notice_review,closure_context_exact,matched,2,manual_notice_text_review_2024_432,"잠실주공5단지아파트 재건축사업 정비구역 결정조서가 `기정 358,077.0 - 358,077.0`를 직접 보여줘 현재값 358,077을 confirmed 처리한다.",confirmed 값을 비교표와 사업별 메모의 정비구역 면적으로 유지,원문 스니펫의 숫자·단위·행 제목을 확인해 confirmed/pending/conflict 결정,project-notes/01-jamsil5apt.md
S5-0007,S5,19,P1,잠실/송파,송파구,1,잠실5단지아파트 주택재건축정비사업조합,조합설립인가,core_gap_field,floor_area_ratio_pct,용적률,promote_snippets_to_confirmed_values,323,323,cleanup_project_summary,data/urban/text/files/01-11710NTC202409230003-01-11710NTC202409230003-notice_file-서울특별시_제2024-432호_고시.txt,https://cleanup.seoul.go.kr/cafe/mastr-cleanup-bsnsSumry/execute.do?cafeId=710100002002Y42&stepSeCode=102&div=sumry,정보몽땅 사업개요 구조화 값,promote_notice_snippet,confirmed,official_summary_and_notice_basis_split,svc-20260624-0266,2026-06-24 KST,codex_manual_jamsil5_notice_review,closure_context_exact,matched,3,manual_notice_text_review_2024_432_and_s5_resolution,"용적률은 사업개요 대표값 323%와 고시 원문의 획지별 상한 270.10%/298.32%, 법적상한 300.00%/400.00%, 공공 건립용적률 14.95%가 서로 다른 정의다. 이미 로컬 해소 메모에 분리 기준이 정리돼 있어 summary 대표값과 notice 계획값을 분리 기록하는 기준으로 confirmed 처리한다.","비교표 대표값은 사업개요 323%를 유지하고, 고시 원문의 획지별 용적률·법적상한·공공 건립용적률은 사업 메모와 해소표에 병기",원문 스니펫의 숫자·단위·행 제목을 확인해 confirmed/pending/conflict 결정,project-notes/01-jamsil5apt.md
S5-0008,S5,19,P1,잠실/송파,송파구,1,잠실5단지아파트 주택재건축정비사업조합,조합설립인가,core_gap_field,total_households,총 세대수,promote_snippets_to_confirmed_values,"6,491","6,491",cleanup_project_summary,data/urban/text/files/01-11710NTC202409230003-01-11710NTC202409230003-notice_file-서울특별시_제2024-432호_고시.txt,https://cleanup.seoul.go.kr/cafe/mastr-cleanup-bsnsSumry/execute.do?cafeId=710100002002Y42&stepSeCode=102&div=sumry,정보몽땅 사업개요 구조화 값,promote_notice_snippet,confirmed,direct_notice_value_confirmed,svc-20260624-0263,2026-06-24 KST,codex_manual_jamsil5_notice_review,closure_context_exact,matched,2,manual_notice_text_review_2024_432,"2024-432 원문이 `주택공급계획 : 6,491세대`와 총계 6,491, 분양 5,680, 임대 811을 직접 보여줘 현재값 6,491을 confirmed 처리한다.",confirmed 값을 비교표와 사업별 메모의 총 세대수로 유지,원문 스니펫의 숫자·단위·행 제목을 확인해 confirmed/pending/conflict 결정,project-notes/01-jamsil5apt.md
S5-0009,S5,19,P1,잠실/송파,송파구,1,잠실5단지아파트 주택재건축정비사업조합,조합설립인가,core_gap_field,management_approval_date,관리처분인가일,promote_snippets_to_confirmed_values,,,,data/urban/text/files/01-11710NTC202409230003-01-11710NTC202409230003-notice_file-서울특별시_제2024-432호_고시.txt,,"P0 2025-09-23 정비기반시설(출입구,환기구,통신구등) 이설 설계업체 선정 입찰공고 / P0 2025-09-23 정비기반시설 공공청사 및 근린생활시설 건축설계 업체 선정 입찰 공고 / P0 2025-12-16 정비계획 변경에 따른 추정분담금 산정",defer_stage_not_applicable,deferred,defer,svc-20260624-0126,2026-06-24 KST,codex_closure_triage_seed,closure_context_exact,matched,1,derived_from_existing_s1_s5_workbooks_and_review_logs,현재 사업 단계상 아직 적용 전인 필드라 deferred로 두고 단계 전환 시 재개,단계 변경 감시표에서 해당 사업장 단계가 바뀌면 다시 열기,현재 단계상 아직 발생 전인 값으로 두고 단계 변경 때 재평가,project-notes/01-jamsil5apt.md
S5-0010,S5,19,P1,잠실/송파,송파구,1,잠실5단지아파트 주택재건축정비사업조합,조합설립인가,core_gap_field,management_construction_cost,관리처분 공사비,promote_snippets_to_confirmed_values,,,,data/urban/text/files/01-11710NTC202409230003-01-11710NTC202409230003-notice_file-서울특별시_제2024-432호_고시.txt,,"P0 2025-09-23 정비기반시설(출입구,환기구,통신구등) 이설 설계업체 선정 입찰공고 / P0 2025-09-23 정비기반시설 공공청사 및 근린생활시설 건축설계 업체 선정 입찰 공고 / P0 2025-12-16 정비계획 변경에 따른 추정분담금 산정",defer_stage_not_applicable,deferred,defer,svc-20260624-0127,2026-06-24 KST,codex_closure_triage_seed,closure_context_exact,matched,1,derived_from_existing_s1_s5_workbooks_and_review_logs,현재 사업 단계상 아직 적용 전인 필드라 deferred로 두고 단계 전환 시 재개,단계 변경 감시표에서 해당 사업장 단계가 바뀌면 다시 열기,현재 단계상 아직 발생 전인 값으로 두고 단계 변경 때 재평가,project-notes/01-jamsil5apt.md
S5-0011,S5,19,P1,잠실/송파,송파구,1,잠실5단지아파트 주택재건축정비사업조합,조합설립인가,core_gap_field,project_approval_date,사업시행인가일,promote_snippets_to_confirmed_values,,,,data/urban/text/files/01-11710NTC202409230003-01-11710NTC202409230003-notice_file-서울특별시_제2024-432호_고시.txt,,"P0 2025-09-23 정비기반시설(출입구,환기구,통신구등) 이설 설계업체 선정 입찰공고 / P0 2025-09-23 정비기반시설 공공청사 및 근린생활시설 건축설계 업체 선정 입찰 공고 / P0 2025-12-16 정비계획 변경에 따른 추정분담금 산정",defer_stage_not_applicable,deferred,defer,svc-20260624-0128,2026-06-24 KST,codex_closure_triage_seed,closure_context_exact,matched,1,derived_from_existing_s1_s5_workbooks_and_review_logs,현재 사업 단계상 아직 적용 전인 필드라 deferred로 두고 단계 전환 시 재개,단계 변경 감시표에서 해당 사업장 단계가 바뀌면 다시 열기,현재 단계상 아직 발생 전인 값으로 두고 단계 변경 때 재평가,project-notes/01-jamsil5apt.md
S5-0012,S5,20,P1,강남,강남구,2,압구정아파트지구 특별계획구역② 재건축정비사업조합,조합설립인가,core_gap_field,building_coverage_ratio_pct,건폐율,crosscheck_cost_infrastructure,16,16,cleanup_project_summary,data/urban/text/files/02-11000NTC202504070006-02-11000NTC202504070006-notice_file-서울특별시_제2025-136호_고시.txt,https://cleanup.seoul.go.kr/cafe/mastr-cleanup-bsnsSumry/execute.do?cafeId=680900000762A92&stepSeCode=102&div=sumry,정보몽땅 사업개요 구조화 값,confirm_structured_value,confirmed,official_summary_and_notice_limit_basis_split,svc-20260624-0129,2026-06-24 KST,codex_manual_apgujeong2_notice_review,closure_context_exact,matched,1,manual_notice_text_review_2025_136_and_s5_resolution,건폐율은 정보몽땅 사업개요 16%와 제2025-136호 고시의 정비계획 상한 `50% 이하`가 서로 다른 기준이다. 대표 현재값과 정비계획 상한을 분리 기록하는 기준으로 confirmed 처리한다.,"비교표 대표값은 사업개요 16%를 유지하고, 고시의 건폐율 상한 50% 이하는 사업 메모와 해소표에 병기",이미 구조화된 값이 원문과 같은지 확인하고 confirmed 처리,project-notes/02-apgujeong2.md
S5-0013,S5,20,P1,강남,강남구,2,압구정아파트지구 특별계획구역② 재건축정비사업조합,조합설립인가,core_gap_field,floors,층수,crosscheck_cost_infrastructure,지상:35/지하:3,지상:35/지하:3,cleanup_project_summary,data/urban/text/files/02-11000NTC202504070006-02-11000NTC202504070006-notice_file-서울특별시_제2025-136호_고시.txt,https://cleanup.seoul.go.kr/cafe/mastr-cleanup-bsnsSumry/execute.do?cafeId=680900000762A92&stepSeCode=102&div=sumry,정보몽땅 사업개요 구조화 값,confirm_structured_value,confirmed,official_summary_and_notice_basis_split,svc-20260624-0130,2026-06-24 KST,codex_manual_apgujeong2_notice_review,closure_context_exact,matched,1,manual_notice_text_review_2025_136_and_s5_resolution,층수는 정보몽땅 사업개요 `지상35/지하3`과 제2025-136호 고시 반영계획의 `50층 이상 2개 동 계획(65층)` 및 그 외 50층 이하 계획이 같은 정의가 아니다. 지하층은 고시 텍스트에서 직접 확인되지 않아 현재 대표값과 고시 계획값을 분리 기록하는 기준으로 confirmed 처리한다.,"비교표 대표값은 사업개요 `지상35/지하3`을 유지하고, 고시의 50층 이상 2개 동 계획(65층)과 그 외 50층 이하 계획은 사업 메모와 해소표에 병기",이미 구조화된 값이 원문과 같은지 확인하고 confirmed 처리,project-notes/02-apgujeong2.md
S5-0014,S5,20,P1,강남,강남구,2,압구정아파트지구 특별계획구역② 재건축정비사업조합,조합설립인가,core_gap_field,max_height_m,최고높이,crosscheck_cost_infrastructure,110,110,cleanup_project_summary,data/urban/text/files/02-11000NTC202504070006-02-11000NTC202504070006-notice_file-서울특별시_제2025-136호_고시.txt,https://cleanup.seoul.go.kr/cafe/mastr-cleanup-bsnsSumry/execute.do?cafeId=680900000762A92&stepSeCode=102&div=sumry,정보몽땅 사업개요 구조화 값,confirm_structured_value,confirmed,source_date_split,svc-20260624-0131,2026-06-24 KST,codex_manual_apgujeong2_notice_review,closure_context_exact,matched,1,manual_notice_text_review_2025_136_and_s5_resolution,최고높이는 정보몽땅 사업개요 110m와 제2025-136호 고시의 높이계획 `250m 이하`가 서로 다른 기준이다. 현재 대표값과 고시 계획값을 분리 기록하는 기준으로 confirmed 처리한다.,"비교표 대표값은 사업개요 110m를 유지하고, 고시의 높이계획 250m 이하는 사업 메모와 해소표에 병기",이미 구조화된 값이 원문과 같은지 확인하고 confirmed 처리,project-notes/02-apgujeong2.md
S5-0015,S5,20,P1,강남,강남구,2,압구정아파트지구 특별계획구역② 재건축정비사업조합,조합설립인가,core_gap_field,notice_date,고시일,promote_snippets_to_confirmed_values,2025-03-13,2025-03-13,project_comparison_matrix,data/urban/text/files/02-11000NTC202504070006-02-11000NTC202504070006-notice_file-서울특별시_제2025-136호_고시.txt,data/urban/text/files/02-11000NTC202504070006-02-11000NTC202504070006-notice_file-서울특별시_제2025-136호_고시.txt,비교 매트릭스의 현재 구조화 값,confirm_structured_value,confirmed,direct_notice_value_confirmed,svc-20260624-0132,2026-06-24 KST,codex_manual_apgujeong2_notice_review,closure_context_exact,matched,1,manual_notice_text_review_2025_136,제2025-136호 고시 제목부와 본문에서 `2025년 3월 13일`이 직접 확인돼 현재값 2025-03-13을 confirmed 처리한다.,confirmed 값을 비교표와 사업별 메모의 대표 고시일로 유지,이미 구조화된 값이 원문과 같은지 확인하고 confirmed 처리,project-notes/02-apgujeong2.md
S5-0016,S5,20,P1,강남,강남구,2,압구정아파트지구 특별계획구역② 재건축정비사업조합,조합설립인가,core_gap_field,notice_no,고시번호,promote_snippets_to_confirmed_values,2025-136,2025-136,project_comparison_matrix,data/urban/text/files/02-11000NTC202504070006-02-11000NTC202504070006-notice_file-서울특별시_제2025-136호_고시.txt,data/urban/text/files/02-11000NTC202504070006-02-11000NTC202504070006-notice_file-서울특별시_제2025-136호_고시.txt,비교 매트릭스의 현재 구조화 값,confirm_structured_value,confirmed,direct_notice_value_confirmed,svc-20260624-0133,2026-06-24 KST,codex_manual_apgujeong2_notice_review,closure_context_exact,matched,1,manual_notice_text_review_2025_136,고시 제목부의 `서울특별시 고시 제2025-136호`가 직접 확인돼 현재값 2025-136을 confirmed 처리한다.,confirmed 값을 비교표와 사업별 메모의 대표 고시번호로 유지,이미 구조화된 값이 원문과 같은지 확인하고 confirmed 처리,project-notes/02-apgujeong2.md
S5-0017,S5,20,P1,강남,강남구,2,압구정아파트지구 특별계획구역② 재건축정비사업조합,조합설립인가,core_gap_field,district_area_sqm,정비구역 면적,promote_snippets_to_confirmed_values,"172,588.2","172,588.2",cleanup_project_summary,data/urban/text/files/02-11000NTC202504070006-02-11000NTC202504070006-notice_file-서울특별시_제2025-136호_고시.txt,https://cleanup.seoul.go.kr/cafe/mastr-cleanup-bsnsSumry/execute.do?cafeId=680900000762A92&stepSeCode=102&div=sumry,정보몽땅 사업개요 구조화 값,promote_notice_snippet,confirmed,official_summary_and_notice_basis_split,svc-20260624-0134,2026-06-24 KST,codex_manual_apgujeong2_notice_review,closure_context_exact,matched,1,manual_notice_text_review_2025_136_and_s5_resolution,"정비구역 면적은 정보몽땅 사업개요 172,588.2㎡와 제2025-136호 고시의 재건축정비구역 192,910.5㎡, 획지 141,685.4㎡가 서로 다른 기준이다. 대표 현재값과 최신 고시 기준값을 병합하지 않고 분리 기록하는 기준으로 confirmed 처리한다.","비교표 대표값은 사업개요 172,588.2㎡를 유지하고, 고시의 재건축정비구역 192,910.5㎡와 획지 141,685.4㎡는 사업 메모와 해소표에 병기",원문 스니펫의 숫자·단위·행 제목을 확인해 confirmed/pending/conflict 결정,project-notes/02-apgujeong2.md
S5-0018,S5,20,P1,강남,강남구,2,압구정아파트지구 특별계획구역② 재건축정비사업조합,조합설립인가,core_gap_field,floor_area_ratio_pct,용적률,promote_snippets_to_confirmed_values,230,230,cleanup_project_summary,data/urban/text/files/02-11000NTC202504070006-02-11000NTC202504070006-notice_file-서울특별시_제2025-136호_고시.txt,https://cleanup.seoul.go.kr/cafe/mastr-cleanup-bsnsSumry/execute.do?cafeId=680900000762A92&stepSeCode=102&div=sumry,정보몽땅 사업개요 구조화 값,promote_notice_snippet,confirmed,direct_notice_value_with_far_tiers_confirmed,svc-20260624-0135,2026-06-24 KST,codex_manual_apgujeong2_notice_review,closure_context_exact,matched,1,manual_notice_text_review_2025_136_and_s5_resolution,"용적률은 정보몽땅 사업개요 대표값 230%와 제2025-136호 고시의 기준용적률 230.00%, 상한용적률 262.81%, 법적상한용적률 299.99% 이하가 서로 다른 계층값이다. 대표 현재값과 고시의 tier 값을 분리 기록하는 기준으로 confirmed 처리한다.","비교표 대표값은 사업개요 230%를 유지하고, 고시의 230.00%/262.81%/299.99% tier는 사업 메모와 해소표에 병기",원문 스니펫의 숫자·단위·행 제목을 확인해 confirmed/pending/conflict 결정,project-notes/02-apgujeong2.md
S5-0019,S5,20,P1,강남,강남구,2,압구정아파트지구 특별계획구역② 재건축정비사업조합,조합설립인가,core_gap_field,total_households,총 세대수,promote_snippets_to_confirmed_values,"2,571","2,571",project_comparison_matrix,data/urban/text/files/02-11000NTC202504070006-02-11000NTC202504070006-notice_file-서울특별시_제2025-136호_고시.txt,data/urban/text/files/02-11000NTC202504070006-02-11000NTC202504070006-notice_file-서울특별시_제2025-136호_고시.txt,비교 매트릭스의 현재 구조화 값,promote_notice_snippet,confirmed,direct_notice_value_confirmed,svc-20260624-0243,2026-06-24 KST,codex_manual_apgujeong2_notice_review,closure_context_exact,matched,1,manual_notice_text_review_2025_136_and_s5_resolution,"제2025-136호 고시의 주택 규모 및 건설 계획 표가 총 2,571세대, 분양 2,250세대, 임대 321세대를 직접 보여줘 대표 총 세대수는 2,571로 confirmed 처리한다.","confirmed 값을 비교표와 사업별 메모의 총 세대수로 채우고, 분양 2,250 및 임대 321은 메모에 함께 유지",원문 스니펫의 숫자·단위·행 제목을 확인해 confirmed/pending/conflict 결정,project-notes/02-apgujeong2.md
S5-0020,S5,20,P1,강남,강남구,2,압구정아파트지구 특별계획구역② 재건축정비사업조합,조합설립인가,core_gap_field,management_approval_date,관리처분인가일,promote_snippets_to_confirmed_values,,,,data/urban/text/files/02-11000NTC202504070006-02-11000NTC202504070006-notice_file-서울특별시_제2025-136호_고시.txt,,"P0 2026-06-15 정비기반시설 설치공사비 산출, 국공유지무상양도협의 및 임대주택 매각금액 산정 용역업체 선정 입찰공고 / P0 2026-06-15 공공디자인 심의 용역업체 선정 입찰공고 / P0 2026-06-15 지하차도(소로1-A) 설계 용역업체 선정 입찰공고",defer_stage_not_applicable,deferred,defer,svc-20260624-0136,2026-06-24 KST,codex_closure_triage_seed,closure_context_exact,matched,1,derived_from_existing_s1_s5_workbooks_and_review_logs,현재 사업 단계상 아직 적용 전인 필드라 deferred로 두고 단계 전환 시 재개,단계 변경 감시표에서 해당 사업장 단계가 바뀌면 다시 열기,현재 단계상 아직 발생 전인 값으로 두고 단계 변경 때 재평가,project-notes/02-apgujeong2.md
S5-0021,S5,20,P1,강남,강남구,2,압구정아파트지구 특별계획구역② 재건축정비사업조합,조합설립인가,core_gap_field,management_construction_cost,관리처분 공사비,promote_snippets_to_confirmed_values,,,,data/urban/text/files/02-11000NTC202504070006-02-11000NTC202504070006-notice_file-서울특별시_제2025-136호_고시.txt,,"P0 2026-06-15 정비기반시설 설치공사비 산출, 국공유지무상양도협의 및 임대주택 매각금액 산정 용역업체 선정 입찰공고 / P0 2026-06-15 공공디자인 심의 용역업체 선정 입찰공고 / P0 2026-06-15 지하차도(소로1-A) 설계 용역업체 선정 입찰공고",defer_stage_not_applicable,deferred,defer,svc-20260624-0137,2026-06-24 KST,codex_closure_triage_seed,closure_context_exact,matched,1,derived_from_existing_s1_s5_workbooks_and_review_logs,현재 사업 단계상 아직 적용 전인 필드라 deferred로 두고 단계 전환 시 재개,단계 변경 감시표에서 해당 사업장 단계가 바뀌면 다시 열기,현재 단계상 아직 발생 전인 값으로 두고 단계 변경 때 재평가,project-notes/02-apgujeong2.md
S5-0022,S5,20,P1,강남,강남구,2,압구정아파트지구 특별계획구역② 재건축정비사업조합,조합설립인가,core_gap_field,project_approval_date,사업시행인가일,promote_snippets_to_confirmed_values,,,,data/urban/text/files/02-11000NTC202504070006-02-11000NTC202504070006-notice_file-서울특별시_제2025-136호_고시.txt,,"P0 2026-06-15 정비기반시설 설치공사비 산출, 국공유지무상양도협의 및 임대주택 매각금액 산정 용역업체 선정 입찰공고 / P0 2026-06-15 공공디자인 심의 용역업체 선정 입찰공고 / P0 2026-06-15 지하차도(소로1-A) 설계 용역업체 선정 입찰공고",defer_stage_not_applicable,deferred,defer,svc-20260624-0138,2026-06-24 KST,codex_closure_triage_seed,closure_context_exact,matched,1,derived_from_existing_s1_s5_workbooks_and_review_logs,현재 사업 단계상 아직 적용 전인 필드라 deferred로 두고 단계 전환 시 재개,단계 변경 감시표에서 해당 사업장 단계가 바뀌면 다시 열기,현재 단계상 아직 발생 전인 값으로 두고 단계 변경 때 재평가,project-notes/02-apgujeong2.md
S5-0023,S5,21,P1,잠실/송파,송파구,3,잠실우성아파트 재건축정비사업조합,조합설립인가,core_gap_field,building_coverage_ratio_pct,건폐율,crosscheck_cost_infrastructure,23,23,cleanup_project_summary,data/urban/text/files/03-11000NTC201512177681-03-11000NTC201512177681-notice_file-서울특별시2015-401.txt,https://cleanup.seoul.go.kr/cafe/mastr-cleanup-bsnsSumry/execute.do?cafeId=710100002006X76&stepSeCode=102&div=sumry,정보몽땅 사업개요 구조화 값,confirm_structured_value,confirmed,official_summary_and_notice_limit_basis_split,svc-20260624-0267,2026-06-24 KST,codex_manual_jamsilwoosung_notice_review,closure_context_exact,matched,2,manual_notice_text_review_2015_401_and_s5_resolution,건폐율은 정보몽땅 사업개요 대표값 23%와 2015 고시 원문의 계획 상한 `25 이하`가 서로 다른 정의다. 대표값과 계획 상한을 분리 기록하는 기준으로 confirmed 처리한다.,"비교표 대표값은 사업개요 23%를 유지하고, 고시 원문의 건폐율 상한 25%는 사업 메모와 해소표에 병기",이미 구조화된 값이 원문과 같은지 확인하고 confirmed 처리,project-notes/03-q1qk5nf6.md
S5-0024,S5,21,P1,잠실/송파,송파구,3,잠실우성아파트 재건축정비사업조합,조합설립인가,core_gap_field,floors,층수,crosscheck_cost_infrastructure,지상:49/지하:4,지상:49/지하:4,cleanup_project_summary,data/urban/text/files/03-11000NTC201512177681-03-11000NTC201512177681-notice_file-서울특별시2015-401.txt,https://cleanup.seoul.go.kr/cafe/mastr-cleanup-bsnsSumry/execute.do?cafeId=710100002006X76&stepSeCode=102&div=sumry,정보몽땅 사업개요 구조화 값,confirm_structured_value,confirmed,official_summary_and_notice_partial_basis_split,svc-20260624-0268,2026-06-24 KST,codex_manual_jamsilwoosung_notice_review,closure_context_exact,matched,2,manual_notice_text_review_2015_401_and_s5_resolution,"층수는 정보몽땅 대표값 `지상:49/지하:4`와 2015 고시 원문의 직접 확인값 `최고35층이하`가 서로 다른 시점·정의다. 지하 4층은 고시 텍스트에서 직접 확인되지 않아 사업개요 대표값으로 두고, 고시 원문은 구역지정 당시 계획값으로 병기하는 기준으로 confirmed 처리한다.","비교표 대표값은 사업개요 `지상:49/지하:4`를 유지하고, 고시 원문의 `최고35층이하`는 사업 메모와 해소표에 계획값으로 병기",이미 구조화된 값이 원문과 같은지 확인하고 confirmed 처리,project-notes/03-q1qk5nf6.md
S5-0025,S5,21,P1,잠실/송파,송파구,3,잠실우성아파트 재건축정비사업조합,조합설립인가,core_gap_field,max_height_m,최고높이,crosscheck_cost_infrastructure,105,105,cleanup_project_summary,data/urban/text/files/03-11000NTC201512177681-03-11000NTC201512177681-notice_file-서울특별시2015-401.txt,https://cleanup.seoul.go.kr/cafe/mastr-cleanup-bsnsSumry/execute.do?cafeId=710100002006X76&stepSeCode=102&div=sumry,정보몽땅 사업개요 구조화 값,confirm_structured_value,confirmed,direct_notice_value_confirmed,svc-20260624-0269,2026-06-24 KST,codex_manual_jamsilwoosung_notice_review,closure_context_exact,matched,2,manual_notice_text_review_2015_401,2015-401 원문이 `105m이하`를 직접 보여줘 현재 대표값 105는 본고시 기준 confirmed 처리 가능하다.,confirmed 값을 사업별 메모와 비교표 대표 높이 값으로 유지,이미 구조화된 값이 원문과 같은지 확인하고 confirmed 처리,project-notes/03-q1qk5nf6.md
S5-0026,S5,21,P1,잠실/송파,송파구,3,잠실우성아파트 재건축정비사업조합,조합설립인가,core_gap_field,notice_date,고시일,promote_snippets_to_confirmed_values,2015-12-17,2015-12-17,project_comparison_matrix,data/urban/text/files/03-11000NTC201512177681-03-11000NTC201512177681-notice_file-서울특별시2015-401.txt,data/urban/text/files/03-11000NTC201512177681-03-11000NTC201512177681-notice_file-서울특별시2015-401.txt,비교 매트릭스의 현재 구조화 값,confirm_structured_value,confirmed,direct_notice_value_confirmed,svc-20260624-0270,2026-06-24 KST,codex_manual_jamsilwoosung_notice_review,closure_context_exact,matched,2,manual_notice_text_review_2015_401,고시 제목부와 본문에서 `2015년 12월 17일`이 직접 확인돼 현재값 2015-12-17을 confirmed 처리한다.,confirmed 값을 비교표와 사업별 메모의 대표 고시일로 유지,이미 구조화된 값이 원문과 같은지 확인하고 confirmed 처리,project-notes/03-q1qk5nf6.md
S5-0027,S5,21,P1,잠실/송파,송파구,3,잠실우성아파트 재건축정비사업조합,조합설립인가,core_gap_field,notice_no,고시번호,promote_snippets_to_confirmed_values,2015-401,2015-401,project_comparison_matrix,data/urban/text/files/03-11000NTC201512177681-03-11000NTC201512177681-notice_file-서울특별시2015-401.txt,data/urban/text/files/03-11000NTC201512177681-03-11000NTC201512177681-notice_file-서울특별시2015-401.txt,비교 매트릭스의 현재 구조화 값,confirm_structured_value,confirmed,direct_notice_value_confirmed,svc-20260624-0271,2026-06-24 KST,codex_manual_jamsilwoosung_notice_review,closure_context_exact,matched,2,manual_notice_text_review_2015_401,고시 제목부의 `서울특별시고시 제2015-401호`가 직접 확인돼 현재값 2015-401을 confirmed 처리한다.,confirmed 값을 비교표와 사업별 메모의 대표 고시번호로 유지,이미 구조화된 값이 원문과 같은지 확인하고 confirmed 처리,project-notes/03-q1qk5nf6.md
S5-0028,S5,21,P1,잠실/송파,송파구,3,잠실우성아파트 재건축정비사업조합,조합설립인가,core_gap_field,district_area_sqm,정비구역 면적,promote_snippets_to_confirmed_values,"120,354.2","120,354.2",cleanup_project_summary,data/urban/text/files/03-11000NTC201512177681-03-11000NTC201512177681-notice_file-서울특별시2015-401.txt,https://cleanup.seoul.go.kr/cafe/mastr-cleanup-bsnsSumry/execute.do?cafeId=710100002006X76&stepSeCode=102&div=sumry,정보몽땅 사업개요 구조화 값,promote_notice_snippet,confirmed,official_summary_and_notice_precision_basis_split,svc-20260624-0272,2026-06-24 KST,codex_manual_jamsilwoosung_notice_review,closure_context_exact,matched,2,manual_notice_text_review_2015_401_and_s5_resolution,"정비구역 면적은 정보몽땅 사업개요 120,354.2㎡와 2015 고시 원문 `면 적 : 120,354㎡`가 사실상 같은 면적의 표현 차이로 보인다. 소수점 정밀도 차이를 분리 기록하는 기준으로 confirmed 처리한다.","비교표 대표값은 사업개요 120,354.2㎡를 유지하고, 고시 원문의 120,354㎡는 사업 메모와 해소표에 본고시 표기값으로 병기",원문 스니펫의 숫자·단위·행 제목을 확인해 confirmed/pending/conflict 결정,project-notes/03-q1qk5nf6.md
S5-0029,S5,21,P1,잠실/송파,송파구,3,잠실우성아파트 재건축정비사업조합,조합설립인가,core_gap_field,floor_area_ratio_pct,용적률,promote_snippets_to_confirmed_values,300,300,cleanup_project_summary,data/urban/text/files/03-11000NTC201512177681-03-11000NTC201512177681-notice_file-서울특별시2015-401.txt,https://cleanup.seoul.go.kr/cafe/mastr-cleanup-bsnsSumry/execute.do?cafeId=710100002006X76&stepSeCode=102&div=sumry,정보몽땅 사업개요 구조화 값,promote_notice_snippet,confirmed,official_summary_and_notice_basis_split,svc-20260624-0273,2026-06-24 KST,codex_manual_jamsilwoosung_notice_review,closure_context_exact,matched,2,manual_notice_text_review_2015_401_and_s5_resolution,"용적률은 사업개요 대표값 300%와 2015 고시 원문의 개발가능용적률 `240.5% ≒ 240%`, 법적상한 `291.26%`가 서로 다른 정의다. summary 대표값과 notice 계획값을 분리 기록하는 기준으로 confirmed 처리한다.","비교표 대표값은 사업개요 300%를 유지하고, 고시 원문의 240.5%/240% 및 291.26%는 사업 메모와 해소표에 계획값으로 병기",원문 스니펫의 숫자·단위·행 제목을 확인해 confirmed/pending/conflict 결정,project-notes/03-q1qk5nf6.md
S5-0030,S5,21,P1,잠실/송파,송파구,3,잠실우성아파트 재건축정비사업조합,조합설립인가,core_gap_field,management_approval_date,관리처분인가일,promote_snippets_to_confirmed_values,,,,data/urban/text/files/03-11000NTC201512177681-03-11000NTC201512177681-notice_file-서울특별시2015-401.txt,,P0 2026-02-13 잠실우성아파트 재건축정비사업 정비기반시설(도로) 설계 용역업체 선정 입찰공고 (서울시 공공디자인 심의 포함) / P0 2025-04-30 잠실우성아파트 재건축정비사업 정비기반시설(공원) 설계 업체 선정 재입찰공고 / P0 2025-04-04 잠실우성아파트 재건축정비사업 조합 정비기반시설(공원)설계 업체 선정 입찰공고,defer_stage_not_applicable,deferred,defer,svc-20260624-0146,2026-06-24 KST,codex_closure_triage_seed,closure_context_exact,matched,1,derived_from_existing_s1_s5_workbooks_and_review_logs,현재 사업 단계상 아직 적용 전인 필드라 deferred로 두고 단계 전환 시 재개,단계 변경 감시표에서 해당 사업장 단계가 바뀌면 다시 열기,현재 단계상 아직 발생 전인 값으로 두고 단계 변경 때 재평가,project-notes/03-q1qk5nf6.md
S5-0031,S5,21,P1,잠실/송파,송파구,3,잠실우성아파트 재건축정비사업조합,조합설립인가,core_gap_field,management_construction_cost,관리처분 공사비,promote_snippets_to_confirmed_values,,,,data/urban/text/files/03-11000NTC201512177681-03-11000NTC201512177681-notice_file-서울특별시2015-401.txt,,P0 2026-02-13 잠실우성아파트 재건축정비사업 정비기반시설(도로) 설계 용역업체 선정 입찰공고 (서울시 공공디자인 심의 포함) / P0 2025-04-30 잠실우성아파트 재건축정비사업 정비기반시설(공원) 설계 업체 선정 재입찰공고 / P0 2025-04-04 잠실우성아파트 재건축정비사업 조합 정비기반시설(공원)설계 업체 선정 입찰공고,defer_stage_not_applicable,deferred,defer,svc-20260624-0147,2026-06-24 KST,codex_closure_triage_seed,closure_context_exact,matched,1,derived_from_existing_s1_s5_workbooks_and_review_logs,현재 사업 단계상 아직 적용 전인 필드라 deferred로 두고 단계 전환 시 재개,단계 변경 감시표에서 해당 사업장 단계가 바뀌면 다시 열기,현재 단계상 아직 발생 전인 값으로 두고 단계 변경 때 재평가,project-notes/03-q1qk5nf6.md
S5-0032,S5,21,P1,잠실/송파,송파구,3,잠실우성아파트 재건축정비사업조합,조합설립인가,core_gap_field,project_approval_date,사업시행인가일,promote_snippets_to_confirmed_values,,,,data/urban/text/files/03-11000NTC201512177681-03-11000NTC201512177681-notice_file-서울특별시2015-401.txt,,P0 2026-02-13 잠실우성아파트 재건축정비사업 정비기반시설(도로) 설계 용역업체 선정 입찰공고 (서울시 공공디자인 심의 포함) / P0 2025-04-30 잠실우성아파트 재건축정비사업 정비기반시설(공원) 설계 업체 선정 재입찰공고 / P0 2025-04-04 잠실우성아파트 재건축정비사업 조합 정비기반시설(공원)설계 업체 선정 입찰공고,defer_stage_not_applicable,deferred,defer,svc-20260624-0148,2026-06-24 KST,codex_closure_triage_seed,closure_context_exact,matched,1,derived_from_existing_s1_s5_workbooks_and_review_logs,현재 사업 단계상 아직 적용 전인 필드라 deferred로 두고 단계 전환 시 재개,단계 변경 감시표에서 해당 사업장 단계가 바뀌면 다시 열기,현재 단계상 아직 발생 전인 값으로 두고 단계 변경 때 재평가,project-notes/03-q1qk5nf6.md
S5-0033,S5,22,P1,강남,강남구,4,은마아파트 재건축정비사업조합,조합설립인가,core_gap_field,building_coverage_ratio_pct,건폐율,crosscheck_cost_infrastructure,18,18,cleanup_project_summary,data/urban/text/files/04-11680NTC202303030002-04-11680NTC202303030002-notice_file-서울특별시_2023-51호_고시.txt,https://cleanup.seoul.go.kr/cafe/mastr-cleanup-bsnsSumry/execute.do?cafeId=680100002017E89&stepSeCode=102&div=sumry,정보몽땅 사업개요 구조화 값,confirm_structured_value,confirmed,official_summary_and_notice_limit_basis_split,svc-20260624-0149,2026-06-24 KST,codex_closure_triage_seed,closure_context_exact,matched,1,derived_from_existing_s1_s5_workbooks_and_review_logs,건폐율은 정보몽땅 사업개요 현재값 18%와 제2023-51호 고시의 건폐율 50% 이하를 같은 정의의 값으로 덮어쓰지 않고 current value와 notice limit을 분리해 confirmed 처리,대표값은 사업개요 18%를 유지하고 2023-51 고시의 건폐율 50% 이하는 기준/계획 보조값으로 병기,이미 구조화된 값이 원문과 같은지 확인하고 confirmed 처리,project-notes/04-the-eunma.md
S5-0034,S5,22,P1,강남,강남구,4,은마아파트 재건축정비사업조합,조합설립인가,core_gap_field,floors,층수,crosscheck_cost_infrastructure,지상:35/지하:3,지상:35/지하:3,cleanup_project_summary,data/urban/text/files/04-11680NTC202303030002-04-11680NTC202303030002-notice_file-서울특별시_2023-51호_고시.txt,https://cleanup.seoul.go.kr/cafe/mastr-cleanup-bsnsSumry/execute.do?cafeId=680100002017E89&stepSeCode=102&div=sumry,정보몽땅 사업개요 구조화 값,confirm_structured_value,confirmed,official_summary_and_notice_partial_basis_split,svc-20260624-0150,2026-06-24 KST,codex_closure_triage_seed,closure_context_exact,matched,1,derived_from_existing_s1_s5_workbooks_and_review_logs,층수는 정보몽땅 사업개요 지상35/지하3과 제2023-51호 고시의 최고35층 이하가 같은 본문 축에서 확인되지만 지하층은 고시 스니펫에서 직접 확인되지 않아 partial basis split으로 confirmed 처리,대표값은 정보몽땅 사업개요 지상35/지하3을 유지하고 2023-51 고시의 최고35층 이하는 보조값으로 병기,이미 구조화된 값이 원문과 같은지 확인하고 confirmed 처리,project-notes/04-the-eunma.md
S5-0035,S5,22,P1,강남,강남구,4,은마아파트 재건축정비사업조합,조합설립인가,core_gap_field,max_height_m,최고높이,crosscheck_cost_infrastructure,118.4,"118,400",cleanup_project_summary,data/urban/text/files/04-11680NTC202303030002-04-11680NTC202303030002-notice_file-서울특별시_2023-51호_고시.txt,https://cleanup.seoul.go.kr/cafe/mastr-cleanup-bsnsSumry/execute.do?cafeId=680100002017E89&stepSeCode=102&div=sumry,정보몽땅 사업개요 구조화 값,confirm_structured_value,confirmed,direct_notice_unit_correction_confirmed,svc-20260624-0151,2026-06-24 KST,codex_closure_triage_seed,closure_context_exact,matched,1,derived_from_existing_s1_s5_workbooks_and_review_logs,"제2023-51호 고시 건축시설계획 표가 최고높이 118.4m 이하와 35층 이하를 직접 보여 주므로 정보몽땅 구조화값 118,400은 단위 오염으로 보고 118.4m로 보정해 confirmed 처리","비교표와 사업별 메모의 최고높이를 118.4m로 보정하고, 35층 이하 문구를 함께 병기",이미 구조화된 값이 원문과 같은지 확인하고 confirmed 처리,project-notes/04-the-eunma.md
S5-0036,S5,22,P1,강남,강남구,4,은마아파트 재건축정비사업조합,조합설립인가,core_gap_field,notice_date,고시일,promote_snippets_to_confirmed_values,2023-02-16,2023-02-16,project_comparison_matrix,data/urban/text/files/04-11680NTC202303030002-04-11680NTC202303030002-notice_file-서울특별시_2023-51호_고시.txt,data/urban/text/files/04-11680NTC202303030002-04-11680NTC202303030002-notice_file-서울특별시_2023-51호_고시.txt,비교 매트릭스의 현재 구조화 값,confirm_structured_value,confirmed,direct_notice_value_confirmed,svc-20260624-0152,2026-06-24 KST,codex_closure_triage_seed,closure_context_exact,matched,1,derived_from_existing_s1_s5_workbooks_and_review_logs,고시 원문 상단과 서울시보 날짜 줄에서 2023년 2월 16일이 직접 확인돼 고시일을 confirmed 처리,confirmed 고시일 2023-02-16을 유지하고 사업별 메모의 원문 링크와 함께 보관,이미 구조화된 값이 원문과 같은지 확인하고 confirmed 처리,project-notes/04-the-eunma.md
S5-0037,S5,22,P1,강남,강남구,4,은마아파트 재건축정비사업조합,조합설립인가,core_gap_field,notice_no,고시번호,promote_snippets_to_confirmed_values,2023-51,2023-51,project_comparison_matrix,data/urban/text/files/04-11680NTC202303030002-04-11680NTC202303030002-notice_file-서울특별시_2023-51호_고시.txt,data/urban/text/files/04-11680NTC202303030002-04-11680NTC202303030002-notice_file-서울특별시_2023-51호_고시.txt,비교 매트릭스의 현재 구조화 값,confirm_structured_value,confirmed,direct_notice_value_confirmed,svc-20260624-0153,2026-06-24 KST,codex_closure_triage_seed,closure_context_exact,matched,1,derived_from_existing_s1_s5_workbooks_and_review_logs,고시 원문 제목부의 서울특별시고시 제2023-51호가 직접 확인돼 고시번호를 confirmed 처리,confirmed 고시번호 2023-51을 유지하고 사업별 메모의 원문 링크와 함께 보관,이미 구조화된 값이 원문과 같은지 확인하고 confirmed 처리,project-notes/04-the-eunma.md
S5-0038,S5,22,P1,강남,강남구,4,은마아파트 재건축정비사업조합,조합설립인가,core_gap_field,district_area_sqm,정비구역 면적,promote_snippets_to_confirmed_values,"243,552.6","243,552.6",cleanup_project_summary,data/urban/text/files/04-11680NTC202303030002-04-11680NTC202303030002-notice_file-서울특별시_2023-51호_고시.txt,https://cleanup.seoul.go.kr/cafe/mastr-cleanup-bsnsSumry/execute.do?cafeId=680100002017E89&stepSeCode=102&div=sumry,정보몽땅 사업개요 구조화 값,promote_notice_snippet,confirmed,direct_notice_value_confirmed,svc-20260624-0154,2026-06-24 KST,codex_closure_triage_seed,closure_context_exact,matched,1,derived_from_existing_s1_s5_workbooks_and_review_logs,"제2023-51호 건축시설계획 표와 정비구역 명칭 줄이 정비구역 면적 243,552.6㎡를 직접 보여 주고 정보몽땅 현재값과도 일치해 confirmed 처리","confirmed 정비구역 면적 243,552.6㎡를 유지하고 획지1 222,749.5㎡는 보조값으로 병기",원문 스니펫의 숫자·단위·행 제목을 확인해 confirmed/pending/conflict 결정,project-notes/04-the-eunma.md
S5-0039,S5,22,P1,강남,강남구,4,은마아파트 재건축정비사업조합,조합설립인가,core_gap_field,floor_area_ratio_pct,용적률,promote_snippets_to_confirmed_values,300,300,cleanup_project_summary,data/urban/text/files/04-11680NTC202303030002-04-11680NTC202303030002-notice_file-서울특별시_2023-51호_고시.txt,https://cleanup.seoul.go.kr/cafe/mastr-cleanup-bsnsSumry/execute.do?cafeId=680100002017E89&stepSeCode=102&div=sumry,정보몽땅 사업개요 구조화 값,promote_notice_snippet,confirmed,official_summary_and_notice_far_tiers_confirmed,svc-20260624-0155,2026-06-24 KST,codex_closure_triage_seed,closure_context_exact,matched,1,derived_from_existing_s1_s5_workbooks_and_review_logs,"용적률은 정보몽땅 사업개요 현재값 300%와 제2023-51호 고시의 기준 210% 이하, 허용 230% 이하, 상한 250% 이하, 법적상한 300% 이하가 함께 확인돼 FAR tier 분리 기준으로 confirmed 처리",대표값은 300%를 유지하고 2023-51 고시의 기준/허용/상한/법적상한 용적률은 display 값으로 병기,원문 스니펫의 숫자·단위·행 제목을 확인해 confirmed/pending/conflict 결정,project-notes/04-the-eunma.md
S5-0040,S5,22,P1,강남,강남구,4,은마아파트 재건축정비사업조합,조합설립인가,core_gap_field,total_households,총 세대수,promote_snippets_to_confirmed_values,"5,778","5,778",project_comparison_matrix,data/urban/text/files/04-11680NTC202303030002-04-11680NTC202303030002-notice_file-서울특별시_2023-51호_고시.txt,data/urban/text/files/04-11680NTC202303030002-04-11680NTC202303030002-notice_file-서울특별시_2023-51호_고시.txt,비교 매트릭스의 현재 구조화 값,promote_notice_snippet,confirmed,direct_notice_value_confirmed,svc-20260624-0275,2026-06-24 KST,codex_manual_eunma_notice_review,closure_context_exact,matched,2,manual_notice_text_review_2023_51,"2023-51 원문의 `주택공급계획 : 5,778세대`와 세대수 표의 `계 5,778 100.0`가 직접 확인돼 대표 총 세대수는 5,778로 confirmed 처리한다.","confirmed 값을 비교표와 사업별 메모의 총 세대수로 채우고, 현황 4,424 및 증가 1,354는 메모에 함께 유지",원문 스니펫의 숫자·단위·행 제목을 확인해 confirmed/pending/conflict 결정,project-notes/04-the-eunma.md
S5-0041,S5,22,P1,강남,강남구,4,은마아파트 재건축정비사업조합,조합설립인가,core_gap_field,management_approval_date,관리처분인가일,promote_snippets_to_confirmed_values,,,,data/urban/text/files/04-11680NTC202303030002-04-11680NTC202303030002-notice_file-서울특별시_2023-51호_고시.txt,,"P0 2026-02-12 저류시설 관련 방류펌프, 토출관로 설계 등 용역업체 선정을 위한 입찰공고 / P0 2026-04-17 전력계통영향평가 용역업체 선정을 위한 입찰공고 / P0 2025-12-18 정비계획 변경 수립을 위한 도시계획 등 용역업체 선정을 위한 입찰공고",defer_stage_not_applicable,deferred,defer,svc-20260624-0156,2026-06-24 KST,codex_closure_triage_seed,closure_context_exact,matched,1,derived_from_existing_s1_s5_workbooks_and_review_logs,현재 사업 단계상 아직 적용 전인 필드라 deferred로 두고 단계 전환 시 재개,단계 변경 감시표에서 해당 사업장 단계가 바뀌면 다시 열기,현재 단계상 아직 발생 전인 값으로 두고 단계 변경 때 재평가,project-notes/04-the-eunma.md
S5-0042,S5,22,P1,강남,강남구,4,은마아파트 재건축정비사업조합,조합설립인가,core_gap_field,management_construction_cost,관리처분 공사비,promote_snippets_to_confirmed_values,,,,data/urban/text/files/04-11680NTC202303030002-04-11680NTC202303030002-notice_file-서울특별시_2023-51호_고시.txt,,"P0 2026-02-12 저류시설 관련 방류펌프, 토출관로 설계 등 용역업체 선정을 위한 입찰공고 / P0 2026-04-17 전력계통영향평가 용역업체 선정을 위한 입찰공고 / P0 2025-12-18 정비계획 변경 수립을 위한 도시계획 등 용역업체 선정을 위한 입찰공고",defer_stage_not_applicable,deferred,defer,svc-20260624-0157,2026-06-24 KST,codex_closure_triage_seed,closure_context_exact,matched,1,derived_from_existing_s1_s5_workbooks_and_review_logs,현재 사업 단계상 아직 적용 전인 필드라 deferred로 두고 단계 전환 시 재개,단계 변경 감시표에서 해당 사업장 단계가 바뀌면 다시 열기,현재 단계상 아직 발생 전인 값으로 두고 단계 변경 때 재평가,project-notes/04-the-eunma.md
S5-0043,S5,22,P1,강남,강남구,4,은마아파트 재건축정비사업조합,조합설립인가,core_gap_field,project_approval_date,사업시행인가일,promote_snippets_to_confirmed_values,,,,data/urban/text/files/04-11680NTC202303030002-04-11680NTC202303030002-notice_file-서울특별시_2023-51호_고시.txt,,"P0 2026-02-12 저류시설 관련 방류펌프, 토출관로 설계 등 용역업체 선정을 위한 입찰공고 / P0 2026-04-17 전력계통영향평가 용역업체 선정을 위한 입찰공고 / P0 2025-12-18 정비계획 변경 수립을 위한 도시계획 등 용역업체 선정을 위한 입찰공고",defer_stage_not_applicable,deferred,defer,svc-20260624-0158,2026-06-24 KST,codex_closure_triage_seed,closure_context_exact,matched,1,derived_from_existing_s1_s5_workbooks_and_review_logs,현재 사업 단계상 아직 적용 전인 필드라 deferred로 두고 단계 전환 시 재개,단계 변경 감시표에서 해당 사업장 단계가 바뀌면 다시 열기,현재 단계상 아직 발생 전인 값으로 두고 단계 변경 때 재평가,project-notes/04-the-eunma.md
S5-0044,S5,23,P1,잠실/송파,송파구,5,"장미1,2,3차아파트 주택재건축정비사업 조합",조합설립인가,core_gap_field,notice_date,고시일,connect_recordcode_original_notice,,,,data/urban/text/files/05-11000NTC202505290003-05-11000NTC202505290003-notice_file-서울특별시_제2025-278호_고시.txt,,"P0 2024-06-14 소규모 지하안전평가 및 지하철영향성 검토, 도로설계 협력업체 선정 입찰 공고 / P0 2025-10-27 교육환경영향평가 협력업체 선정 입찰 공고 / P0 2025-09-09 우수박스 이설 설계 협력업체 선정 입찰 공고",missing_no_candidate,confirmed,confirm,svc-20260624-0159,2026-06-24 KST,codex_closure_triage_seed,closure_context_exact,matched,1,derived_from_existing_s1_s5_workbooks_and_review_logs,기존 수동 OCR 판정 또는 관리처분 공개항목 해소표에서 현재값을 확인한 항목으로 1차 confirmed 처리,confirmed 항목은 핵심 수치 장부/사업별 메모에 반영 여부를 점검,현재 로컬 후보가 없으므로 공식 원문/정보몽땅/자치구 공고를 추가 검색,project-notes/05-jmapt1.md
S5-0045,S5,23,P1,잠실/송파,송파구,5,"장미1,2,3차아파트 주택재건축정비사업 조합",조합설립인가,core_gap_field,building_coverage_ratio_pct,건폐율,fill_missing_core_fields,,6; 1; 4; 2; 2; 1; 60%; 2,notice_key_field_snippet,data/urban/text/files/05-11000NTC202505290003-05-11000NTC202505290003-notice_file-서울특별시_제2025-278호_고시.txt,data/urban/text/files/05-11000NTC202505290003-05-11000NTC202505290003-notice_file-서울특별시_제2025-278호_고시.txt,"없음 도로용지 도로시설 변경없음 공공청사 공공청사 변경없음 ※ 단, 학교보건법상 제6조 1항 및 시행령 제4조의 2의 상대 및 절대정화구역내 불허용도 불허 2) 건폐율 규제 구분 건폐율 비고 제1종일반주거지역 60% 이하 제2종일반주거지역 60% 이하 제3종일반주거지역 50% 이하 3) 용적률 규제 구분 계획용적률 비고 제3종 || 시설 변경없음 공공청사 공공청사 변경없음 ※ 단, 학교보건법상 제6조 1항 및 시행령 제4조의 2의 상대 및 절대정화구역내 불허용도 불허 2) 건폐율 규제 구분 건폐율",fill_from_candidate_source,confirmed,parent_plan_rule_only_direct_project_value_not_found,svc-20260624-0160,2026-06-24 KST,codex_manual_jmapt1_summary_review,closure_context_exact,matched,1,official_summary_value_confirmed_against_jmapt1_summary,"정보몽땅 사업개요 건축계획 표에서 건폐율 20%가 직접 확인된다. 2025-278은 잠실아파트지구 상위 규제 고시이므로, 상위 계획 건폐율 상한과 장미 사업 대표값을 분리해 사업개요 20%를 대표값으로 confirmed 처리한다.","비교표 대표값은 사업개요 20%를 유지하고, 2025-278의 제3종 일반주거지역 건폐율 상한 50% 이하는 상위 규제로만 병기",후보 출처를 열어 값·기준시점·단위를 확인한 뒤 공란 보강,project-notes/05-jmapt1.md
S5-0046,S5,23,P1,잠실/송파,송파구,5,"장미1,2,3차아파트 주택재건축정비사업 조합",조합설립인가,core_gap_field,floors,층수,fill_missing_core_fields,,8; 4; 1; 4층; 2; 7층; 3; 5,notice_key_field_snippet,data/urban/text/files/05-11000NTC202505290003-05-11000NTC202505290003-notice_file-서울특별시_제2025-278호_고시.txt,data/urban/text/files/05-11000NTC202505290003-05-11000NTC202505290003-notice_file-서울특별시_제2025-278호_고시.txt,"으로 민간이 기부채납하는 용지 - 8 - 4) 건축물의 높이 구분 건축물의 높이 비고 제1종일반주거지역 4층 이하 제2종일반주거지역 7층 이하 제3종일반주거지역 층수제한 없음 ※ 사업시행단위별 건축물 높이는 사업시행인가전 서울시 건축위원회 심의결과에 따름 5) 공동주택과 이격거리 ○ 공동주택간의 인동거리는 관계법령에 따름 6 || 주구중심 2-2 주구중심 3주구중심 4주구중심 5주구중심 면적 - 22,180.5 3,014.3 - - - (㎡) 비고 1주구 2주구 3주구 4주구 5주구 2) 층수 :",fill_from_candidate_source,confirmed,parent_plan_rule_only_direct_project_value_not_found,svc-20260624-0161,2026-06-24 KST,codex_manual_jmapt1_summary_review,closure_context_exact,matched,1,official_summary_value_confirmed_against_jmapt1_summary,정보몽땅 사업개요 건축계획 표에서 층수 지상35/지하2가 직접 확인된다. 2025-278의 높이 규제 문맥은 상위 지구 규칙이므로 장미 사업 대표 층수는 사업개요 값을 기준으로 confirmed 처리한다.,"비교표 대표값은 사업개요 지상35/지하2를 유지하고, 2025-278의 층수 제한 규칙은 상위 계획 규제로만 병기",후보 출처를 열어 값·기준시점·단위를 확인한 뒤 공란 보강,project-notes/05-jmapt1.md
S5-0047,S5,23,P1,잠실/송파,송파구,5,"장미1,2,3차아파트 주택재건축정비사업 조합",조합설립인가,core_gap_field,max_height_m,최고높이,fill_missing_core_fields,,8; 4; 1; 4층; 2; 7층; 3; 5,notice_key_field_snippet,data/urban/text/files/05-11000NTC202505290003-05-11000NTC202505290003-notice_file-서울특별시_제2025-278호_고시.txt,data/urban/text/files/05-11000NTC202505290003-05-11000NTC202505290003-notice_file-서울특별시_제2025-278호_고시.txt,"으로 민간이 기부채납하는 용지 - 8 - 4) 건축물의 높이 구분 건축물의 높이 비고 제1종일반주거지역 4층 이하 제2종일반주거지역 7층 이하 제3종일반주거지역 층수제한 없음 ※ 사업시행단위별 건축물 높이는 사업시행인가전 서울시 건축위원회 심의결과에 따름 5) 공동주택과 이격거리 ○ 공동주택간의 인동거리는 관계법령에 따름 6 || 주구중심 2-2 주구중심 3주구중심 4주구중심 5주구중심 면적 - 22,180.5 3,014.3 - - - (㎡) 비고 1주구 2주구 3주구 4주구 5주구 2) 층수 :",fill_from_candidate_source,confirmed,record_official_source_checked_no_public_value,svc-20260624-0162,2026-06-24 KST,codex_closure_triage_seed,closure_context_exact,matched,1,official_sources_checked_but_no_public_value_exposed_in_current_stage_materials,"2026-06-24 확인 기준 정보몽땅 사업개요 건축계획 표는 건폐율 20%, 용적률 240%, 층수 지상35/지하2는 보이지만 최고높이 칸 값은 텍스트 추출과 공개 화면에서 직접 확인되지 않는다. 2025-278은 잠실아파트지구 상위 규제 고시여서 장미 사업 대표 최고높이를 직접 보강하지 못하므로 checked-no-public-value 상태로 닫는다.",사업개요 표 원본이나 후속 정비계획·사업시행 원문에서 최고높이가 직접 공개되면 reopened,후보 출처를 열어 값·기준시점·단위를 확인한 뒤 공란 보강,project-notes/05-jmapt1.md
S5-0048,S5,23,P1,잠실/송파,송파구,5,"장미1,2,3차아파트 주택재건축정비사업 조합",조합설립인가,core_gap_field,total_households,총 세대수,fill_missing_core_fields,,7; 1; 1; 1; 2; 4층; 2; 7층,notice_key_field_snippet,data/urban/text/files/05-11000NTC202505290003-05-11000NTC202505290003-notice_file-서울특별시_제2025-278호_고시.txt,data/urban/text/files/05-11000NTC202505290003-05-11000NTC202505290003-notice_file-서울특별시_제2025-278호_고시.txt,"함 - 7 - 라. 건축물 관련계획(변경) ※ 금회 아파트지구 변경(제척) 후 존치 범위에 해당하지 않는 사항은 삭제함 1) 용도 건축범위 구분 비고 기정 변경 공동주택, 어린이놀이터, 운동시설(건축물을 수반하는 운동시설은 주택용지 제외한다), 유치원, 탁아소, 경로당, 공동주택 관리용시설, 공급처리시설, 변경없음 사회복지관, || 삭제함 1) 용도 건축범위 구분 비고 기정 변경 공동주택, 어린이놀이터, 운동시설(건축물을 수반하는 운동시설은 주택용지 제외한다), 유치원, 탁아소, 경로당, 공동주택",fill_from_candidate_source,confirmed,official_layer_candidate_keep_deferred,svc-20260624-0163,2026-06-24 KST,codex_manual_jmapt1_business_layer_boundary_review,closure_context_exact,matched,1,manual_jmapt1_business_layer_candidate_review_with_summary_gap,"서울도시공간포털 current business presentSn 11710UQ120PS202604100002는 공급/임대 세대수 5,105 / 551을 보여주지만, 정보몽땅 사업개요 주택공급계획 공개화면은 텍스트 열이 깨져 총 세대수를 직접 확인하지 못하고 2025-278도 사업별 공급계획 원문이 아니다. 따라서 5,105는 official layer candidate로 기록하되 total_households 공식값 공란은 notice/summary cross-check 전까지 보강하지 않고 deferred 규칙으로 닫는다.","정보몽땅 사업개요 표 원본 HTML이나 직접 고시/사업시행 원문에서 총 세대수를 다시 cross-check하면 layer candidate 5,105 승격 여부를 재검토한다",후보 출처를 열어 값·기준시점·단위를 확인한 뒤 공란 보강,project-notes/05-jmapt1.md
S5-0049,S5,23,P1,잠실/송파,송파구,5,"장미1,2,3차아파트 주택재건축정비사업 조합",조합설립인가,core_gap_field,management_approval_date,관리처분인가일,fill_missing_core_fields,,,,data/urban/text/files/05-11000NTC202505290003-05-11000NTC202505290003-notice_file-서울특별시_제2025-278호_고시.txt,,"P0 2024-06-14 소규모 지하안전평가 및 지하철영향성 검토, 도로설계 협력업체 선정 입찰 공고 / P0 2025-10-27 교육환경영향평가 협력업체 선정 입찰 공고 / P0 2025-09-09 우수박스 이설 설계 협력업체 선정 입찰 공고",defer_stage_not_applicable,deferred,defer,svc-20260624-0164,2026-06-24 KST,codex_closure_triage_seed,closure_context_exact,matched,1,derived_from_existing_s1_s5_workbooks_and_review_logs,현재 사업 단계상 아직 적용 전인 필드라 deferred로 두고 단계 전환 시 재개,단계 변경 감시표에서 해당 사업장 단계가 바뀌면 다시 열기,현재 단계상 아직 발생 전인 값으로 두고 단계 변경 때 재평가,project-notes/05-jmapt1.md
S5-0050,S5,23,P1,잠실/송파,송파구,5,"장미1,2,3차아파트 주택재건축정비사업 조합",조합설립인가,core_gap_field,management_construction_cost,관리처분 공사비,fill_missing_core_fields,,,,data/urban/text/files/05-11000NTC202505290003-05-11000NTC202505290003-notice_file-서울특별시_제2025-278호_고시.txt,,"P0 2024-06-14 소규모 지하안전평가 및 지하철영향성 검토, 도로설계 협력업체 선정 입찰 공고 / P0 2025-10-27 교육환경영향평가 협력업체 선정 입찰 공고 / P0 2025-09-09 우수박스 이설 설계 협력업체 선정 입찰 공고",defer_stage_not_applicable,deferred,defer,svc-20260624-0165,2026-06-24 KST,codex_closure_triage_seed,closure_context_exact,matched,1,derived_from_existing_s1_s5_workbooks_and_review_logs,현재 사업 단계상 아직 적용 전인 필드라 deferred로 두고 단계 전환 시 재개,단계 변경 감시표에서 해당 사업장 단계가 바뀌면 다시 열기,현재 단계상 아직 발생 전인 값으로 두고 단계 변경 때 재평가,project-notes/05-jmapt1.md
S5-0051,S5,23,P1,잠실/송파,송파구,5,"장미1,2,3차아파트 주택재건축정비사업 조합",조합설립인가,core_gap_field,project_approval_date,사업시행인가일,fill_missing_core_fields,,,,data/urban/text/files/05-11000NTC202505290003-05-11000NTC202505290003-notice_file-서울특별시_제2025-278호_고시.txt,,"P0 2024-06-14 소규모 지하안전평가 및 지하철영향성 검토, 도로설계 협력업체 선정 입찰 공고 / P0 2025-10-27 교육환경영향평가 협력업체 선정 입찰 공고 / P0 2025-09-09 우수박스 이설 설계 협력업체 선정 입찰 공고",defer_stage_not_applicable,deferred,defer,svc-20260624-0166,2026-06-24 KST,codex_closure_triage_seed,closure_context_exact,matched,1,derived_from_existing_s1_s5_workbooks_and_review_logs,현재 사업 단계상 아직 적용 전인 필드라 deferred로 두고 단계 전환 시 재개,단계 변경 감시표에서 해당 사업장 단계가 바뀌면 다시 열기,현재 단계상 아직 발생 전인 값으로 두고 단계 변경 때 재평가,project-notes/05-jmapt1.md
S5-0052,S5,25,P1,잠실/송파,송파구,9,잠실우성4차 주택재건축정비사업조합,관리처분인가,core_gap_field,promotion_committee_approval_date,추진위원회 승인일,promote_snippets_to_confirmed_values,,,,data/urban/text/files/09-11000NTC201707068193-09-11000NTC201707068193-notice_file-서울특별시2017-239.txt,,P0 2026-03-25 이주비 대출을 위한 금융기관 선정 입찰 공고문 / P0 2025-12-24 명도소송 관련 업무를 위한 협력업체(변호사 등) 선정 입찰공고 / P0 2025-11-18 범죄예방 및 이주관리를 위한 협력업체 선정 입찰공고,missing_no_candidate,confirmed,official_progress_date_confirmed_with_caveat,svc-20260624-0167,2026-06-24 KST,codex_closure_triage_seed,closure_context_exact,matched,1,derived_from_existing_s1_s5_workbooks_and_review_logs,"정보몽땅 추진경과 HTML에서 조합설립추진위원회승인 2009-12-07과 동의율 62.77이 직접 확인돼 confirmed 처리하되, 표시가 '(변경)승인'이라 최초 승인일과 변경 승인일 분리는 보조 주석으로 유지","confirmed 값 2009-12-07은 사업별 메모와 비교표에 반영하고, 최초 승인일 분리가 필요할 때만 별도 원인가 공문을 추가 확인",현재 로컬 후보가 없으므로 공식 원문/정보몽땅/자치구 공고를 추가 검색,project-notes/09-tw2w7iwv.md
S5-0053,S5,25,P1,잠실/송파,송파구,9,잠실우성4차 주택재건축정비사업조합,관리처분인가,core_gap_field,stage_consent_rate_pct,단계 공개 동의율,promote_snippets_to_confirmed_values,,97.9695%,management_stage_public_doc,data/urban/text/files/09-11000NTC201707068193-09-11000NTC201707068193-notice_file-서울특별시2017-239.txt,https://cleanup.seoul.go.kr/service/opendata/cafeOthbc/vscrCafe.do?cafeId=710900000108s28&othbcIemSn=202,사업시행계획서(인가) 사업(시행ㆍ변경ㆍ중지ㆍ폐지)인가서 공개항목에서 후보값 확인,fill_from_candidate_source,confirmed,management_stage_public_doc_consent_confirmed,svc-20260624-0168,2026-06-24 KST,codex_closure_triage_seed,closure_context_exact,matched,1,derived_from_existing_s1_s5_workbooks_and_review_logs,사업시행인가 공개항목 HTML과 추진경과 HTML 모두 2023-08-31 (변경)인가고시 동의율 97.9695%를 표시해 단계 공개 동의율을 confirmed 처리,"confirmed 값 97.9695%를 사업시행인가 기준값으로 유지하고, 관리처분 단계 동의율은 별도 공개 전까지 추가 추정하지 않음",후보 출처를 열어 값·기준시점·단위를 확인한 뒤 공란 보강,project-notes/09-tw2w7iwv.md
S5-0054,S5,25,P1,잠실/송파,송파구,9,잠실우성4차 주택재건축정비사업조합,관리처분인가,core_gap_field,total_households,총 세대수,resolve_stage_value_conflict,732,732,cleanup_project_summary,analysis/management-stage-value-resolution.md; analysis/management-stage-fact-check.md; data/urban/text/files/09-11000NTC201707068193-09-11000NTC201707068193-notice_file-서울특별시2017-239.txt,https://cleanup.seoul.go.kr/cafe/mastr-cleanup-bsnsSumry/execute.do?cafeId=710900000108s28&stepSeCode=102&div=sumry,정보몽땅 사업개요 구조화 값,record_by_source_date,confirmed,source_date_split_official_summary_and_notice_values,svc-20260624-0288,2026-06-24 KST,codex_manual_woosung4_s5_followup_review,closure_context_exact,matched,1,derived_from_existing_s1_s5_workbooks_and_review_logs,총 세대수는 사업개요 현재값 732세대와 2017 고시 916세대를 시점별로 병기하는 방식이 이미 로컬 해소표에 정리돼 있어 confirmed/source_date_split로 닫음,대표값은 사업개요 732세대를 유지하고 고시 916세대는 시점별 참고값으로 병기,고시·사업시행·관리처분 기준값을 시점별 열로 분리,project-notes/09-tw2w7iwv.md
S5-0055,S5,25,P1,잠실/송파,송파구,9,잠실우성4차 주택재건축정비사업조합,관리처분인가,core_gap_field,building_coverage_ratio_pct,건폐율,promote_snippets_to_confirmed_values,25,25,cleanup_project_summary,analysis/management-stage-value-resolution.md; analysis/management-stage-fact-check.md; data/urban/text/files/09-11000NTC201707068193-09-11000NTC201707068193-notice_file-서울특별시2017-239.txt,https://cleanup.seoul.go.kr/cafe/mastr-cleanup-bsnsSumry/execute.do?cafeId=710900000108s28&stepSeCode=102&div=sumry,정보몽땅 사업개요 구조화 값,record_by_source_date,confirmed,source_date_split,svc-20260624-0170,2026-06-24 KST,codex_closure_triage_seed,closure_context_exact,matched,1,derived_from_existing_s1_s5_workbooks_and_review_logs,건폐율은 사업개요 현재값 25%와 2017 고시 30%를 시점별로 병기하는 방식이 이미 로컬 해소표에 정리돼 있어 confirmed/source_date_split로 닫음,대표값은 사업개요 25%를 유지하고 2017 고시 30%는 시점별 참고값으로 병기,고시·사업시행·관리처분 기준값을 시점별 열로 분리,project-notes/09-tw2w7iwv.md
S5-0056,S5,25,P1,잠실/송파,송파구,9,잠실우성4차 주택재건축정비사업조합,관리처분인가,core_gap_field,district_area_sqm,정비구역 면적,promote_snippets_to_confirmed_values,"31,961.1","31,961.1",cleanup_project_summary,analysis/management-stage-value-resolution.md; analysis/management-stage-fact-check.md; data/urban/text/files/09-11000NTC201707068193-09-11000NTC201707068193-notice_file-서울특별시2017-239.txt,https://cleanup.seoul.go.kr/cafe/mastr-cleanup-bsnsSumry/execute.do?cafeId=710900000108s28&stepSeCode=102&div=sumry,정보몽땅 사업개요 구조화 값,record_by_source_date,confirmed,source_date_split,svc-20260624-0171,2026-06-24 KST,codex_closure_triage_seed,closure_context_exact,matched,1,derived_from_existing_s1_s5_workbooks_and_review_logs,"정비구역 면적은 사업개요 현재값 31,961.1㎡와 2017 고시 31,630.5㎡를 시점별로 병기하는 방식이 이미 로컬 해소표에 정리돼 있어 confirmed/source_date_split로 닫음","대표값은 사업개요 31,961.1㎡를 유지하고 2017 고시 31,630.5㎡는 시점별 참고값으로 병기",고시·사업시행·관리처분 기준값을 시점별 열로 분리,project-notes/09-tw2w7iwv.md
S5-0057,S5,25,P1,잠실/송파,송파구,9,잠실우성4차 주택재건축정비사업조합,관리처분인가,core_gap_field,floor_area_ratio_pct,용적률,resolve_stage_value_conflict,300,300,cleanup_project_summary,analysis/management-stage-value-resolution.md; analysis/management-stage-fact-check.md; data/urban/text/files/09-11000NTC201707068193-09-11000NTC201707068193-notice_file-서울특별시2017-239.txt,https://cleanup.seoul.go.kr/cafe/mastr-cleanup-bsnsSumry/execute.do?cafeId=710900000108s28&stepSeCode=102&div=sumry,정보몽땅 사업개요 구조화 값,already_resolved,confirmed,confirm,svc-20260624-0289,2026-06-24 KST,codex_manual_woosung4_s5_followup_review,closure_context_exact,matched,1,derived_from_existing_s1_s5_workbooks_and_review_logs,기존 수동 OCR 판정 또는 관리처분 공개항목 해소표에서 현재값을 확인한 항목으로 1차 confirmed 처리,confirmed 항목은 핵심 수치 장부/사업별 메모에 반영 여부를 점검,이미 관리처분/공개항목 대조로 해소된 값은 사업별 메모와 비교표 주석에 반영,project-notes/09-tw2w7iwv.md
S5-0058,S5,25,P1,잠실/송파,송파구,9,잠실우성4차 주택재건축정비사업조합,관리처분인가,core_gap_field,management_approval_date,관리처분인가일,resolve_stage_value_conflict,2025-12-31,2025-12-31,management_stage_public_doc,analysis/management-stage-value-resolution.md; analysis/management-stage-fact-check.md; data/urban/text/files/09-11000NTC201707068193-09-11000NTC201707068193-notice_file-서울특별시2017-239.txt,https://cleanup.seoul.go.kr/service/opendata/cafeOthbc/vscrCafe.do?cafeId=710900000108s28&othbcIemSn=213,관리처분계획서(인가) 관리처분계획인가(변경ㆍ중지ㆍ폐지인가)서 공개항목에서 후보값 확인,already_resolved,confirmed,confirm,svc-20260624-0173,2026-06-24 KST,codex_closure_triage_seed,closure_context_exact,matched,1,derived_from_existing_s1_s5_workbooks_and_review_logs,기존 수동 OCR 판정 또는 관리처분 공개항목 해소표에서 현재값을 확인한 항목으로 1차 confirmed 처리,confirmed 항목은 핵심 수치 장부/사업별 메모에 반영 여부를 점검,이미 관리처분/공개항목 대조로 해소된 값은 사업별 메모와 비교표 주석에 반영,project-notes/09-tw2w7iwv.md
S5-0059,S5,25,P1,잠실/송파,송파구,9,잠실우성4차 주택재건축정비사업조합,관리처분인가,core_gap_field,project_approval_date,사업시행인가일,resolve_stage_value_conflict,2023-08-31,2023-08-31,management_stage_public_doc,analysis/management-stage-value-resolution.md; analysis/management-stage-fact-check.md; data/urban/text/files/09-11000NTC201707068193-09-11000NTC201707068193-notice_file-서울특별시2017-239.txt,https://cleanup.seoul.go.kr/service/opendata/cafeOthbc/vscrCafe.do?cafeId=710900000108s28&othbcIemSn=202,사업시행계획서(인가) 사업(시행ㆍ변경ㆍ중지ㆍ폐지)인가서 공개항목에서 후보값 확인,already_resolved,confirmed,confirm,svc-20260624-0174,2026-06-24 KST,codex_closure_triage_seed,closure_context_exact,matched,1,derived_from_existing_s1_s5_workbooks_and_review_logs,기존 수동 OCR 판정 또는 관리처분 공개항목 해소표에서 현재값을 확인한 항목으로 1차 confirmed 처리,confirmed 항목은 핵심 수치 장부/사업별 메모에 반영 여부를 점검,이미 관리처분/공개항목 대조로 해소된 값은 사업별 메모와 비교표 주석에 반영,project-notes/09-tw2w7iwv.md
S5-0060,S5,25,P1,잠실/송파,송파구,9,잠실우성4차 주택재건축정비사업조합,관리처분인가,core_gap_field,floors,층수,promote_snippets_to_confirmed_values,지상:32/지하:4,지상:32/지하:4,cleanup_project_summary,analysis/management-stage-value-resolution.md; analysis/management-stage-fact-check.md; data/urban/text/files/09-11000NTC201707068193-09-11000NTC201707068193-notice_file-서울특별시2017-239.txt,https://cleanup.seoul.go.kr/cafe/mastr-cleanup-bsnsSumry/execute.do?cafeId=710900000108s28&stepSeCode=102&div=sumry,정보몽땅 사업개요 구조화 값,already_resolved,confirmed,confirm,svc-20260624-0175,2026-06-24 KST,codex_closure_triage_seed,closure_context_exact,matched,1,derived_from_existing_s1_s5_workbooks_and_review_logs,기존 수동 OCR 판정 또는 관리처분 공개항목 해소표에서 현재값을 확인한 항목으로 1차 confirmed 처리,confirmed 항목은 핵심 수치 장부/사업별 메모에 반영 여부를 점검,이미 관리처분/공개항목 대조로 해소된 값은 사업별 메모와 비교표 주석에 반영,project-notes/09-tw2w7iwv.md
S5-0061,S5,25,P1,잠실/송파,송파구,9,잠실우성4차 주택재건축정비사업조합,관리처분인가,core_gap_field,max_height_m,최고높이,promote_snippets_to_confirmed_values,100,100,cleanup_project_summary,data/urban/text/files/09-11000NTC201707068193-09-11000NTC201707068193-notice_file-서울특별시2017-239.txt,https://cleanup.seoul.go.kr/cafe/mastr-cleanup-bsnsSumry/execute.do?cafeId=710900000108s28&stepSeCode=102&div=sumry,정보몽땅 사업개요 구조화 값,confirm_structured_value,confirmed,source_date_split,svc-20260624-0176,2026-06-24 KST,codex_closure_triage_seed,closure_context_exact,matched,1,derived_from_existing_s1_s5_workbooks_and_review_logs,최고높이는 정보몽땅 사업개요 현재값 100m와 제2017-239호 고시 높이계획 101m 이하를 같은 기준으로 합치지 않고 시점별 참고값으로 병기하는 방식으로 confirmed/source_date_split 처리,대표값은 사업개요 100m를 유지하고 2017 고시 101m 이하는 시점별 참고값으로 병기,이미 구조화된 값이 원문과 같은지 확인하고 confirmed 처리,project-notes/09-tw2w7iwv.md
S5-0062,S5,25,P1,잠실/송파,송파구,9,잠실우성4차 주택재건축정비사업조합,관리처분인가,core_gap_field,notice_date,고시일,promote_snippets_to_confirmed_values,2017-07-06,2017-07-06,project_comparison_matrix,data/urban/text/files/09-11000NTC201707068193-09-11000NTC201707068193-notice_file-서울특별시2017-239.txt,data/urban/text/files/09-11000NTC201707068193-09-11000NTC201707068193-notice_file-서울특별시2017-239.txt,비교 매트릭스의 현재 구조화 값,confirm_structured_value,confirmed,urban_notice_metadata_confirmed,svc-20260624-0177,2026-06-24 KST,codex_closure_triage_seed,closure_context_exact,matched,1,derived_from_existing_s1_s5_workbooks_and_review_logs,서울도시공간포털 notice text manifest와 사업별 메모가 고시일 2017-07-06을 일치하게 보여 confirmed 처리,"confirmed 고시일은 비교표 현재값으로 유지하고, 원문 본문 날짜 줄 재추출은 필요 시만 수행",이미 구조화된 값이 원문과 같은지 확인하고 confirmed 처리,project-notes/09-tw2w7iwv.md
S5-0063,S5,25,P1,잠실/송파,송파구,9,잠실우성4차 주택재건축정비사업조합,관리처분인가,core_gap_field,notice_no,고시번호,promote_snippets_to_confirmed_values,2017-239,2017-239,project_comparison_matrix,data/urban/text/files/09-11000NTC201707068193-09-11000NTC201707068193-notice_file-서울특별시2017-239.txt,data/urban/text/files/09-11000NTC201707068193-09-11000NTC201707068193-notice_file-서울특별시2017-239.txt,비교 매트릭스의 현재 구조화 값,confirm_structured_value,confirmed,direct_notice_title_confirmed,svc-20260624-0178,2026-06-24 KST,codex_closure_triage_seed,closure_context_exact,matched,1,derived_from_existing_s1_s5_workbooks_and_review_logs,고시 원문 제목부의 '서울특별시고시 제2017-239호'가 직접 확인돼 고시번호 2017-239를 confirmed 처리,"confirmed 고시번호는 비교표 현재값으로 유지하고, 서울도시공간포털 noticeCode와 함께 사업별 메모에 연결 상태를 유지",이미 구조화된 값이 원문과 같은지 확인하고 confirmed 처리,project-notes/09-tw2w7iwv.md
S5-0064,S5,26,P1,강남,강남구,10,압구정아파트지구 특별계획구역③ 재건축정비사업 조합,조합설립인가,core_gap_field,building_coverage_ratio_pct,건폐율,crosscheck_cost_infrastructure,50,50,cleanup_project_summary,data/cleanup/files/apgujeong3-official/summary-20260623.html,https://cleanup.seoul.go.kr/cafe/mastr-cleanup-bsnsSumry/execute.do?cafeId=680900000675S91&stepSeCode=102&div=sumry,정보몽땅 사업개요 구조화 값,confirm_structured_value,confirmed,confirm_structured_value,svc-20260624-0179,2026-06-24 KST,codex_closure_triage_seed,closure_context_exact,matched,1,official_summary_value_confirmed_against_local_saved_summary_and_apgujeong3_resolution_note,정보몽땅 사업개요 건축계획 표에서 건폐율 50%가 직접 확인된다. 2023-516 고시는 아파트지구 전체 계획 고시라 사업장 대표 수치는 공식 사업개요를 기준으로 유지한다.,confirmed 유지,이미 구조화된 값이 원문과 같은지 확인하고 confirmed 처리,project-notes/10-apgujeong3.md
S5-0065,S5,26,P1,강남,강남구,10,압구정아파트지구 특별계획구역③ 재건축정비사업 조합,조합설립인가,core_gap_field,floors,층수,crosscheck_cost_infrastructure,지상:65/지하:3,지상:65/지하:3,cleanup_project_summary,data/cleanup/files/apgujeong3-official/summary-20260623.html,https://cleanup.seoul.go.kr/cafe/mastr-cleanup-bsnsSumry/execute.do?cafeId=680900000675S91&stepSeCode=102&div=sumry,정보몽땅 사업개요 구조화 값,confirm_structured_value,confirmed,confirm_structured_value,svc-20260624-0180,2026-06-24 KST,codex_manual_apgujeong3_summary_review,closure_context_exact,matched,1,official_summary_value_confirmed_against_local_saved_summary_and_apgujeong3_resolution_note,정보몽땅 사업개요 건축계획 표에서 층수 지상65/지하3이 직접 확인된다.,confirmed 유지,이미 구조화된 값이 원문과 같은지 확인하고 confirmed 처리,project-notes/10-apgujeong3.md
S5-0066,S5,26,P1,강남,강남구,10,압구정아파트지구 특별계획구역③ 재건축정비사업 조합,조합설립인가,core_gap_field,max_height_m,최고높이,crosscheck_cost_infrastructure,250,250,cleanup_project_summary,data/cleanup/files/apgujeong3-official/summary-20260623.html,https://cleanup.seoul.go.kr/cafe/mastr-cleanup-bsnsSumry/execute.do?cafeId=680900000675S91&stepSeCode=102&div=sumry,정보몽땅 사업개요 구조화 값,confirm_structured_value,confirmed,confirm_structured_value,svc-20260624-0181,2026-06-24 KST,codex_manual_apgujeong3_summary_review,closure_context_exact,matched,1,official_summary_value_confirmed_against_local_saved_summary_and_apgujeong3_resolution_note,정보몽땅 사업개요 건축계획 표에서 최고높이 250m가 직접 확인된다.,confirmed 유지,이미 구조화된 값이 원문과 같은지 확인하고 confirmed 처리,project-notes/10-apgujeong3.md
S5-0067,S5,26,P1,강남,강남구,10,압구정아파트지구 특별계획구역③ 재건축정비사업 조합,조합설립인가,core_gap_field,notice_date,고시일,promote_snippets_to_confirmed_values,2026-06-23,2026-06-23,project_comparison_matrix,data/cleanup/files/apgujeong3-official/summary-20260623.html,data/cleanup/files/apgujeong3-official/summary-20260623.html,비교 매트릭스의 현재 구조화 값,confirm_structured_value,confirmed,direct_notice_text_confirmed,svc-20260624-0182,2026-06-24 KST,codex_manual_apgujeong3_summary_review,closure_context_exact,matched,1,direct_notice_text_confirmed_from_official_summary_and_resolution_note,현재 연결된 공식 사업개요와 판정 로그에서 고시일 2023-11-23을 유지 확인했다.,confirmed 유지,이미 구조화된 값이 원문과 같은지 확인하고 confirmed 처리,project-notes/10-apgujeong3.md
S5-0068,S5,26,P1,강남,강남구,10,압구정아파트지구 특별계획구역③ 재건축정비사업 조합,조합설립인가,core_gap_field,notice_no,고시번호,promote_snippets_to_confirmed_values,정보몽땅 사업개요,정보몽땅 사업개요,project_comparison_matrix,data/cleanup/files/apgujeong3-official/summary-20260623.html,data/cleanup/files/apgujeong3-official/summary-20260623.html,비교 매트릭스의 현재 구조화 값,confirm_structured_value,confirmed,direct_notice_title_confirmed,svc-20260624-0183,2026-06-24 KST,codex_manual_apgujeong3_summary_review,closure_context_exact,matched,1,direct_notice_title_confirmed_from_official_summary_and_resolution_note,현재 연결된 공식 사업개요와 판정 로그에서 고시번호 2023-516을 유지 확인했다.,confirmed 유지,이미 구조화된 값이 원문과 같은지 확인하고 confirmed 처리,project-notes/10-apgujeong3.md
S5-0069,S5,26,P1,강남,강남구,10,압구정아파트지구 특별계획구역③ 재건축정비사업 조합,조합설립인가,core_gap_field,district_area_sqm,정비구역 면적,promote_snippets_to_confirmed_values,"400,633.2","400,633.2",cleanup_project_summary,data/cleanup/files/apgujeong3-official/summary-20260623.html,https://cleanup.seoul.go.kr/cafe/mastr-cleanup-bsnsSumry/execute.do?cafeId=680900000675S91&stepSeCode=102&div=sumry,정보몽땅 사업개요 구조화 값,promote_notice_snippet,confirmed,official_summary_value_confirmed,svc-20260624-0184,2026-06-24 KST,codex_manual_apgujeong3_summary_review,closure_context_exact,matched,1,official_summary_value_confirmed_against_local_saved_summary_and_apgujeong3_resolution_note,"정보몽땅 사업개요에서 정비구역 면적 400,633.2㎡가 직접 확인된다.",confirmed 유지,원문 스니펫의 숫자·단위·행 제목을 확인해 confirmed/pending/conflict 결정,project-notes/10-apgujeong3.md
S5-0070,S5,26,P1,강남,강남구,10,압구정아파트지구 특별계획구역③ 재건축정비사업 조합,조합설립인가,core_gap_field,floor_area_ratio_pct,용적률,promote_snippets_to_confirmed_values,300,300,cleanup_project_summary,data/cleanup/files/apgujeong3-official/summary-20260623.html,https://cleanup.seoul.go.kr/cafe/mastr-cleanup-bsnsSumry/execute.do?cafeId=680900000675S91&stepSeCode=102&div=sumry,정보몽땅 사업개요 구조화 값,promote_notice_snippet,confirmed,confirm_structured_value,svc-20260624-0185,2026-06-24 KST,codex_manual_apgujeong3_summary_review,closure_context_exact,matched,1,official_summary_value_confirmed_against_local_saved_summary_and_apgujeong3_resolution_note,정보몽땅 사업개요 건축계획 표에서 용적률 300%가 직접 확인된다.,confirmed 유지,원문 스니펫의 숫자·단위·행 제목을 확인해 confirmed/pending/conflict 결정,project-notes/10-apgujeong3.md
S5-0071,S5,26,P1,강남,강남구,10,압구정아파트지구 특별계획구역③ 재건축정비사업 조합,조합설립인가,core_gap_field,total_households,총 세대수,promote_snippets_to_confirmed_values,"5,175","5,175",project_comparison_matrix,data/cleanup/files/apgujeong3-official/summary-20260623.html,data/cleanup/files/apgujeong3-official/summary-20260623.html,비교 매트릭스의 현재 구조화 값,promote_notice_snippet,confirmed,confirm_structured_value,svc-20260624-0186,2026-06-24 KST,codex_manual_apgujeong3_summary_review,closure_context_exact,matched,1,official_summary_and_public_item_cross_checked_for_total_households,"정보몽땅 사업개요의 분양 4,534세대와 임대 641세대 합계 5,175세대가 지하차도 설계 입찰지침서의 공동주택 5,175세대와 교차 확인된다.",confirmed 유지,원문 스니펫의 숫자·단위·행 제목을 확인해 confirmed/pending/conflict 결정,project-notes/10-apgujeong3.md
S5-0072,S5,26,P1,강남,강남구,10,압구정아파트지구 특별계획구역③ 재건축정비사업 조합,조합설립인가,core_gap_field,management_approval_date,관리처분인가일,promote_snippets_to_confirmed_values,,,,data/cleanup/files/apgujeong3-official/summary-20260623.html,,"P0 2025-12-30 지하차도(소로 1-A, 중로 1-C) 설계 용역업체 선정 입찰공고 / P0 2025-12-30 소방설계 용역업체 선정 입찰공고 / P0 2025-12-30 환경영향평가 용역업체 선정 입찰공고",defer_stage_not_applicable,deferred,defer_stage_not_applicable,svc-20260624-0187,2026-06-24 KST,codex_manual_apgujeong3_summary_review,closure_context_exact,matched,1,current_project_stage_is_union_approval_so_management_stage_not_applicable_yet,현재 공개 단계가 조합설립인가이므로 관리처분인가일은 아직 적용 전 필드다. 단계 전환 전까지 deferred로 둔다.,단계 변경 감시표에서 관리처분인가 단계 진입 시 재개,현재 단계상 아직 발생 전인 값으로 두고 단계 변경 때 재평가,project-notes/10-apgujeong3.md
S5-0073,S5,26,P1,강남,강남구,10,압구정아파트지구 특별계획구역③ 재건축정비사업 조합,조합설립인가,core_gap_field,management_construction_cost,관리처분 공사비,promote_snippets_to_confirmed_values,,,,data/cleanup/files/apgujeong3-official/summary-20260623.html,,"P0 2025-12-30 지하차도(소로 1-A, 중로 1-C) 설계 용역업체 선정 입찰공고 / P0 2025-12-30 소방설계 용역업체 선정 입찰공고 / P0 2025-12-30 환경영향평가 용역업체 선정 입찰공고",defer_stage_not_applicable,deferred,defer_stage_not_applicable,svc-20260624-0188,2026-06-24 KST,codex_manual_apgujeong3_summary_review,closure_context_exact,matched,1,current_project_stage_is_union_approval_so_management_stage_not_applicable_yet,현재 공개 단계가 조합설립인가라 관리처분 공사비는 아직 적용 전 필드다. 단계 전환 전까지 deferred로 둔다.,단계 변경 감시표에서 관리처분인가 단계 진입 시 재개,현재 단계상 아직 발생 전인 값으로 두고 단계 변경 때 재평가,project-notes/10-apgujeong3.md
S5-0074,S5,26,P1,강남,강남구,10,압구정아파트지구 특별계획구역③ 재건축정비사업 조합,조합설립인가,core_gap_field,project_approval_date,사업시행인가일,promote_snippets_to_confirmed_values,,,,data/cleanup/files/apgujeong3-official/summary-20260623.html,,"P0 2025-12-30 지하차도(소로 1-A, 중로 1-C) 설계 용역업체 선정 입찰공고 / P0 2025-12-30 소방설계 용역업체 선정 입찰공고 / P0 2025-12-30 환경영향평가 용역업체 선정 입찰공고",defer_stage_not_applicable,deferred,defer,svc-20260624-0189,2026-06-24 KST,codex_closure_triage_seed,closure_context_exact,matched,1,derived_from_existing_s1_s5_workbooks_and_review_logs,현재 사업 단계상 아직 적용 전인 필드라 deferred로 두고 단계 전환 시 재개,단계 변경 감시표에서 해당 사업장 단계가 바뀌면 다시 열기,현재 단계상 아직 발생 전인 값으로 두고 단계 변경 때 재평가,project-notes/10-apgujeong3.md
S5-0075,S5,27,P1,구의/광진,광진구,13,자양제7구역 주택재건축정비사업 조합,조합설립인가,core_gap_field,promotion_committee_approval_date,추진위원회 승인일,promote_snippets_to_confirmed_values,,,,data/urban/text/files/13-11000NTC201808300002-13-11000NTC201808300002-notice_file-서울특별시2018-268.txt,,P0 2024-02-17 주택재건축 정비구역 지정 변경 및 지형도면 변경을 위한 추정분담금 산출 / P0 2024-01-15 주택재건축 정비구역 지정 변경 및 지형도면 변경을 위한 추정분담금 산출 / P0 2025-05-21 도시·주거환경정비 기본계획 및 정비계획(중대한) 변경 용역업체 선정 입찰 공고,missing_no_candidate,confirmed,official_progress_date_confirmed_with_caveat,svc-20260624-0190,2026-06-24 KST,codex_closure_triage_seed,closure_context_exact,matched,1,official_progress_date_confirmed_with_caveat_from_cleanup_progress,"정보몽땅 추진경과는 추진위원회승인 구간 첫 승인일을 2008-02-05, 동의율 52.15%로 표시한다. 이후 변경승인이 이어져 최초 승인일인지 변경승인 대표일인지 구분 여지는 남지만 공식 progress 값으로는 확인된다.","비교표 stage date 보강값은 2008-02-05를 유지하고, 변경승인 이력은 사업별 메모에 병기",현재 로컬 후보가 없으므로 공식 원문/정보몽땅/자치구 공고를 추가 검색,project-notes/13-jayang7.md
S5-0076,S5,27,P1,구의/광진,광진구,13,자양제7구역 주택재건축정비사업 조합,조합설립인가,core_gap_field,stage_consent_rate_pct,단계 공개 동의율,promote_snippets_to_confirmed_values,,,,data/urban/text/files/13-11000NTC201808300002-13-11000NTC201808300002-notice_file-서울특별시2018-268.txt,,P0 2024-02-17 주택재건축 정비구역 지정 변경 및 지형도면 변경을 위한 추정분담금 산출 / P0 2024-01-15 주택재건축 정비구역 지정 변경 및 지형도면 변경을 위한 추정분담금 산출 / P0 2025-05-21 도시·주거환경정비 기본계획 및 정비계획(중대한) 변경 용역업체 선정 입찰 공고,missing_no_candidate,confirmed,latest_union_approval_progress_consent_confirmed,svc-20260624-0191,2026-06-24 KST,codex_manual_jayang7_notice_review,closure_context_exact,matched,1,latest_union_approval_progress_consent_confirmed_from_cleanup_progress,정보몽땅 추진경과의 최신 조합설립인가 변경인가 항목에서 동의율 87.67%가 확인된다.,단계 공개 동의율 대표값은 87.67% 유지,현재 로컬 후보가 없으므로 공식 원문/정보몽땅/자치구 공고를 추가 검색,project-notes/13-jayang7.md
S5-0077,S5,27,P1,구의/광진,광진구,13,자양제7구역 주택재건축정비사업 조합,조합설립인가,core_gap_field,union_approval_date,조합설립인가일,promote_snippets_to_confirmed_values,,,,data/urban/text/files/13-11000NTC201808300002-13-11000NTC201808300002-notice_file-서울특별시2018-268.txt,,P0 2024-02-17 주택재건축 정비구역 지정 변경 및 지형도면 변경을 위한 추정분담금 산출 / P0 2024-01-15 주택재건축 정비구역 지정 변경 및 지형도면 변경을 위한 추정분담금 산출 / P0 2025-05-21 도시·주거환경정비 기본계획 및 정비계획(중대한) 변경 용역업체 선정 입찰 공고,missing_no_candidate,confirmed,official_progress_date_confirmed_with_caveat,svc-20260624-0192,2026-06-24 KST,codex_manual_jayang7_notice_review,closure_context_exact,matched,1,official_progress_date_confirmed_with_caveat_from_cleanup_progress,"정보몽땅 추진경과는 조합설립인가 구간 첫 인가일을 2021-10-13, 동의율 83.33%로 표시하고 이후 변경인가 이력을 별도로 보여준다. 최초 인가일/변경인가 대표일 구분 여지는 있지만 공식 progress 값으로는 확인된다.","비교표 stage date 보강값은 2021-10-13 유지, 최신 변경인가와 동의율은 사업별 메모에 병기",현재 로컬 후보가 없으므로 공식 원문/정보몽땅/자치구 공고를 추가 검색,project-notes/13-jayang7.md
S5-0078,S5,27,P1,구의/광진,광진구,13,자양제7구역 주택재건축정비사업 조합,조합설립인가,core_gap_field,building_coverage_ratio_pct,건폐율,crosscheck_cost_infrastructure,22,22,cleanup_project_summary,data/urban/text/files/13-11000NTC201808300002-13-11000NTC201808300002-notice_file-서울특별시2018-268.txt,https://cleanup.seoul.go.kr/cafe/mastr-cleanup-bsnsSumry/execute.do?cafeId=215100002002c30&stepSeCode=102&div=sumry,정보몽땅 사업개요 구조화 값,confirm_structured_value,confirmed,official_summary_and_notice_limit_split,svc-20260624-0193,2026-06-24 KST,codex_manual_jayang7_notice_review,closure_context_exact,matched,1,official_summary_and_2018_notice_limit_cross_checked,"정보몽땅 사업개요는 건폐율 22%를 표시하고, 2018-268 고시는 정비계획 건폐율 30% 이하를 직접 제시한다. 현재 사업개요 값과 고시 상한을 시점·정의 차이로 병기한다.",비교표 display_values에 사업개요 22%와 2018-268 30% 이하를 병기,이미 구조화된 값이 원문과 같은지 확인하고 confirmed 처리,project-notes/13-jayang7.md
S5-0079,S5,27,P1,구의/광진,광진구,13,자양제7구역 주택재건축정비사업 조합,조합설립인가,core_gap_field,floors,층수,crosscheck_cost_infrastructure,지상:25/지하:2,지상:25/지하:2,cleanup_project_summary,data/urban/text/files/13-11000NTC201808300002-13-11000NTC201808300002-notice_file-서울특별시2018-268.txt,https://cleanup.seoul.go.kr/cafe/mastr-cleanup-bsnsSumry/execute.do?cafeId=215100002002c30&stepSeCode=102&div=sumry,정보몽땅 사업개요 구조화 값,confirm_structured_value,confirmed,official_summary_and_notice_height_confirmed,svc-20260624-0194,2026-06-24 KST,codex_manual_jayang7_notice_review,closure_context_exact,matched,1,official_summary_and_2018_notice_height_cross_checked,정보몽땅 사업개요의 지상25/지하2와 2018-268 고시의 최고 25층 이하가 서로 부합한다. 지하2층은 사업개요 기준으로 유지한다.,confirmed 유지,이미 구조화된 값이 원문과 같은지 확인하고 confirmed 처리,project-notes/13-jayang7.md
S5-0080,S5,27,P1,구의/광진,광진구,13,자양제7구역 주택재건축정비사업 조합,조합설립인가,core_gap_field,max_height_m,최고높이,crosscheck_cost_infrastructure,75,75,cleanup_project_summary,data/urban/text/files/13-11000NTC201808300002-13-11000NTC201808300002-notice_file-서울특별시2018-268.txt,https://cleanup.seoul.go.kr/cafe/mastr-cleanup-bsnsSumry/execute.do?cafeId=215100002002c30&stepSeCode=102&div=sumry,정보몽땅 사업개요 구조화 값,confirm_structured_value,confirmed,official_summary_and_notice_height_confirmed,svc-20260624-0195,2026-06-24 KST,codex_manual_jayang7_notice_review,closure_context_exact,matched,1,official_summary_and_2018_notice_height_cross_checked,정보몽땅 사업개요 75m와 2018-268 고시 75m 이하가 일치한다.,confirmed 유지,이미 구조화된 값이 원문과 같은지 확인하고 confirmed 처리,project-notes/13-jayang7.md
S5-0081,S5,27,P1,구의/광진,광진구,13,자양제7구역 주택재건축정비사업 조합,조합설립인가,core_gap_field,notice_date,고시일,promote_snippets_to_confirmed_values,2018-08-30,2018-08-30,project_comparison_matrix,data/urban/text/files/13-11000NTC201808300002-13-11000NTC201808300002-notice_file-서울특별시2018-268.txt,data/urban/text/files/13-11000NTC201808300002-13-11000NTC201808300002-notice_file-서울특별시2018-268.txt,비교 매트릭스의 현재 구조화 값,confirm_structured_value,confirmed,urban_notice_metadata_and_progress_confirmed,svc-20260624-0196,2026-06-24 KST,codex_manual_jayang7_notice_review,closure_context_exact,matched,1,urban_notice_metadata_and_cleanup_progress_cross_checked,HWP 추출본 날짜 줄은 일부 누락되지만 서울도시공간포털 첨부 manifest와 정보몽땅 추진경과 모두 고시일 2018-08-30을 기록한다.,confirmed 유지,이미 구조화된 값이 원문과 같은지 확인하고 confirmed 처리,project-notes/13-jayang7.md
S5-0082,S5,27,P1,구의/광진,광진구,13,자양제7구역 주택재건축정비사업 조합,조합설립인가,core_gap_field,notice_no,고시번호,promote_snippets_to_confirmed_values,2018-268,2018-268,project_comparison_matrix,data/urban/text/files/13-11000NTC201808300002-13-11000NTC201808300002-notice_file-서울특별시2018-268.txt,data/urban/text/files/13-11000NTC201808300002-13-11000NTC201808300002-notice_file-서울특별시2018-268.txt,비교 매트릭스의 현재 구조화 값,confirm_structured_value,confirmed,direct_notice_title_confirmed,svc-20260624-0197,2026-06-24 KST,codex_manual_jayang7_notice_review,closure_context_exact,matched,1,direct_notice_title_confirmed_from_2018_268_hwp_text,2018-268 HWP 추출 원문 제목부에서 서울특별시고시 제2018-268호가 직접 확인된다.,confirmed 유지,이미 구조화된 값이 원문과 같은지 확인하고 confirmed 처리,project-notes/13-jayang7.md
S5-0083,S5,27,P1,구의/광진,광진구,13,자양제7구역 주택재건축정비사업 조합,조합설립인가,core_gap_field,district_area_sqm,정비구역 면적,promote_snippets_to_confirmed_values,"44,658.5","44,658.5",cleanup_project_summary,data/urban/text/files/13-11000NTC201808300002-13-11000NTC201808300002-notice_file-서울특별시2018-268.txt,https://cleanup.seoul.go.kr/cafe/mastr-cleanup-bsnsSumry/execute.do?cafeId=215100002002c30&stepSeCode=102&div=sumry,정보몽땅 사업개요 구조화 값,promote_notice_snippet,confirmed,direct_notice_and_summary_value_confirmed,svc-20260624-0198,2026-06-24 KST,codex_manual_jayang7_notice_review,closure_context_exact,matched,1,direct_notice_and_cleanup_summary_value_confirmed,"2018-268 고시 정비구역 지정조서와 정보몽땅 사업개요 모두 정비구역 면적 44,658.5㎡를 보여준다.",confirmed 유지,원문 스니펫의 숫자·단위·행 제목을 확인해 confirmed/pending/conflict 결정,project-notes/13-jayang7.md
S5-0084,S5,27,P1,구의/광진,광진구,13,자양제7구역 주택재건축정비사업 조합,조합설립인가,core_gap_field,floor_area_ratio_pct,용적률,promote_snippets_to_confirmed_values,247,247,cleanup_project_summary,data/urban/text/files/13-11000NTC201808300002-13-11000NTC201808300002-notice_file-서울특별시2018-268.txt,https://cleanup.seoul.go.kr/cafe/mastr-cleanup-bsnsSumry/execute.do?cafeId=215100002002c30&stepSeCode=102&div=sumry,정보몽땅 사업개요 구조화 값,promote_notice_snippet,confirmed,match_or_rounding_notice_legal_cap,svc-20260624-0199,2026-06-24 KST,codex_manual_jayang7_notice_review,closure_context_exact,matched,1,official_summary_matches_or_rounds_2018_notice_legal_cap,정보몽땅 사업개요 247%는 2018-268 고시 예정 법적상한용적률 246.64% 이하의 반올림 대표값으로 해석할 수 있다.,비교표 display_values에 사업개요 247%와 고시 예정 법적상한 246.64% 이하를 병기,원문 스니펫의 숫자·단위·행 제목을 확인해 confirmed/pending/conflict 결정,project-notes/13-jayang7.md
S5-0085,S5,27,P1,구의/광진,광진구,13,자양제7구역 주택재건축정비사업 조합,조합설립인가,core_gap_field,total_households,총 세대수,promote_snippets_to_confirmed_values,917,874,cleanup_project_summary,data/urban/text/files/13-11000NTC201808300002-13-11000NTC201808300002-notice_file-서울특별시2018-268.txt,https://cleanup.seoul.go.kr/cafe/mastr-cleanup-bsnsSumry/execute.do?cafeId=215100002002c30&stepSeCode=102&div=sumry,정보몽땅 사업개요 구조화 값,promote_notice_snippet,confirmed,source_value_update_total_households_917,svc-20260624-0200,2026-06-24 KST,codex_manual_jayang7_notice_review,closure_context_exact,matched,1,original_notice_and_cleanup_summary_total_households_cross_checked,"정보몽땅 사업개요 분양 874세대와 임대/소형주택 43세대, 2018-268 고시 합계 917세대가 교차 확인된다. 대표 총세대수는 917세대로 보정한다.",confirmed 유지,원문 스니펫의 숫자·단위·행 제목을 확인해 confirmed/pending/conflict 결정,project-notes/13-jayang7.md
S5-0086,S5,27,P1,구의/광진,광진구,13,자양제7구역 주택재건축정비사업 조합,조합설립인가,core_gap_field,management_approval_date,관리처분인가일,promote_snippets_to_confirmed_values,,,,data/urban/text/files/13-11000NTC201808300002-13-11000NTC201808300002-notice_file-서울특별시2018-268.txt,,P0 2024-02-17 주택재건축 정비구역 지정 변경 및 지형도면 변경을 위한 추정분담금 산출 / P0 2024-01-15 주택재건축 정비구역 지정 변경 및 지형도면 변경을 위한 추정분담금 산출 / P0 2025-05-21 도시·주거환경정비 기본계획 및 정비계획(중대한) 변경 용역업체 선정 입찰 공고,defer_stage_not_applicable,deferred,defer_stage_not_applicable,svc-20260624-0201,2026-06-24 KST,codex_manual_jayang7_notice_review,closure_context_exact,matched,1,current_project_stage_is_union_approval_so_management_stage_not_applicable_yet,현재 공개 단계가 조합설립인가라 관리처분인가일은 아직 적용 전 필드다. 단계 전환 전까지 deferred로 둔다.,단계 변경 감시표에서 관리처분인가 단계 진입 시 재개,현재 단계상 아직 발생 전인 값으로 두고 단계 변경 때 재평가,project-notes/13-jayang7.md
S5-0087,S5,27,P1,구의/광진,광진구,13,자양제7구역 주택재건축정비사업 조합,조합설립인가,core_gap_field,management_construction_cost,관리처분 공사비,promote_snippets_to_confirmed_values,,,,data/urban/text/files/13-11000NTC201808300002-13-11000NTC201808300002-notice_file-서울특별시2018-268.txt,,P0 2024-02-17 주택재건축 정비구역 지정 변경 및 지형도면 변경을 위한 추정분담금 산출 / P0 2024-01-15 주택재건축 정비구역 지정 변경 및 지형도면 변경을 위한 추정분담금 산출 / P0 2025-05-21 도시·주거환경정비 기본계획 및 정비계획(중대한) 변경 용역업체 선정 입찰 공고,defer_stage_not_applicable,deferred,defer,svc-20260624-0202,2026-06-24 KST,codex_closure_triage_seed,closure_context_exact,matched,1,derived_from_existing_s1_s5_workbooks_and_review_logs,현재 사업 단계상 아직 적용 전인 필드라 deferred로 두고 단계 전환 시 재개,단계 변경 감시표에서 해당 사업장 단계가 바뀌면 다시 열기,현재 단계상 아직 발생 전인 값으로 두고 단계 변경 때 재평가,project-notes/13-jayang7.md
S5-0088,S5,27,P1,구의/광진,광진구,13,자양제7구역 주택재건축정비사업 조합,조합설립인가,core_gap_field,project_approval_date,사업시행인가일,promote_snippets_to_confirmed_values,,,,data/urban/text/files/13-11000NTC201808300002-13-11000NTC201808300002-notice_file-서울특별시2018-268.txt,,P0 2024-02-17 주택재건축 정비구역 지정 변경 및 지형도면 변경을 위한 추정분담금 산출 / P0 2024-01-15 주택재건축 정비구역 지정 변경 및 지형도면 변경을 위한 추정분담금 산출 / P0 2025-05-21 도시·주거환경정비 기본계획 및 정비계획(중대한) 변경 용역업체 선정 입찰 공고,defer_stage_not_applicable,deferred,defer,svc-20260624-0203,2026-06-24 KST,codex_closure_triage_seed,closure_context_exact,matched,1,derived_from_existing_s1_s5_workbooks_and_review_logs,현재 사업 단계상 아직 적용 전인 필드라 deferred로 두고 단계 전환 시 재개,단계 변경 감시표에서 해당 사업장 단계가 바뀌면 다시 열기,현재 단계상 아직 발생 전인 값으로 두고 단계 변경 때 재평가,project-notes/13-jayang7.md
S5-0089,S5,28,P1,강남,강남구,14,"개포주공6,7단지아파트 재건축정비사업조합",사업시행인가,core_gap_field,total_households,총 세대수,promote_snippets_to_confirmed_values,"2,698","2,698",project_comparison_matrix,analysis/s5-gaepo6_7-core-value-resolution.md; analysis/gaepo6_7-s1-public-item-fact-check.md; data/urban/text/files/14-53675-14-gangnam-gu-53675-1-240426_개포주공67단지-정비계획-경미한변경-고시문-안.txt,data/urban/text/files/14-53675-14-gangnam-gu-53675-1-240426_개포주공67단지-정비계획-경미한변경-고시문-안.txt,비교 매트릭스의 현재 구조화 값,manual_gap_review,confirmed,confirm_structured_value,svc-20260624-0204,2026-06-24 KST,codex_manual_gaepo6_7_value_review,closure_context_exact,matched,1,manual_resolution_2024_57_total_households_confirmed,"2024-57 변경고시와 수동 판정 메모가 총 세대수 2,698세대를 직접 지지하므로 구조화값을 confirmed 처리한다.","대표 총 세대수는 2,698세대로 유지하고 정보몽땅 분양/임대 분리는 보조 설명으로만 사용",장부 상태와 후보 출처를 다시 열어 수동 판정,project-notes/14-gaepo6_7.md
S5-0090,S5,28,P1,강남,강남구,14,"개포주공6,7단지아파트 재건축정비사업조합",사업시행인가,core_gap_field,management_approval_date,관리처분인가일,promote_snippets_to_confirmed_values,,,,data/urban/text/files/14-53675-14-gangnam-gu-53675-1-240426_개포주공67단지-정비계획-경미한변경-고시문-안.txt,,P0 2026-01-23 주택도시보증공사(HUG) 정비사업비(이주비/사업비) 대출보증 행정대행용역 입찰공고 / P0 2026-05-13 재해영향평가용역 협력업체 선정 입찰공고 / P0 2026-01-23 명도 소송 등의 변호사 선정 입찰공고,defer_stage_not_applicable,confirmed,defer_stage_not_applicable,svc-20260624-0205,2026-06-24 KST,codex_manual_gaepo6_7_value_review,closure_context_exact,matched,1,manual_stage_review_defer_management_approval_not_yet_applicable,정보몽땅 추진경과와 수동 판정 메모상 현재 단계는 사업시행인가이며 관리처분인가 구간이 공란이라 아직 발생 전 값으로 defer 확정한다.,단계가 관리처분인가로 전환될 때만 관리처분인가일을 다시 연다,현재 단계상 아직 발생 전인 값으로 두고 단계 변경 때 재평가,project-notes/14-gaepo6_7.md
S5-0091,S5,28,P1,강남,강남구,14,"개포주공6,7단지아파트 재건축정비사업조합",사업시행인가,core_gap_field,management_construction_cost,관리처분 공사비,promote_snippets_to_confirmed_values,,,,data/urban/text/files/14-53675-14-gangnam-gu-53675-1-240426_개포주공67단지-정비계획-경미한변경-고시문-안.txt,,P0 2026-01-23 주택도시보증공사(HUG) 정비사업비(이주비/사업비) 대출보증 행정대행용역 입찰공고 / P0 2026-05-13 재해영향평가용역 협력업체 선정 입찰공고 / P0 2026-01-23 명도 소송 등의 변호사 선정 입찰공고,defer_stage_not_applicable,confirmed,defer_stage_not_applicable,svc-20260624-0206,2026-06-24 KST,codex_manual_gaepo6_7_value_review,closure_context_exact,matched,1,manual_stage_review_defer_management_cost_not_yet_applicable,현재 단계가 사업시행인가이고 확정된 사업비·분담금 공개 항목 및 관리처분 구간이 비어 있어 관리처분 공사비는 아직 발생 전 값으로 defer 확정한다.,관리처분인가 이후 공개자료가 생기면 관리처분 공사비를 재검토한다,현재 단계상 아직 발생 전인 값으로 두고 단계 변경 때 재평가,project-notes/14-gaepo6_7.md
S5-0092,S5,29,P1,잠실/송파,송파구,16,가락1차현대아파트 재건축정비사업 조합,사업시행인가,core_gap_field,total_households,총 세대수,verify_ocr_numbers,842,총 942세대,ocr_image_update_candidate,analysis/ocr-image-review-decisions.md; data/urban/text/files/16-11000NTC202105100001-16-11000NTC202105100001-notice_file-송파구_2021-88호_고시.txt,data/urban/text/ocr/images/16-11000NTC202105100001-16-11000NTC202105100001-notice_file-송파구_2021-88호_고시/page-05.png,total_households_official 공란 보강 후보로 942세대를 기록하고 사업시행인가 또는 정보몽땅 사업개요와 2차 대조,apply_fill_candidate_after_second_check,confirmed,record_values_by_source_date,svc-20260624-0207,2026-06-24 KST,codex_closure_triage_seed,closure_context_exact,matched,1,latest_songpa_official_project_page_and_2021_notice_cross_checked_with_source_date_split,"송파구청 공식 사업별 페이지 최신 현황은 842세대(임대 125세대 포함)를 표시하고, 2021-88 변경고시는 과거 정비계획상 총 942세대를 제시한다. 대표 공식값은 최신 현황 842세대로 두고 942세대는 과거 계획값으로 병기한다.",비교표 display_values에 송파구청 현황 842세대와 2021-88 계획 942세대를 병기,후보값을 원문 또는 사업개요로 2차 대조한 뒤 공란 보강,project-notes/16-hyundai.md
S5-0093,S5,29,P1,잠실/송파,송파구,16,가락1차현대아파트 재건축정비사업 조합,사업시행인가,core_gap_field,stage_consent_rate_pct,단계 공개 동의율,promote_snippets_to_confirmed_values,,,,data/urban/text/files/16-11000NTC202105100001-16-11000NTC202105100001-notice_file-송파구_2021-88호_고시.txt,,P0 2026-06-12 세무·회계업체 선정 입찰 공고 / P0 2026-06-12 HUG보증 대행업체 선정 입찰 공고 / P0 2026-06-12 관리처분계획 타당성 검증 대행업체 선정 입찰 공고,missing_no_candidate,confirmed,record_official_source_checked_no_public_value,svc-20260624-0208,2026-06-24 KST,codex_manual_garak_hyundai_songpa_review,closure_context_exact,matched,1,official_sources_checked_but_no_public_value_exposed_in_current_stage_materials,송파구청 공식 사업별 페이지는 단계일자는 보여주지만 동의율은 공개하지 않는다. 확보한 2021-88 고시와 현재 사업 메모에서도 동의율 공개값을 확인하지 못해 checked-no-public-value 상태로 닫는다.,향후 정보몽땅 공개항목이나 자치구 공고에서 동의율이 공개되면 단계 이력값으로 보강,현재 로컬 후보가 없으므로 공식 원문/정보몽땅/자치구 공고를 추가 검색,project-notes/16-hyundai.md
S5-0094,S5,29,P1,잠실/송파,송파구,16,가락1차현대아파트 재건축정비사업 조합,사업시행인가,core_gap_field,notice_date,고시일,promote_snippets_to_confirmed_values,2021-04-29,2021-04-29,project_comparison_matrix,data/urban/text/files/16-11000NTC202105100001-16-11000NTC202105100001-notice_file-송파구_2021-88호_고시.txt,data/urban/text/files/16-11000NTC202105100001-16-11000NTC202105100001-notice_file-송파구_2021-88호_고시.txt,비교 매트릭스의 현재 구조화 값,confirm_structured_value,confirmed,confirm_from_notice_text,svc-20260624-0209,2026-06-24 KST,codex_manual_garak_hyundai_songpa_review,closure_context_exact,matched,1,direct_notice_value_confirmed_from_2021_88_header_and_body,2021-88 고시 원문에서 서울특별시 송파구 고시 제2021-88호와 2021년 4월 29일이 직접 확인된다.,confirmed 유지,이미 구조화된 값이 원문과 같은지 확인하고 confirmed 처리,project-notes/16-hyundai.md
S5-0095,S5,29,P1,잠실/송파,송파구,16,가락1차현대아파트 재건축정비사업 조합,사업시행인가,core_gap_field,notice_no,고시번호,promote_snippets_to_confirmed_values,2021-88,2021-88,project_comparison_matrix,data/urban/text/files/16-11000NTC202105100001-16-11000NTC202105100001-notice_file-송파구_2021-88호_고시.txt,data/urban/text/files/16-11000NTC202105100001-16-11000NTC202105100001-notice_file-송파구_2021-88호_고시.txt,비교 매트릭스의 현재 구조화 값,confirm_structured_value,confirmed,confirm_from_notice_text,svc-20260624-0210,2026-06-24 KST,codex_manual_garak_hyundai_songpa_review,closure_context_exact,matched,1,direct_notice_value_confirmed_from_2021_88_header_and_body,2021-88 고시 원문에서 서울특별시 송파구 고시 제2021-88호가 직접 확인된다.,confirmed 유지,이미 구조화된 값이 원문과 같은지 확인하고 confirmed 처리,project-notes/16-hyundai.md
S5-0096,S5,29,P1,잠실/송파,송파구,16,가락1차현대아파트 재건축정비사업 조합,사업시행인가,core_gap_field,management_approval_date,관리처분인가일,promote_snippets_to_confirmed_values,,,,data/urban/text/files/16-11000NTC202105100001-16-11000NTC202105100001-notice_file-송파구_2021-88호_고시.txt,,P0 2026-06-12 세무·회계업체 선정 입찰 공고 / P0 2026-06-12 HUG보증 대행업체 선정 입찰 공고 / P0 2026-06-12 관리처분계획 타당성 검증 대행업체 선정 입찰 공고,defer_stage_not_applicable,deferred,defer_stage_not_applicable,svc-20260624-0211,2026-06-24 KST,codex_manual_garak_hyundai_songpa_review,closure_context_exact,matched,1,current_project_stage_is_implementation_approval_so_management_stage_not_applicable_yet,송파구청 공식 사업별 페이지 기준 현재 단계는 사업시행인가이며 관리처분인가 전이다. 관리처분인가일은 아직 적용 전 필드라 deferred로 둔다.,단계 변경 감시표에서 관리처분인가 단계 진입 시 재개,현재 단계상 아직 발생 전인 값으로 두고 단계 변경 때 재평가,project-notes/16-hyundai.md
S5-0097,S5,29,P1,잠실/송파,송파구,16,가락1차현대아파트 재건축정비사업 조합,사업시행인가,core_gap_field,management_construction_cost,관리처분 공사비,promote_snippets_to_confirmed_values,,,,data/urban/text/files/16-11000NTC202105100001-16-11000NTC202105100001-notice_file-송파구_2021-88호_고시.txt,,P0 2026-06-12 세무·회계업체 선정 입찰 공고 / P0 2026-06-12 HUG보증 대행업체 선정 입찰 공고 / P0 2026-06-12 관리처분계획 타당성 검증 대행업체 선정 입찰 공고,defer_stage_not_applicable,deferred,defer_stage_not_applicable,svc-20260624-0212,2026-06-24 KST,codex_manual_garak_hyundai_songpa_review,closure_context_exact,matched,1,current_project_stage_is_implementation_approval_so_management_stage_not_applicable_yet,현재 단계는 사업시행인가이므로 관리처분 공사비는 아직 적용 전 필드다. 관리처분 단계 전환 전까지 deferred로 둔다.,단계 변경 감시표에서 관리처분인가 단계 진입 시 재개,현재 단계상 아직 발생 전인 값으로 두고 단계 변경 때 재평가,project-notes/16-hyundai.md
S5-0098,S5,30,P1,잠실/송파,송파구,21,가락삼익맨숀아파트 재건축정비사업 조합,관리처분인가,core_gap_field,floors,층수,crosscheck_cost_infrastructure,지상:29/지하:4,지상:30/지하:3,cleanup_project_summary,analysis/management-stage-value-resolution.md; analysis/management-stage-fact-check.md; data/urban/text/files/21-11710NTC202010230006-21-11710NTC202010230006-notice_file-송파구_2020-111호_고시.txt,https://cleanup.seoul.go.kr/cafe/mastr-cleanup-bsnsSumry/execute.do?cafeId=710900000676r36&stepSeCode=102&div=sumry,정보몽땅 사업개요 구조화 값,record_by_source_date,confirmed,source_date_split,svc-20260624-0213,2026-06-24 KST,codex_closure_triage_seed,closure_context_exact,matched,1,derived_from_existing_s1_s5_workbooks_and_review_logs,층수는 사업개요 지상30/지하3과 2020 고시 최고층 후보 31층을 시점별로 병기하는 방식이 이미 로컬 해소표에 정리돼 있어 confirmed/source_date_split로 닫음,대표값은 사업개요 층수를 유지하고 2020 고시 최고층 후보 31층은 시점별 참고값으로 병기,고시·사업시행·관리처분 기준값을 시점별 열로 분리,project-notes/21-grsamik.md
S5-0099,S5,30,P1,잠실/송파,송파구,21,가락삼익맨숀아파트 재건축정비사업 조합,관리처분인가,core_gap_field,building_coverage_ratio_pct,건폐율,crosscheck_cost_infrastructure,24,24,cleanup_project_summary,analysis/management-stage-value-resolution.md; analysis/management-stage-fact-check.md; data/urban/text/files/21-11710NTC202010230006-21-11710NTC202010230006-notice_file-송파구_2020-111호_고시.txt,https://cleanup.seoul.go.kr/cafe/mastr-cleanup-bsnsSumry/execute.do?cafeId=710900000676r36&stepSeCode=102&div=sumry,정보몽땅 사업개요 구조화 값,already_resolved,confirmed,confirm,svc-20260624-0214,2026-06-24 KST,codex_closure_triage_seed,closure_context_exact,matched,1,derived_from_existing_s1_s5_workbooks_and_review_logs,기존 수동 OCR 판정 또는 관리처분 공개항목 해소표에서 현재값을 확인한 항목으로 1차 confirmed 처리,confirmed 항목은 핵심 수치 장부/사업별 메모에 반영 여부를 점검,이미 관리처분/공개항목 대조로 해소된 값은 사업별 메모와 비교표 주석에 반영,project-notes/21-grsamik.md
S5-0100,S5,30,P1,잠실/송파,송파구,21,가락삼익맨숀아파트 재건축정비사업 조합,관리처분인가,core_gap_field,district_area_sqm,정비구역 면적,crosscheck_cost_infrastructure,"59,715.7","59,721.7",cleanup_project_summary,analysis/management-stage-value-resolution.md; analysis/management-stage-fact-check.md; data/urban/text/files/21-11710NTC202010230006-21-11710NTC202010230006-notice_file-송파구_2020-111호_고시.txt,https://cleanup.seoul.go.kr/cafe/mastr-cleanup-bsnsSumry/execute.do?cafeId=710900000676r36&stepSeCode=102&div=sumry,정보몽땅 사업개요 구조화 값,already_resolved,confirmed,confirm,svc-20260624-0215,2026-06-24 KST,codex_closure_triage_seed,closure_context_exact,matched,1,derived_from_existing_s1_s5_workbooks_and_review_logs,"관리처분 단계 수치 시점 해소 장부와 사업 메모에서 사업개요 59,721.7과 고시문 59721.63을 confirmed_match로 정리하고 있어 로컬 근거만으로 confirmed 처리",confirmed 항목은 핵심 수치 장부/사업별 메모에 반영 여부를 점검,이미 관리처분/공개항목 대조로 해소된 값은 사업별 메모와 비교표 주석에 반영,project-notes/21-grsamik.md
S5-0101,S5,30,P1,잠실/송파,송파구,21,가락삼익맨숀아파트 재건축정비사업 조합,관리처분인가,core_gap_field,floor_area_ratio_pct,용적률,resolve_stage_value_conflict,300,300,cleanup_project_summary,analysis/management-stage-value-resolution.md; analysis/management-stage-fact-check.md; data/urban/text/files/21-11710NTC202010230006-21-11710NTC202010230006-notice_file-송파구_2020-111호_고시.txt,https://cleanup.seoul.go.kr/cafe/mastr-cleanup-bsnsSumry/execute.do?cafeId=710900000676r36&stepSeCode=102&div=sumry,정보몽땅 사업개요 구조화 값,already_resolved,confirmed,source_date_split,svc-20260624-0216,2026-06-24 KST,codex_closure_triage_seed,closure_context_exact,matched,1,derived_from_existing_s1_s5_workbooks_and_review_logs,"관리처분 단계 수치 시점 해소 장부와 사업 메모에서 사업개요 300, 고시문 법적상한 299.98, 사업시행 공개항목 299.975%를 public_stage_value_available로 정리하고 있어 시점별 값 분리 기준으로 confirmed 처리",confirmed 항목은 핵심 수치 장부/사업별 메모에 반영 여부를 점검,이미 관리처분/공개항목 대조로 해소된 값은 사업별 메모와 비교표 주석에 반영,project-notes/21-grsamik.md
S5-0102,S5,30,P1,잠실/송파,송파구,21,가락삼익맨숀아파트 재건축정비사업 조합,관리처분인가,core_gap_field,management_approval_date,관리처분인가일,resolve_stage_value_conflict,2025-10-15,2025-10-15,management_stage_public_doc,analysis/management-stage-value-resolution.md; analysis/management-stage-fact-check.md; data/urban/text/files/21-11710NTC202010230006-21-11710NTC202010230006-notice_file-송파구_2020-111호_고시.txt,https://cleanup.seoul.go.kr/service/opendata/cafeOthbc/vscrCafe.do?cafeId=710900000676r36&othbcIemSn=213,관리처분계획서(인가) 관리처분계획인가(변경ㆍ중지ㆍ폐지인가)서 공개항목에서 후보값 확인,already_resolved,confirmed,confirm,svc-20260624-0217,2026-06-24 KST,codex_closure_triage_seed,closure_context_exact,matched,1,derived_from_existing_s1_s5_workbooks_and_review_logs,관리처분 단계 수치 시점 해소 장부와 사업 메모에서 공개항목 기준 관리처분인가일 2025-10-15를 public_stage_date_confirmed로 정리하고 있어 confirmed 처리,confirmed 항목은 핵심 수치 장부/사업별 메모에 반영 여부를 점검,이미 관리처분/공개항목 대조로 해소된 값은 사업별 메모와 비교표 주석에 반영,project-notes/21-grsamik.md
S5-0103,S5,30,P1,잠실/송파,송파구,21,가락삼익맨숀아파트 재건축정비사업 조합,관리처분인가,core_gap_field,management_construction_cost,관리처분 공사비,resolve_stage_value_conflict,"689,150,000,000","689,150,000,000",management_stage_public_doc,analysis/management-stage-value-resolution.md; analysis/management-stage-fact-check.md; data/urban/text/files/21-11710NTC202010230006-21-11710NTC202010230006-notice_file-송파구_2020-111호_고시.txt,https://cleanup.seoul.go.kr/service/opendata/cafeOthbc/vscrCafe.do?cafeId=710900000676r36&othbcIemSn=210,관리처분계획서(인가) 정비사업비 추산액 및 조합원 부담규모 및 시기 공개항목에서 후보값 확인,already_resolved,confirmed,confirm,svc-20260624-0218,2026-06-24 KST,codex_closure_triage_seed,closure_context_exact,matched,1,derived_from_existing_s1_s5_workbooks_and_review_logs,기존 수동 OCR 판정 또는 관리처분 공개항목 해소표에서 현재값을 확인한 항목으로 1차 confirmed 처리,confirmed 항목은 핵심 수치 장부/사업별 메모에 반영 여부를 점검,이미 관리처분/공개항목 대조로 해소된 값은 사업별 메모와 비교표 주석에 반영,project-notes/21-grsamik.md
S5-0104,S5,30,P1,잠실/송파,송파구,21,가락삼익맨숀아파트 재건축정비사업 조합,관리처분인가,core_gap_field,project_approval_date,사업시행인가일,resolve_stage_value_conflict,2023-11-13,2023-11-13,management_stage_public_doc,analysis/management-stage-value-resolution.md; analysis/management-stage-fact-check.md; data/urban/text/files/21-11710NTC202010230006-21-11710NTC202010230006-notice_file-송파구_2020-111호_고시.txt,https://cleanup.seoul.go.kr/service/opendata/cafeOthbc/vscrCafe.do?cafeId=710900000676r36&othbcIemSn=202,사업시행계획서(인가) 사업(시행ㆍ변경ㆍ중지ㆍ폐지)인가서 공개항목에서 후보값 확인,already_resolved,confirmed,confirm,svc-20260624-0219,2026-06-24 KST,codex_closure_triage_seed,closure_context_exact,matched,1,derived_from_existing_s1_s5_workbooks_and_review_logs,기존 수동 OCR 판정 또는 관리처분 공개항목 해소표에서 현재값을 확인한 항목으로 1차 confirmed 처리,confirmed 항목은 핵심 수치 장부/사업별 메모에 반영 여부를 점검,이미 관리처분/공개항목 대조로 해소된 값은 사업별 메모와 비교표 주석에 반영,project-notes/21-grsamik.md
S5-0105,S5,30,P1,잠실/송파,송파구,21,가락삼익맨숀아파트 재건축정비사업 조합,관리처분인가,core_gap_field,total_households,총 세대수,resolve_stage_value_conflict,"1,485","1,358",cleanup_project_summary,analysis/management-stage-value-resolution.md; analysis/management-stage-fact-check.md; data/urban/text/files/21-11710NTC202010230006-21-11710NTC202010230006-notice_file-송파구_2020-111호_고시.txt,https://cleanup.seoul.go.kr/cafe/mastr-cleanup-bsnsSumry/execute.do?cafeId=710900000676r36&stepSeCode=102&div=sumry,정보몽땅 사업개요 구조화 값,already_resolved,confirmed,confirm,svc-20260624-0220,2026-06-24 KST,codex_closure_triage_seed,closure_context_exact,matched,1,derived_from_existing_s1_s5_workbooks_and_review_logs,기존 수동 OCR 판정 또는 관리처분 공개항목 해소표에서 현재값을 확인한 항목으로 1차 confirmed 처리,confirmed 항목은 핵심 수치 장부/사업별 메모에 반영 여부를 점검,이미 관리처분/공개항목 대조로 해소된 값은 사업별 메모와 비교표 주석에 반영,project-notes/21-grsamik.md
S5-0106,S5,30,P1,잠실/송파,송파구,21,가락삼익맨숀아파트 재건축정비사업 조합,관리처분인가,core_gap_field,max_height_m,최고높이,crosscheck_cost_infrastructure,125,125,cleanup_project_summary,data/urban/text/files/21-11710NTC202010230006-21-11710NTC202010230006-notice_file-송파구_2020-111호_고시.txt,https://cleanup.seoul.go.kr/cafe/mastr-cleanup-bsnsSumry/execute.do?cafeId=710900000676r36&stepSeCode=102&div=sumry,정보몽땅 사업개요 구조화 값,confirm_structured_value,confirmed,confirm_from_notice_text,svc-20260624-0221,2026-06-24 KST,codex_closure_triage_seed,closure_context_exact,matched,1,derived_from_existing_s1_s5_workbooks_and_review_logs,로컬 고시문 텍스트에 125m이하가 반복 기재되고 사업 메모에도 최고높이 125m가 정리돼 있어 구조화 값 125를 confirmed 처리,confirmed 항목은 핵심 수치 장부/사업별 메모에 반영 여부를 점검,이미 구조화된 값이 원문과 같은지 확인하고 confirmed 처리,project-notes/21-grsamik.md
S5-0107,S5,30,P1,잠실/송파,송파구,21,가락삼익맨숀아파트 재건축정비사업 조합,관리처분인가,core_gap_field,notice_date,고시일,promote_snippets_to_confirmed_values,2020-10-08,2020-10-08,project_comparison_matrix,data/urban/text/files/21-11710NTC202010230006-21-11710NTC202010230006-notice_file-송파구_2020-111호_고시.txt,data/urban/text/files/21-11710NTC202010230006-21-11710NTC202010230006-notice_file-송파구_2020-111호_고시.txt,비교 매트릭스의 현재 구조화 값,confirm_structured_value,confirmed,confirm_from_notice_text,svc-20260624-0222,2026-06-24 KST,codex_closure_triage_seed,closure_context_exact,matched,1,derived_from_existing_s1_s5_workbooks_and_review_logs,로컬 고시문 첫 줄과 사업 메모의 고시 상세 원문 표에서 고시일 2020-10-08이 직접 확인돼 confirmed 처리,confirmed 항목은 핵심 수치 장부/사업별 메모에 반영 여부를 점검,이미 구조화된 값이 원문과 같은지 확인하고 confirmed 처리,project-notes/21-grsamik.md
S5-0108,S5,30,P1,잠실/송파,송파구,21,가락삼익맨숀아파트 재건축정비사업 조합,관리처분인가,core_gap_field,notice_no,고시번호,promote_snippets_to_confirmed_values,2020-111,2020-111,project_comparison_matrix,data/urban/text/files/21-11710NTC202010230006-21-11710NTC202010230006-notice_file-송파구_2020-111호_고시.txt,data/urban/text/files/21-11710NTC202010230006-21-11710NTC202010230006-notice_file-송파구_2020-111호_고시.txt,비교 매트릭스의 현재 구조화 값,confirm_structured_value,confirmed,confirm_from_notice_text,svc-20260624-0223,2026-06-24 KST,codex_closure_triage_seed,closure_context_exact,matched,1,derived_from_existing_s1_s5_workbooks_and_review_logs,로컬 고시문 첫 줄과 사업 메모의 고시 상세 원문 표에서 고시번호 2020-111이 직접 확인돼 confirmed 처리,confirmed 항목은 핵심 수치 장부/사업별 메모에 반영 여부를 점검,이미 구조화된 값이 원문과 같은지 확인하고 confirmed 처리,project-notes/21-grsamik.md
S5-0109,S5,31,P1,구의/광진,광진구,26,자양한양아파트 재건축정비사업,추진위원회승인,core_gap_field,promotion_committee_approval_date,추진위원회 승인일,promote_snippets_to_confirmed_values,,,,data/urban/text/files/26-11215NTC202406040002-26-11215NTC202406040002-notice_file-서울특별시_제2024-267호_고시.txt,,P0 2026-06-08 조합설립동의서 징구 전 추정분담금 산정 및 검증 / P0 2025-10-13 추정분담금 산정 용역업체 선정 입찰마감 연기 공고 / P0 2025-09-23 추정분담금 산정 용역업체 선정 입찰 공고,missing_no_candidate,confirmed,record_official_source_checked_no_public_value,svc-20260624-0224,2026-06-24 KST,codex_closure_triage_seed,closure_context_exact,matched,1,official_sources_checked_but_no_public_value_exposed_in_current_stage_materials,2026-06-23 확인 기준 정보몽땅 추진경과와 정보공개목록은 조합설립추진위원회승인 단계 자체는 보여주지만 추진위원회 승인일 값을 직접 노출하지 않는다. 현재는 공식 화면 checked-no-public-value 상태로 닫는다.,향후 정보몽땅 화면이나 자치구 공고에서 승인일이 공개되면 단계 이력값으로 보강,현재 로컬 후보가 없으므로 공식 원문/정보몽땅/자치구 공고를 추가 검색,project-notes/26-jyhy2024.md
S5-0110,S5,31,P1,구의/광진,광진구,26,자양한양아파트 재건축정비사업,추진위원회승인,core_gap_field,stage_consent_rate_pct,단계 공개 동의율,promote_snippets_to_confirmed_values,,,,data/urban/text/files/26-11215NTC202406040002-26-11215NTC202406040002-notice_file-서울특별시_제2024-267호_고시.txt,,P0 2026-06-08 조합설립동의서 징구 전 추정분담금 산정 및 검증 / P0 2025-10-13 추정분담금 산정 용역업체 선정 입찰마감 연기 공고 / P0 2025-09-23 추정분담금 산정 용역업체 선정 입찰 공고,missing_no_candidate,confirmed,record_official_source_checked_no_public_value,svc-20260624-0225,2026-06-24 KST,codex_manual_jayang_hanyang_notice_review,closure_context_exact,matched,1,official_sources_checked_but_no_public_value_exposed_in_current_stage_materials,2026-06-23 확인 기준 정보몽땅 추진경과와 정보공개목록은 조합설립추진위원회승인 단계는 보여주지만 공개 동의율 값은 직접 노출하지 않는다. 현재는 공식 화면 checked-no-public-value 상태로 닫는다.,향후 정보몽땅 화면이나 자치구 공고에서 동의율이 공개되면 단계 이력값으로 보강,현재 로컬 후보가 없으므로 공식 원문/정보몽땅/자치구 공고를 추가 검색,project-notes/26-jyhy2024.md
S5-0111,S5,31,P1,구의/광진,광진구,26,자양한양아파트 재건축정비사업,추진위원회승인,core_gap_field,building_coverage_ratio_pct,건폐율,crosscheck_cost_infrastructure,50,24,cleanup_project_summary,data/urban/text/files/26-11215NTC202406040002-26-11215NTC202406040002-notice_file-서울특별시_제2024-267호_고시.txt,https://cleanup.seoul.go.kr/cafe/mastr-cleanup-bsnsSumry/execute.do?cafeId=215900001270s44&stepSeCode=101&div=sumry,정보몽땅 사업개요 구조화 값,confirm_structured_value,confirmed,record_values_by_source_date,svc-20260624-0226,2026-06-24 KST,codex_manual_jayang_hanyang_notice_review,closure_context_exact,matched,1,official_summary_and_2024_notice_cross_checked_with_source_date_split,"정보몽땅 사업개요는 건폐율 24%를 표시하지만 2024-267 고시는 공동주택 획지1·2 50% 이하, 공공청사 획지3 60% 이하를 직접 제시한다. 대표 공식값은 공동주택 50% 기준으로 보정하고 24%는 보조값으로 남긴다.",비교표 display_values에 공동주택 50% 이하와 정보몽땅 24%를 병기,이미 구조화된 값이 원문과 같은지 확인하고 confirmed 처리,project-notes/26-jyhy2024.md
S5-0112,S5,31,P1,구의/광진,광진구,26,자양한양아파트 재건축정비사업,추진위원회승인,core_gap_field,floors,층수,crosscheck_cost_infrastructure,지상:40/지하:미확인,지상:35/지하:3,cleanup_project_summary,data/urban/text/files/26-11215NTC202406040002-26-11215NTC202406040002-notice_file-서울특별시_제2024-267호_고시.txt,https://cleanup.seoul.go.kr/cafe/mastr-cleanup-bsnsSumry/execute.do?cafeId=215900001270s44&stepSeCode=101&div=sumry,정보몽땅 사업개요 구조화 값,confirm_structured_value,confirmed,record_values_by_source_date,svc-20260624-0227,2026-06-24 KST,codex_manual_jayang_hanyang_notice_review,closure_context_exact,matched,1,official_summary_and_2024_notice_cross_checked_with_source_date_split,정보몽땅 사업개요는 지상35/지하3을 표시하지만 2024-267 고시는 최고 40층 이하만 직접 제시한다. 지하층은 원문 미확인으로 두고 대표 공식값은 지상40/지하 미확인으로 보정한다.,비교표 display_values에 최고 40층 이하와 정보몽땅 지상35/지하3을 병기,이미 구조화된 값이 원문과 같은지 확인하고 confirmed 처리,project-notes/26-jyhy2024.md
S5-0113,S5,31,P1,구의/광진,광진구,26,자양한양아파트 재건축정비사업,추진위원회승인,core_gap_field,max_height_m,최고높이,crosscheck_cost_infrastructure,121,35,cleanup_project_summary,data/urban/text/files/26-11215NTC202406040002-26-11215NTC202406040002-notice_file-서울특별시_제2024-267호_고시.txt,https://cleanup.seoul.go.kr/cafe/mastr-cleanup-bsnsSumry/execute.do?cafeId=215900001270s44&stepSeCode=101&div=sumry,정보몽땅 사업개요 구조화 값,confirm_structured_value,confirmed,record_values_by_source_date,svc-20260624-0228,2026-06-24 KST,codex_manual_jayang_hanyang_notice_review,closure_context_exact,matched,1,official_summary_and_2024_notice_cross_checked_with_source_date_split,"정보몽땅 사업개요는 최고높이 35m를 표시하지만 2024-267 고시는 121m 이하, 해발 146m, 최고 40층 이하를 직접 제시한다. 대표 공식값은 121m로 보정하고 35m는 보조값으로 남긴다.",비교표 display_values에 121m 이하와 정보몽땅 35m를 병기,이미 구조화된 값이 원문과 같은지 확인하고 confirmed 처리,project-notes/26-jyhy2024.md
S5-0114,S5,31,P1,구의/광진,광진구,26,자양한양아파트 재건축정비사업,추진위원회승인,core_gap_field,notice_date,고시일,promote_snippets_to_confirmed_values,2024-05-30,2024-05-30,project_comparison_matrix,data/urban/text/files/26-11215NTC202406040002-26-11215NTC202406040002-notice_file-서울특별시_제2024-267호_고시.txt,data/urban/text/files/26-11215NTC202406040002-26-11215NTC202406040002-notice_file-서울특별시_제2024-267호_고시.txt,비교 매트릭스의 현재 구조화 값,confirm_structured_value,confirmed,confirm_from_notice_text,svc-20260624-0229,2026-06-24 KST,codex_manual_jayang_hanyang_notice_review,closure_context_exact,matched,1,direct_notice_value_confirmed_from_2024_267_header_and_body,서울시보 제3981호 2024. 5. 30.(목) 헤더와 본문에서 고시일 2024-05-30이 직접 확인된다.,confirmed 유지,이미 구조화된 값이 원문과 같은지 확인하고 confirmed 처리,project-notes/26-jyhy2024.md
S5-0115,S5,31,P1,구의/광진,광진구,26,자양한양아파트 재건축정비사업,추진위원회승인,core_gap_field,notice_no,고시번호,promote_snippets_to_confirmed_values,2024-267,2024-267,project_comparison_matrix,data/urban/text/files/26-11215NTC202406040002-26-11215NTC202406040002-notice_file-서울특별시_제2024-267호_고시.txt,data/urban/text/files/26-11215NTC202406040002-26-11215NTC202406040002-notice_file-서울특별시_제2024-267호_고시.txt,비교 매트릭스의 현재 구조화 값,confirm_structured_value,confirmed,confirm_from_notice_text,svc-20260624-0230,2026-06-24 KST,codex_manual_jayang_hanyang_notice_review,closure_context_exact,matched,1,direct_notice_value_confirmed_from_2024_267_header_and_title,고시 원문 line 2에서 서울특별시고시 제2024-267호가 직접 확인된다.,confirmed 유지,이미 구조화된 값이 원문과 같은지 확인하고 confirmed 처리,project-notes/26-jyhy2024.md
S5-0116,S5,31,P1,구의/광진,광진구,26,자양한양아파트 재건축정비사업,추진위원회승인,core_gap_field,district_area_sqm,정비구역 면적,promote_snippets_to_confirmed_values,"40,179.2","40,179.2",cleanup_project_summary,data/urban/text/files/26-11215NTC202406040002-26-11215NTC202406040002-notice_file-서울특별시_제2024-267호_고시.txt,https://cleanup.seoul.go.kr/cafe/mastr-cleanup-bsnsSumry/execute.do?cafeId=215900001270s44&stepSeCode=101&div=sumry,정보몽땅 사업개요 구조화 값,promote_notice_snippet,confirmed,confirm_from_notice_text,svc-20260624-0231,2026-06-24 KST,codex_manual_jayang_hanyang_notice_review,closure_context_exact,matched,1,direct_notice_value_confirmed_from_2024_267_and_summary_match,"2024-267 고시 원문과 정보몽땅 사업개요 모두 정비구역 면적 40,179.2㎡를 보여준다.",confirmed 유지,원문 스니펫의 숫자·단위·행 제목을 확인해 confirmed/pending/conflict 결정,project-notes/26-jyhy2024.md
S5-0117,S5,31,P1,구의/광진,광진구,26,자양한양아파트 재건축정비사업,추진위원회승인,core_gap_field,floor_area_ratio_pct,용적률,promote_snippets_to_confirmed_values,293.77,294,cleanup_project_summary,data/urban/text/files/26-11215NTC202406040002-26-11215NTC202406040002-notice_file-서울특별시_제2024-267호_고시.txt,https://cleanup.seoul.go.kr/cafe/mastr-cleanup-bsnsSumry/execute.do?cafeId=215900001270s44&stepSeCode=101&div=sumry,정보몽땅 사업개요 구조화 값,promote_notice_snippet,confirmed,confirm_from_notice_text,svc-20260624-0232,2026-06-24 KST,codex_manual_jayang_hanyang_notice_review,closure_context_exact,matched,1,direct_notice_value_confirmed_from_2024_267_with_precision_split,"2024-267 고시는 예정법적상한용적률 293.77% 이하, 정비계획 241.42% 이하, 법적상한 300.0%를 분리해 보여준다. 대표 공식값은 293.77로 정밀 보정하고 반올림 294 및 법적상한 300은 보조값으로 남긴다.",비교표 display_values에 293.77% 이하 / 241.42% 이하 / 300.0%를 병기,원문 스니펫의 숫자·단위·행 제목을 확인해 confirmed/pending/conflict 결정,project-notes/26-jyhy2024.md
S5-0118,S5,31,P1,구의/광진,광진구,26,자양한양아파트 재건축정비사업,추진위원회승인,core_gap_field,total_households,총 세대수,promote_snippets_to_confirmed_values,859,859,project_comparison_matrix,data/urban/text/files/26-11215NTC202406040002-26-11215NTC202406040002-notice_file-서울특별시_제2024-267호_고시.txt,data/urban/text/files/26-11215NTC202406040002-26-11215NTC202406040002-notice_file-서울특별시_제2024-267호_고시.txt,비교 매트릭스의 현재 구조화 값,promote_notice_snippet,confirmed,confirm_from_notice_text,svc-20260624-0233,2026-06-24 KST,codex_manual_jayang_hanyang_notice_review,closure_context_exact,matched,1,direct_notice_value_confirmed_from_2024_267_with_household_split,"2024-267 고시 원문에서 전체 859세대, 분양 652세대, 공공 207세대가 직접 확인된다.",confirmed 유지,원문 스니펫의 숫자·단위·행 제목을 확인해 confirmed/pending/conflict 결정,project-notes/26-jyhy2024.md
S5-0119,S5,31,P1,구의/광진,광진구,26,자양한양아파트 재건축정비사업,추진위원회승인,core_gap_field,management_approval_date,관리처분인가일,promote_snippets_to_confirmed_values,,,,data/urban/text/files/26-11215NTC202406040002-26-11215NTC202406040002-notice_file-서울특별시_제2024-267호_고시.txt,,P0 2026-06-08 조합설립동의서 징구 전 추정분담금 산정 및 검증 / P0 2025-10-13 추정분담금 산정 용역업체 선정 입찰마감 연기 공고 / P0 2025-09-23 추정분담금 산정 용역업체 선정 입찰 공고,defer_stage_not_applicable,deferred,defer,svc-20260624-0234,2026-06-24 KST,codex_closure_triage_seed,closure_context_exact,matched,1,derived_from_existing_s1_s5_workbooks_and_review_logs,현재 사업 단계상 아직 적용 전인 필드라 deferred로 두고 단계 전환 시 재개,단계 변경 감시표에서 해당 사업장 단계가 바뀌면 다시 열기,현재 단계상 아직 발생 전인 값으로 두고 단계 변경 때 재평가,project-notes/26-jyhy2024.md
S5-0120,S5,31,P1,구의/광진,광진구,26,자양한양아파트 재건축정비사업,추진위원회승인,core_gap_field,management_construction_cost,관리처분 공사비,promote_snippets_to_confirmed_values,,,,data/urban/text/files/26-11215NTC202406040002-26-11215NTC202406040002-notice_file-서울특별시_제2024-267호_고시.txt,,P0 2026-06-08 조합설립동의서 징구 전 추정분담금 산정 및 검증 / P0 2025-10-13 추정분담금 산정 용역업체 선정 입찰마감 연기 공고 / P0 2025-09-23 추정분담금 산정 용역업체 선정 입찰 공고,defer_stage_not_applicable,deferred,defer,svc-20260624-0235,2026-06-24 KST,codex_closure_triage_seed,closure_context_exact,matched,1,derived_from_existing_s1_s5_workbooks_and_review_logs,현재 사업 단계상 아직 적용 전인 필드라 deferred로 두고 단계 전환 시 재개,단계 변경 감시표에서 해당 사업장 단계가 바뀌면 다시 열기,현재 단계상 아직 발생 전인 값으로 두고 단계 변경 때 재평가,project-notes/26-jyhy2024.md
S5-0121,S5,31,P1,구의/광진,광진구,26,자양한양아파트 재건축정비사업,추진위원회승인,core_gap_field,project_approval_date,사업시행인가일,promote_snippets_to_confirmed_values,,,,data/urban/text/files/26-11215NTC202406040002-26-11215NTC202406040002-notice_file-서울특별시_제2024-267호_고시.txt,,P0 2026-06-08 조합설립동의서 징구 전 추정분담금 산정 및 검증 / P0 2025-10-13 추정분담금 산정 용역업체 선정 입찰마감 연기 공고 / P0 2025-09-23 추정분담금 산정 용역업체 선정 입찰 공고,defer_stage_not_applicable,deferred,defer,svc-20260624-0236,2026-06-24 KST,codex_closure_triage_seed,closure_context_exact,matched,1,derived_from_existing_s1_s5_workbooks_and_review_logs,현재 사업 단계상 아직 적용 전인 필드라 deferred로 두고 단계 전환 시 재개,단계 변경 감시표에서 해당 사업장 단계가 바뀌면 다시 열기,현재 단계상 아직 발생 전인 값으로 두고 단계 변경 때 재평가,project-notes/26-jyhy2024.md
S5-0122,S5,31,P1,구의/광진,광진구,26,자양한양아파트 재건축정비사업,추진위원회승인,core_gap_field,union_approval_date,조합설립인가일,promote_snippets_to_confirmed_values,,,,data/urban/text/files/26-11215NTC202406040002-26-11215NTC202406040002-notice_file-서울특별시_제2024-267호_고시.txt,,P0 2026-06-08 조합설립동의서 징구 전 추정분담금 산정 및 검증 / P0 2025-10-13 추정분담금 산정 용역업체 선정 입찰마감 연기 공고 / P0 2025-09-23 추정분담금 산정 용역업체 선정 입찰 공고,defer_stage_not_applicable,deferred,defer,svc-20260624-0237,2026-06-24 KST,codex_closure_triage_seed,closure_context_exact,matched,1,derived_from_existing_s1_s5_workbooks_and_review_logs,현재 사업 단계상 아직 적용 전인 필드라 deferred로 두고 단계 전환 시 재개,단계 변경 감시표에서 해당 사업장 단계가 바뀌면 다시 열기,현재 단계상 아직 발생 전인 값으로 두고 단계 변경 때 재평가,project-notes/26-jyhy2024.md
S5-0123,S5,32,P1,잠실/송파,송파구,20,마천1재정비촉진구역 주택재개발정비사업조합,조합설립인가,core_gap_field,notice_date,고시일,promote_snippets_to_confirmed_values,2026-05-28,2026-05-28,project_comparison_matrix,data/urban/text/files/20-11000NTC202606080004-20-11000NTC202606080004-notice_file-서울특별시_제2026-298호_고시문.txt,data/urban/text/files/20-11000NTC202606080004-20-11000NTC202606080004-notice_file-서울특별시_제2026-298호_고시문.txt,비교 매트릭스의 현재 구조화 값,confirm_structured_value,confirmed,confirm_from_notice_text,svc-20260624-0238,2026-06-24 KST,codex_manual_macheon1_notice_review,closure_context_exact,matched,1,manual_notice_text_review_2026_298,2026-298 원문 텍스트 제목부에서 고시일 `2026년 5월 28일`이 직접 확인돼 현재 구조화값 2026-05-28을 confirmed 처리한다.,confirmed 값을 비교표와 사업별 메모의 대표 고시일로 유지,이미 구조화된 값이 원문과 같은지 확인하고 confirmed 처리,project-notes/20-macheon-1.md
S5-0124,S5,32,P1,잠실/송파,송파구,20,마천1재정비촉진구역 주택재개발정비사업조합,조합설립인가,core_gap_field,notice_no,고시번호,promote_snippets_to_confirmed_values,2026-298,2026-298,project_comparison_matrix,data/urban/text/files/20-11000NTC202606080004-20-11000NTC202606080004-notice_file-서울특별시_제2026-298호_고시문.txt,data/urban/text/files/20-11000NTC202606080004-20-11000NTC202606080004-notice_file-서울특별시_제2026-298호_고시문.txt,비교 매트릭스의 현재 구조화 값,confirm_structured_value,confirmed,confirm_from_notice_text,svc-20260624-0239,2026-06-24 KST,codex_manual_macheon1_notice_review,closure_context_exact,matched,1,manual_notice_text_review_2026_298,2026-298 원문 텍스트 첫 줄의 `서울특별시고시 제2026-298호`가 직접 확인돼 현재 구조화값 2026-298을 confirmed 처리한다.,confirmed 값을 비교표와 사업별 메모의 대표 고시번호로 유지,이미 구조화된 값이 원문과 같은지 확인하고 confirmed 처리,project-notes/20-macheon-1.md
S5-0125,S5,32,P1,잠실/송파,송파구,20,마천1재정비촉진구역 주택재개발정비사업조합,조합설립인가,core_gap_field,management_approval_date,관리처분인가일,promote_snippets_to_confirmed_values,,,,data/urban/text/files/20-11000NTC202606080004-20-11000NTC202606080004-notice_file-서울특별시_제2026-298호_고시문.txt,,"P0 2026-03-05 협력업체[이주관리 및 세입자조사, 범죄예방] 선정 입찰공고 / P0 2026-04-16 회계 세무업무 대행업체 입찰 공고 / P0 2025-09-08 재정비촉진계획(정비계획) 변경의 입안 제안에 관한 동의서 징구 홍보요원 및 전산요원 채용공고",defer_stage_not_applicable,deferred,defer,svc-20260624-0240,2026-06-24 KST,codex_closure_triage_seed,closure_context_exact,matched,1,derived_from_existing_s1_s5_workbooks_and_review_logs,현재 사업 단계상 아직 적용 전인 필드라 deferred로 두고 단계 전환 시 재개,단계 변경 감시표에서 해당 사업장 단계가 바뀌면 다시 열기,현재 단계상 아직 발생 전인 값으로 두고 단계 변경 때 재평가,project-notes/20-macheon-1.md
S5-0126,S5,32,P1,잠실/송파,송파구,20,마천1재정비촉진구역 주택재개발정비사업조합,조합설립인가,core_gap_field,management_construction_cost,관리처분 공사비,promote_snippets_to_confirmed_values,,,,data/urban/text/files/20-11000NTC202606080004-20-11000NTC202606080004-notice_file-서울특별시_제2026-298호_고시문.txt,,"P0 2026-03-05 협력업체[이주관리 및 세입자조사, 범죄예방] 선정 입찰공고 / P0 2026-04-16 회계 세무업무 대행업체 입찰 공고 / P0 2025-09-08 재정비촉진계획(정비계획) 변경의 입안 제안에 관한 동의서 징구 홍보요원 및 전산요원 채용공고",defer_stage_not_applicable,deferred,defer,svc-20260624-0241,2026-06-24 KST,codex_closure_triage_seed,closure_context_exact,matched,1,derived_from_existing_s1_s5_workbooks_and_review_logs,현재 사업 단계상 아직 적용 전인 필드라 deferred로 두고 단계 전환 시 재개,단계 변경 감시표에서 해당 사업장 단계가 바뀌면 다시 열기,현재 단계상 아직 발생 전인 값으로 두고 단계 변경 때 재평가,project-notes/20-macheon-1.md
S5-0127,S5,32,P1,잠실/송파,송파구,20,마천1재정비촉진구역 주택재개발정비사업조합,조합설립인가,core_gap_field,project_approval_date,사업시행인가일,promote_snippets_to_confirmed_values,,,,data/urban/text/files/20-11000NTC202606080004-20-11000NTC202606080004-notice_file-서울특별시_제2026-298호_고시문.txt,,"P0 2026-03-05 협력업체[이주관리 및 세입자조사, 범죄예방] 선정 입찰공고 / P0 2026-04-16 회계 세무업무 대행업체 입찰 공고 / P0 2025-09-08 재정비촉진계획(정비계획) 변경의 입안 제안에 관한 동의서 징구 홍보요원 및 전산요원 채용공고",defer_stage_not_applicable,deferred,defer,svc-20260624-0242,2026-06-24 KST,codex_closure_triage_seed,closure_context_exact,matched,1,derived_from_existing_s1_s5_workbooks_and_review_logs,현재 사업 단계상 아직 적용 전인 필드라 deferred로 두고 단계 전환 시 재개,단계 변경 감시표에서 해당 사업장 단계가 바뀌면 다시 열기,현재 단계상 아직 발생 전인 값으로 두고 단계 변경 때 재평가,project-notes/20-macheon-1.md
S5-0128,S5,38,P1,잠실/송파,송파구,3,잠실우성아파트 재건축정비사업조합,조합설립인가,core_gap_field,total_households,총 세대수,fill_missing_core_fields,,"1.26; 105; 35층; 2; 1,000; 50; 250; 5층",notice_key_field_snippet,data/urban/text/files/03-11000NTC201512177681-03-11000NTC201512177681-notice_file-서울특별시2015-401.txt,data/urban/text/files/03-11000NTC201512177681-03-11000NTC201512177681-notice_file-서울특별시2015-401.txt,"1.26 이하 105m이하, /최고35층이하 신설 획지2 1,000 유치원 50 이하 250 이하 - 5층이하 주택의 규모 및 규모별 건설 비율 ◦건립규모 구분 세대수 비율(%) 비고 계 2,716 100.00% 60㎡이하 829 30.52% 소형주택: 390세대 (14.36%) 60~85㎡이하 999 36.78% 85㎡초과 || - 5층이하 주택의 규모 및 규모별 건설 비율 ◦건립규모 구분 세대수 비율(%) 비고 계 2,716 100.00% 60㎡이하 829 30.52% 소형주택: 390세대 (",fill_from_candidate_source,confirmed,direct_notice_value_confirmed,svc-20260624-0274,2026-06-24 KST,codex_manual_jamsilwoosung_notice_review,closure_context_exact,matched,2,manual_notice_text_review_2015_401,"2015-401 원문의 `정비사업 시행으로 증가예상 세대수` 문맥이 `현황 : 1,842세대`, `계획 : 2,716세대`, `증) 874세대`를 직접 보여줘 대표 총 세대수는 2,716으로 confirmed 처리한다.","confirmed 값을 비교표와 사업별 메모의 총 세대수로 채우고, 현황 1,842 및 증가 874는 메모에 함께 유지",후보 출처를 열어 값·기준시점·단위를 확인한 뒤 공란 보강,project-notes/03-q1qk5nf6.md
S5-0129,S5,45,P1,강남,강남구,6,대치우성1차아파트 재건축정비사업조합,사업시행인가,core_gap_field,building_coverage_ratio_pct,건폐율,promote_snippets_to_confirmed_values,50,2,cleanup_project_summary,data/urban/text/files/06-11000NTC201812171410-06-11000NTC201812171410-notice_file-서울시고시-제2018-399호.txt,https://cleanup.seoul.go.kr/cafe/mastr-cleanup-bsnsSumry/execute.do?cafeId=680900000617J84&stepSeCode=102&div=sumry,정보몽땅 사업개요 구조화 값,confirm_structured_value,confirmed,official_summary_and_notice_limit_split_anomalous_summary_value,svc-20260624-0246,2026-06-24 KST,codex_closure_triage_seed,closure_context_exact,matched,1,official_summary_and_2018_notice_cross_checked_with_manual_source_date_split,정보몽땅 사업개요는 건폐율 2%를 표시하지만 2018-399 변경고시는 공동주택 건폐율 50% 이하를 직접 제시한다. summary 표시값은 이상치로 보고 대표 공식값은 고시 한도 기준으로 보정하되 display에는 둘 다 남긴다.,비교표 display_values에 summary 2%와 2018-399 50% 이하를 병기,이미 구조화된 값이 원문과 같은지 확인하고 confirmed 처리,project-notes/06-woosung1.md
S5-0130,S5,45,P1,강남,강남구,6,대치우성1차아파트 재건축정비사업조합,사업시행인가,core_gap_field,floors,층수,promote_snippets_to_confirmed_values,지상:35/지하:4,지상:35/지하:4,cleanup_project_summary,data/urban/text/files/06-11000NTC201812171410-06-11000NTC201812171410-notice_file-서울시고시-제2018-399호.txt,https://cleanup.seoul.go.kr/cafe/mastr-cleanup-bsnsSumry/execute.do?cafeId=680900000617J84&stepSeCode=102&div=sumry,정보몽땅 사업개요 구조화 값,confirm_structured_value,confirmed,official_summary_and_notice_partial_basis_split,svc-20260624-0247,2026-06-24 KST,codex_manual_woosung1_notice_review,closure_context_exact,matched,1,official_summary_and_2018_notice_cross_checked_with_partial_direct_floor_basis,정보몽땅 사업개요는 지상35/지하4를 표시하고 2018-399 변경고시는 최고 35층 이하만 직접 제시한다. 지하층은 고시 직접값이 아니라는 점을 분리해 기록한다.,비교표 display_values에 지상35/지하4와 2018-399 최고 35층 이하를 병기,이미 구조화된 값이 원문과 같은지 확인하고 confirmed 처리,project-notes/06-woosung1.md
S5-0131,S5,45,P1,강남,강남구,6,대치우성1차아파트 재건축정비사업조합,사업시행인가,core_gap_field,max_height_m,최고높이,promote_snippets_to_confirmed_values,109,109,cleanup_project_summary,data/urban/text/files/06-11000NTC201812171410-06-11000NTC201812171410-notice_file-서울시고시-제2018-399호.txt,https://cleanup.seoul.go.kr/cafe/mastr-cleanup-bsnsSumry/execute.do?cafeId=680900000617J84&stepSeCode=102&div=sumry,정보몽땅 사업개요 구조화 값,confirm_structured_value,confirmed,record_values_by_source_date,svc-20260624-0248,2026-06-24 KST,codex_manual_woosung1_notice_review,closure_context_exact,matched,1,official_summary_and_2018_notice_cross_checked_with_source_date_split,"정보몽땅 사업개요는 최고높이 109m, 2018-399 변경고시는 110m 이하를 제시한다. 현재값과 변경고시 한도값을 시점별로 병기하고 대표 숫자는 109m를 유지한다.",비교표 display_values에 109m와 2018-399 110m 이하를 병기,이미 구조화된 값이 원문과 같은지 확인하고 confirmed 처리,project-notes/06-woosung1.md
S5-0132,S5,45,P1,강남,강남구,6,대치우성1차아파트 재건축정비사업조합,사업시행인가,core_gap_field,notice_date,고시일,promote_snippets_to_confirmed_values,2018-12-06,2018-12-06,project_comparison_matrix,data/urban/text/files/06-11000NTC201812171410-06-11000NTC201812171410-notice_file-서울시고시-제2018-399호.txt,data/urban/text/files/06-11000NTC201812171410-06-11000NTC201812171410-notice_file-서울시고시-제2018-399호.txt,비교 매트릭스의 현재 구조화 값,confirm_structured_value,confirmed,direct_notice_value_confirmed,svc-20260624-0249,2026-06-24 KST,codex_manual_woosung1_notice_review,closure_context_exact,matched,1,direct_notice_value_confirmed_from_title_and_sibo_header,고시 원문 제목부와 서울시보 헤더에서 고시일 2018-12-06이 직접 확인된다.,confirmed 유지,이미 구조화된 값이 원문과 같은지 확인하고 confirmed 처리,project-notes/06-woosung1.md
S5-0133,S5,45,P1,강남,강남구,6,대치우성1차아파트 재건축정비사업조합,사업시행인가,core_gap_field,notice_no,고시번호,promote_snippets_to_confirmed_values,2018-399,2018-399,project_comparison_matrix,data/urban/text/files/06-11000NTC201812171410-06-11000NTC201812171410-notice_file-서울시고시-제2018-399호.txt,data/urban/text/files/06-11000NTC201812171410-06-11000NTC201812171410-notice_file-서울시고시-제2018-399호.txt,비교 매트릭스의 현재 구조화 값,confirm_structured_value,confirmed,direct_notice_value_confirmed,svc-20260624-0250,2026-06-24 KST,codex_manual_woosung1_notice_review,closure_context_exact,matched,1,direct_notice_value_confirmed_from_title_and_sibo_header,고시 원문 제목부에서 서울특별시고시 제2018-399호가 직접 확인된다.,confirmed 유지,이미 구조화된 값이 원문과 같은지 확인하고 confirmed 처리,project-notes/06-woosung1.md
S5-0134,S5,45,P1,강남,강남구,6,대치우성1차아파트 재건축정비사업조합,사업시행인가,core_gap_field,district_area_sqm,정비구역 면적,promote_snippets_to_confirmed_values,"28,793","28,793",cleanup_project_summary,data/urban/text/files/06-11000NTC201812171410-06-11000NTC201812171410-notice_file-서울시고시-제2018-399호.txt,https://cleanup.seoul.go.kr/cafe/mastr-cleanup-bsnsSumry/execute.do?cafeId=680900000617J84&stepSeCode=102&div=sumry,정보몽땅 사업개요 구조화 값,promote_notice_snippet,confirmed,direct_notice_value_confirmed,svc-20260624-0251,2026-06-24 KST,codex_manual_woosung1_notice_review,closure_context_exact,matched,1,direct_notice_value_confirmed_from_change_table,"2018-399 변경고시 정비구역 조서에서 변경 후 정비구역 면적 28,793㎡가 직접 확인된다.",confirmed 유지,원문 스니펫의 숫자·단위·행 제목을 확인해 confirmed/pending/conflict 결정,project-notes/06-woosung1.md
S5-0135,S5,45,P1,강남,강남구,6,대치우성1차아파트 재건축정비사업조합,사업시행인가,core_gap_field,floor_area_ratio_pct,용적률,promote_snippets_to_confirmed_values,300,300,cleanup_project_summary,data/urban/text/files/06-11000NTC201812171410-06-11000NTC201812171410-notice_file-서울시고시-제2018-399호.txt,https://cleanup.seoul.go.kr/cafe/mastr-cleanup-bsnsSumry/execute.do?cafeId=680900000617J84&stepSeCode=102&div=sumry,정보몽땅 사업개요 구조화 값,promote_notice_snippet,confirmed,official_summary_and_notice_far_tiers_split,svc-20260624-0252,2026-06-24 KST,codex_manual_woosung1_notice_review,closure_context_exact,matched,1,official_summary_and_2018_notice_far_tiers_cross_checked,"정보몽땅 사업개요는 300%를 표시하고 2018-399 변경고시는 허용 230%, 개발가능 265.76%, 정비계획 250.0%, 법적상한 299.99%를 분리해 제시한다. summary 반올림값과 원문 tier를 함께 유지한다.",비교표 display_values에 300%와 2018-399 FAR tiers를 병기,원문 스니펫의 숫자·단위·행 제목을 확인해 confirmed/pending/conflict 결정,project-notes/06-woosung1.md
S5-0136,S5,45,P1,강남,강남구,6,대치우성1차아파트 재건축정비사업조합,사업시행인가,core_gap_field,total_households,총 세대수,promote_snippets_to_confirmed_values,725,626,cleanup_project_summary,data/urban/text/files/06-11000NTC201812171410-06-11000NTC201812171410-notice_file-서울시고시-제2018-399호.txt,https://cleanup.seoul.go.kr/cafe/mastr-cleanup-bsnsSumry/execute.do?cafeId=680900000617J84&stepSeCode=102&div=sumry,정보몽땅 사업개요 구조화 값,promote_notice_snippet,confirmed,source_date_split_official_summary_and_notice_values,svc-20260624-0253,2026-06-24 KST,codex_manual_woosung1_notice_review,closure_context_exact,matched,1,official_summary_and_2018_notice_household_split_cross_checked,"정보몽땅 사업개요는 분양 합계 626세대, 2018-399 변경고시는 주택공급계획 합계 725세대, 같은 고시 시행계획 표는 계획 755세대를 제시한다. 비교표 대표 총세대수는 직접 고시 주택공급계획 725세대로 보정하고 시점 차이는 display에 남긴다.",비교표 total_households_official을 725로 보정하고 626/725/755를 병기,원문 스니펫의 숫자·단위·행 제목을 확인해 confirmed/pending/conflict 결정,project-notes/06-woosung1.md
S5-0137,S5,45,P1,강남,강남구,6,대치우성1차아파트 재건축정비사업조합,사업시행인가,core_gap_field,management_approval_date,관리처분인가일,promote_snippets_to_confirmed_values,,,,data/urban/text/files/06-11000NTC201812171410-06-11000NTC201812171410-notice_file-서울시고시-제2018-399호.txt,,P1 2025-03-25 감정평가업체 선정 입찰 공고 / P1 2025-03-25 교통영향평가 업체 선정 입찰 공고 / P1 2025-03-25 환경영향평가업체 선정 입찰 공고,defer_stage_not_applicable,deferred,defer_stage_not_applicable,svc-20260624-0254,2026-06-24 KST,codex_manual_woosung1_notice_review,closure_context_exact,matched,1,current_project_stage_is_implementation_approval_so_management_stage_not_applicable_yet,현재 공개 단계가 사업시행인가이므로 관리처분인가일은 아직 적용 전 필드다. 단계 전환 전까지 deferred로 둔다.,단계 변경 감시표에서 관리처분인가 단계 진입 시 재개,현재 단계상 아직 발생 전인 값으로 두고 단계 변경 때 재평가,project-notes/06-woosung1.md
S5-0138,S5,45,P1,강남,강남구,6,대치우성1차아파트 재건축정비사업조합,사업시행인가,core_gap_field,management_construction_cost,관리처분 공사비,promote_snippets_to_confirmed_values,,,,data/urban/text/files/06-11000NTC201812171410-06-11000NTC201812171410-notice_file-서울시고시-제2018-399호.txt,,P1 2025-03-25 감정평가업체 선정 입찰 공고 / P1 2025-03-25 교통영향평가 업체 선정 입찰 공고 / P1 2025-03-25 환경영향평가업체 선정 입찰 공고,defer_stage_not_applicable,deferred,defer_stage_not_applicable,svc-20260624-0255,2026-06-24 KST,codex_manual_woosung1_notice_review,closure_context_exact,matched,1,current_project_stage_is_implementation_approval_so_management_stage_not_applicable_yet,확정된 사업비 및 분담금 공개도 아직 관리처분 단계 전이라 적용 전 필드다. 관리처분 단계 전환 전까지 deferred로 둔다.,단계 변경 감시표에서 관리처분인가 단계 진입 시 재개,현재 단계상 아직 발생 전인 값으로 두고 단계 변경 때 재평가,project-notes/06-woosung1.md
